Ndwedwe_Plaaslike_Munisipaliteit	55156
Vredefort-koepel	11970
Jacobsbaai	13033
Misgund	64479
O.R._Tambo_Internasionale_Lughawe	33409
Loerie	55231
Jeffreysbaai	53568
Kyalami_Grand_Prix-renbaan	99394
Zonnebloem	57367
Namibwoestyn	55941
Tsomorivier	71085
FIFA_Sokker-Wêreldbekertoernooi_in_2010	15283
Departement_van_Basiese_Onderwys	59626
Retreat	57688
Gariepdam_(dorp)	57531
Infanta	56715
Katrivier	66445
Goedverwacht	64397
Gamkarivier	50798
Higgovale	57276
Koffiebaai	56655
Marico-Bosvelddam	54341
Grocott's_Mail	34352
Leeudoringstad	53148
Aliwal-Noord	6816
Christuskerk,_Windhoek	47766
Kompasberg	54737
Genadendal	7340
Pomeroy	52974
Makwassie	53102
Amatholeberge	71847
Arandis	57792
Grootrivier_(Tuinroete)	60625
Bantrybaai	57370
Napoléon_Eugène_Louis_Bonaparte	87126
Wieg_van_die_Mensdom	25061
Mamelodi	78383
Agulhasbank	68640
Edenville	36223
Setsoto_Plaaslike_Munisipaliteit	55288
Oos-Kaap	239
Mkhondo_Plaaslike_Munisipaliteit	54841
Llandudno	50737
Kaokoland	75593
Mtwalume	60184
Steynsburg	54318
Bizana	53570
Thembisile_Hani_Plaaslike_Munisipaliteit	54789
Kagisano_Plaaslike_Munisipaliteit	55277
Bronkhorstspruit_(rivier)	71262
L'Agulhas	58792
Eksteenfontein	66473
Westdenedam-ramp	45356
Senekal	17481
Suiderstrand	58883
Verulam	36090
Mokala_Nasionale_Park	59771
Brackenfell	46032
Smartt-sindikaatdam	88988
Roodepoort	4591
Langebaan	13026
Herbertsdale	48455
Tsakane	87231
Wes-Kaap	374
NG_gemeente_Kaapstad	21238
Arlington,_Vrystaat	17601
Bloukransrivierbrug	25125
Praegville,_Gauteng	57824
Kgatelopele_Plaaslike_Munisipaliteit	55096
Alberton	15562
Greylingstad	35803
Somerset-Wes	20442
Balfour,_Oos-Kaap	21387
Baardskeerdersbos	65636
Willem_Pretorius-wildreservaat	71332
Kenton-on-Sea	56870
Hoba-meteoriet	58234
Swartruggens	52897
Palmietrivier	60539
Sabi_Sand-wildreservaat	73653
Jukskeirivier	88175
Giant's_Castle	86418
Wonderboom-natuurreservaat	88020
Qunu	269
De_Aar	37533
Umzimkhulu_Plaaslike_Munisipaliteit	55034
Vishoek	21233
Karnmelkspruit	85090
ESikhawini	59997
Majuba-kragstasie	93885
Secunda	34181
Seepunt	34265
Oshakati	74248
Kakamas	52444
Kylemore	60610
Sambesi	52211
Parow	18380
Patensie	53223
Nieuwoudtville	53341
Tugela-Vaal-waterprojek	56591
Wasbank	55283
Hoekwil	24448
Warrenton,_Noord-Kaap	33684
Bakerville	53150
Helpmekaar,_KwaZulu-Natal	56987
Slangrivier	56610
Loxton	43266
Malgas_(eiland)	64575
Pinelands	20490
Hillbrow-toring	9356
Alice,_Oos-Kaap	5
Brandwag	77107
Hoërskool_Jan_van_Riebeeck	20206
Noordoewer	55953
Caledon	20436
Pretoria_Boys_High_School	66216
Cacadu-distriksmunisipaliteit	37993
Oranjerivier	5390
Bela-Bela_Plaaslike_Munisipaliteit	55066
Mpofana_Plaaslike_Munisipaliteit	54956
Kanana	85757
Churchilldam	96510
Waterberg-steenkoolveld	87600
Kaapstad_Internasionale_Lughawe	33845
Irene	32270
Kenilworth	57749
Ithala-wildreservaat	71339
Op-die-Berg	60554
Masilonyana_Plaaslike_Munisipaliteit	54679
Brandfort	35710
Bellville	11161
Robertson	16359
Randfontein_Plaaslike_Munisipaliteit	55147
Madibeng_Plaaslike_Munisipaliteit	55136
Naboomspruit	35505
Lugmagbasis_Durban	88542
Makhuduthamaga_Plaaslike_Munisipaliteit	55016
N1_(Suid-Afrika)	31516
Ncora	56782
Paulpietersburg	50366
NG_gemeente_Calvinia	82146
Bram_Fischer_Internasionale_Lughawe	71213
Gaza_(provinsie)	58265
Houtbaai	16380
Observatory	46255
Wolwedansdam	48444
Springbokvlakte	56454
Kwenadam	54154
Solitaire	95132
Wetenskaplike_en_Nywerheidnavorsingsraad	69426
Bulwer	56928
!Kheis_Plaaslike_Munisipaliteit	55031
Port_Elizabeth_Provinsiale_hospitaal	90124
Hoërskool_Eben_Dönges	46473
EThekwini_Metropolitaanse_Munisipaliteit	38006
Fort_Beaufort	13099
Hluleka-natuurreservaat	75290
Eccapas	63657
Tankwa_Karoo_Nasionale_Park	22816
Bitou_Plaaslike_Munisipaliteit	54743
Peddie	53569
Loeriesfontein	35804
KwaDukuza_Plaaslike_Munisipaliteit	55155
Frankfort	17603
Riviersonderend	55895
Ntabankulu_Plaaslike_Munisipaliteit	55049
Groot-Letabarivier	71216
Karoo_Hoogland_Plaaslike_Munisipaliteit	54901
Clarens,_Vrystaat	17477
Liesbeek	85658
Cresslawn	58995
Klapmuts	60599
Nzheleledam	77108
Kranshoek	85636
Bethulie	16341
Bloukranspas_(Oos-Kaap)	66461
Kasteel_die_Goeie_Hoop	9553
Dalton	53543
Kliptown	15265
Mkhambathini_Plaaslike_Munisipaliteit	55219
Leeukop	57306
Witbankdam	71246
Royal_Natal_Nasionale_Park	71341
Florisbad	57644
Dannhauser_Plaaslike_Munisipaliteit	54854
Beaufort-Wes	6817
Nigel	21267
Parade	90542
Metsimaholo_Plaaslike_Munisipaliteit	54689
Matatiele_Plaaslike_Munisipaliteit	55047
Adelaide,_Oos-Kaap	13098
Wolkberg	71253
Mitchells_Plein	57416
Sondagsriviervallei_Plaaslike_Munisipaliteit	54638
Ramatlabama	55920
Engcobo_Plaaslike_Munisipaliteit	54666
Tabankulu	56696
Bokspits	78718
Lüderitz	28501
Carlton-sentrum	72563
Kalbaskraal	60585
Leeurivier	58293
George_Plaaslike_Munisipaliteit	54745
Lugmagbasis_Waterkloof	87238
Kaapstadse_Internasionale_Konferensiesentrum	99452
Lephalale	36091
Kaapprovinsie	18517
Taung	10212
Thulamela_Plaaslike_Munisipaliteit	54980
N10_(Suid-Afrika)	49466
Warmbad,_Namibië	37405
Tugelarivier	9683
Steinkopf	20071
Wupperthal	17347
Oos-Caprivi	75590
Kuilsrivier	27693
Rundu-lughawe	94745
Hopetown	20113
Mahlamba_Ndlopfu	64420
Umbumbulu	70797
Nelspoort	55358
Koning_Shaka_Internasionale_Lughawe	60742
Nasionale_Vrouemonument	16741
Vhembe-distriksmunisipaliteit	30302
Trafalgar,_KwaZulu-Natal	90431
Tlokwe_Plaaslike_Munisipaliteit	55173
Emnambithi/Ladysmith_Plaaslike_Munisipaliteit	55269
Ellispark-stadion	15402
Kayamandi	36449
Verkykerskop	56952
Overstrand_Plaaslike_Munisipaliteit	54761
Komanirivier	72299
Groot_Marico	55370
Namakwa_Nasionale_Park	71329
Oviston	54345
Welkom	372
Bosluiskloofpas	63081
Sudwalagrotte	56396
Pretoria-Noord	88062
Eerste_Vryheidsoorlog	10211
Marble_Hall	17380
Brittaniabaai	65356
ǀǀKaras	36021
Ingula_pomp-opgaarskema	85270
Garies	19993
MuseuMAfricA	71016
Vrystaat	354
Tuine,_Kaapstad	85811
Badplaas	18242
Roodeplaat-natuurreservaat	88735
Burgerspark	17819
Riebeek-Oos	52393
Makana_Plaaslike_Munisipaliteit	54632
Thaba_Chweu_Plaaslike_Munisipaliteit	54725
Ohrigstad	10804
Slag_van_Majuba	10196
Rondebosch_Meent	89106
Despatch	23624
Richmond,_KwaZulu-Natal	55159
Warmbad	32211
Allanridge	36119
Katima_Mulilo-lughawe	88432
Tweespruit	36257
Port_Nolloth	20127
Rietfontein,_Gauteng	71089
Kaaimansrivier	64815
Orania	6412
Pierre_van_Ryneveldpark	72280
Marion-eiland	53643
Moqhaka_Plaaslike_Munisipaliteit	54687
Windplaas	54055
Moltenopas	61436
Clanwilliamdam	54119
Venterskroon	56411
UMngeni_Plaaslike_Munisipaliteit	55045
Suid-Afrikaanse_Nasionale_Parke	71351
Ebenhaeser	60557
Beervleidam	55940
Augrabies	52450
Tshwane-Universiteit_vir_Tegnologie	46153
Du_Noon	75935
Siyabuswa	55036
Maruleng_Plaaslike_Munisipaliteit	27784
Oceanos_(skip)	75889
Hartbeesfontein	56425
Chuniespoort	55814
Waterval_Boven	52601
Whites	58395
Mokopane	32405
Port_Alfred	10817
Gamkaskloof	16327
Lidgetton	58694
Heathfield	50746
Menlopark,_Pretoria	72285
Humansdorp	39876
New_Guelderland	18014
Riversdal	34302
Kendal-kragstasie	93948
Soutpansnek	63716
Newcastle,_KwaZulu-Natal	31457
Nelspruit	216
Wêrelderfenisgebiede_in_Suid-Afrika	22169
Langa	57372
Rivonia	82629
Rietrivier	55911
Universiteit_van_Pretoria	21260
Weenen	13045
Simonstad	14875
Verlorevlei	93391
Vryheid,_KwaZulu-Natal	18306
Wynberg	20882
Askham	78450
Felixton	58686
Stormsrivier	56888
Khomas	36025
Klipplaat	53573
Kaapse_floraryk	13864
Norvalspont	54116
Suid-Afrikaanse_Grensoorlog	68499
Goodhouse	20265
Bekkersdal	86929
Nieu-Bethesda	5409
Philippi	57494
Mosselbaai_Plaaslike_Munisipaliteit	54744
Wingate_Park	72278
Darnall	58679
Langebaanweg	58769
Constantia	10807
Bloemhof	49511
Brandvlei	54308
Mogale_City_Plaaslike_Munisipaliteit	55146
Rawsonville	54610
Nasionale_Dieretuin_van_Suid-Afrika	88149
Herold	56643
Swakoprivier	87163
Tsolo	56695
Potsdam,_Oos-Kaap	33968
Venterstad	52457
Alexandra	46293
Kleinfontein	46286
Elgin	60558
Worcester	20118
Motheo-distriksmunisipaliteit	38002
Ogies	53552
Ou_Nederlandsche_Bank	95141
Campbell	43262
Wagendriftdam	59746
Binfield_Parkdam	71746
Chris_Hani_Baragwanath-hospitaal	38231
Edgemead	57294
Spioenkopdam	54140
Heyshopedam	54164
Setlagole	57953
Aurora,_Wes-Kaap	20120
Mandeni	55400
Haenertsburg	50787
Petrusville	52445
Kinross	43188
Gert_van_Rooyen	83725
Bishopscourt	50739
NG_gemeente_Barrydale	75996
Schotsche_Kloof	57360
Buffelsrivier_(KwaZulu-Natal)	67291
Lady_Frere	51265
Prins_Eduard-eilande	53626
Cofimvaba	55035
Kaap_die_Goeie_Hoop	3240
Berlyn,_Oos-Kaap	80954
Hilton	27248
Mahikeng	195
Elim,_Wes-Kaap	17339
Dobsonville	87096
Buccleuch	57857
New_Brighton	69355
Msunduzi-rivier	66670
Langeberg	21068
Parys,_Vrystaat	8183
Sibayameer	56561
Victor_Khanye_Plaaslike_Munisipaliteit	54788
Suid-Afrikaanse_Erfenishulpbronagentskap	55808
Merweville	18192
Alexandria,_Oos-Kaap	56872
Hankey	53222
Soweto	31878
Bloemfontein	32
Hoërskool_Stellenbosch	49518
Deneysville	36991
Steytlerville	52458
Joubertpark	90384
Hertzogville	36225
Petrus_Steyn	17602
Spreetshoogtepas	66535
Underberg	50391
Ballito	55889
Dikgatlong_Plaaslike_Munisipaliteit	54960
Kromdraai-fossielterrein	85606
Table_View	18350
Mabula-wildreservaat	71327
Vaalkopdam	87929
Birdhaven,_Gauteng	57826
Marabastad	17430
Nkandla_Plaaslike_Munisipaliteit	55245
Kaapstad	167
Lugmagbasis_Bloemspruit	87770
Etoshapan	17771
Xilinxadam	73502
Magogong	44057
Loopspruit	43187
Suid-Afrikaanse_Reserwebank	7280
Kroondal	56432
Visrivier	25180
Tweebuffelsmeteenskootmorsdoodgeskietfontein	5916
Kimberley	171
Winterberge	84237
Anysbergnatuurreservaat	74814
Vaalbank	43387
Motherwell	86596
Lugmagbasis_Makhado	87234
Eshowe	50294
Saron	60617
Steynsrus	36230
Satansnek	79692
Rosendal	17714
Limpopo	185
Melrose-Huis	17821
Kleinbaai	60608
Suid-Afrika	287
Zululand-distriksmunisipaliteit	38015
Rosebank	21090
Limpopo_Nasionale_Park	11799
Maletswai_Plaaslike_Munisipaliteit	54706
Kougarivier	88565
Bo-Kaap	17365
Rooikrantzdam	73504
Sisonke-distriksmunisipaliteit	38008
Buffalo_City_Metropolitaanse_Munisipaliteit	54848
Gariepdam	9995
Inxuba_Yethemba_Plaaslike_Munisipaliteit	54661
Walter_Sisulu-nasionale_botaniese_tuin	85076
Tshipise_(dorpie)	82449
Die_Kelders	58803
Rhodes,_Oos-Kaap	21383
Groenkloof-natuurreservaat	80934
Gordonsbaai	10858
Hoedspruit	43185
Slag_van_Vlakfontein	84949
KwaZulu-Natal	172
Bosbokrand_Plaaslike_Munisipaliteit	54727
Omuthiya	53324
Newcastle_Plaaslike_Munisipaliteit	54856
Bruidsluierwaterval	54354
Omaruru	13176
Vaalrivier	9795
Sterkspruit	78422
Fauresmith	36158
UMshwathi_Plaaslike_Munisipaliteit	55044
Maluti	83750
Hoërskool_Menlopark	51729
Waterval_Onder	58091
Union_Carriage_&_Wagon	93294
Kroonstad	169
Bezuidenhoutspas	87160
Witwatersrand	16366
Porterville	20203
Volksrust	18248
Impendle_Plaaslike_Munisipaliteit	55043
Menlyn_Park	87988
Lansdowne	52442
Letabarivier	71179
Bochum,_Limpopo	64437
Namakgale	64802
Kwa_Sani_Plaaslike_Munisipaliteit	55412
Prins_Albert	18202
Lutzville	20432
Ponte-toringgebou	72715
Inanda,_KwaZulu-Natal	88586
Shelly_Beach	71092
Royal_Bafokeng-stadion	47800
Muldersdrift	55161
Noord-Kaap	210
Brandvlei-gevangenis	85110
Elsieskraalrivier	85899
Leliefontein	21165
Zeerust	43398
Beleg_van_Mafeking	14717
Slag_van_Spioenkop	7095
Duikereiland	69540
Nababeep	52449
Ventersdorp	35834
Vanwyksdorp	18313
Ficksburg	17712
Swartkrans	85607
Ladybrand	17711
Satyagraha_Huis	79320
Boegoebergdam	54483
Glenwood	57841
Bonteheuwel	57600
Colenso	34275
Rundu	36015
Joe_Morolong_Plaaslike_Munisipaliteit	55032
Swartberg	36177
Bellrivier	85879
Tuinroete_Nasionale_Park	71350
Mabopane	47794
Nasionale_Etoshawildtuin	19737
Penge	56459
Sodwanabaai	56562
Otjozondjoepa	36026
Braamfontein	86624
Springfontein	36229
Tsomo	56656
Clifton	57295
Clocolan	17556
Nketoana_Plaaslike_Munisipaliteit	55301
Piet_Retief,_Mpumalanga	18245
Imbabazane_Plaaslike_Munisipaliteit	55267
Lugmagbasis_Overberg	87233
Musina_Plaaslike_Munisipaliteit	54993
Franschhoekpas	63121
Dundee	55282
Naudésnekpas	54837
Oesterbaai	71796
Amajuba-distriksmunisipaliteit	38005
Wyliespoort	55962
Kurland	60609
Uitenhage	13051
Faliraki	50652
Kings_Park-stadion	34994
Oranje-Vrystaat	5448
Umsobomvu_Plaaslike_Munisipaliteit	54779
Lüneberg	57221
Bethelsdorp	21252
Lynnwood	72294
Leeuwenhof	59574
Govan_Mbeki_Plaaslike_Munisipaliteit	54825
Tswaing_Plaaslike_Munisipaliteit	54899
N3_(Suid-Afrika)	49459
Oudtshoorn_Plaaslike_Munisipaliteit	54747
Albertinia	53717
Maltahöhe	22468
Ottoshoop	53151
Whittlesea	56725
Kala	56799
Manie_van_der_Schijff_Botaniese_Tuin	97050
Alexander_Biggar	94232
Keimoes	52167
Weskus_Nasionale_Park	67716
Agulhas_Nasionale_Park	22809
Kleinmond	14100
Groenkloof	17453
George	7894
Transkei	15543
Fynbos	6452
Gydopas	54539
Suider-Afrikaanse_Groot_Teleskoop	8721
Pienaarsrivier_(dorpie)	58464
De_Wildt	55369
Macassar	60636
Ezinqoleni_Plaaslike_Munisipaliteit	55551
Drieankerbaai	45824
Groot_Kei_Plaaslike_Munisipaliteit	54653
Nelson_Mandelabaai_Metropolitaanse_Munisipaliteit	37999
Blyderivier	71902
Mahlabatini	49003
Tussen-die-Riviere_Wildreservaat	74345
Paulshof	57858
Uniondale	47058
Heroldsbaai	48079
Ruiterhof,_Gauteng	57827
Alicedale	54344
Blyderivierspoort	31865
Simondium	52433
UThungulu-distriksmunisipaliteit	38014
Cedarville	53542
Umzimvubu_Plaaslike_Munisipaliteit	54722
Komga	54355
Maluti-a-Phofung_Plaaslike_Munisipaliteit	55410
Monument_Park	72282
Lukhanji_Plaaslike_Munisipaliteit	54657
Joubertspas	63666
Vanderkloofdam	54086
Mangaung_Metropolitaanse_Munisipaliteit	54760
Thaba_Nchu	57509
Percy_Fitzpatrick	84091
Winburg	34303
Lenasia	78384
Dibeng	57952
Midrand	58609
Elundini_Plaaslike_Munisipaliteit	54703
Umtshezi_Plaaslike_Munisipaliteit	55268
Nylsvley-natuurreservaat	71344
Kunstekaap-teatersentrum	73509
Willowmore	47057
Lugmagbasis_Langebaanweg	87306
Kaap_Kruis	94999
Sakhisizwe_Plaaslike_Munisipaliteit	54659
Groenpunt	57734
Devon,_Gauteng	58055
Rietvleirivier	72126
Mdantsane	85269
Zuid-Afrikaansche_Republiek	383
Ocean_View,_Kaapstad	58946
Deneys_Reitz	56558
Tarkastad	53226
Saartjie_Baartman	88222
Oranjemund	13136
Cathcart	40548
Louwsburg	37479
Lebowakgomo	53681
Vereeniging	20714
Paterson	54357
Amalia	53208
Tokologo_Plaaslike_Munisipaliteit	54681
Ncandu-waterval	31508
Deelfontein	57864
Vaalhoek	78716
Lejweleputswa-distriksmunisipaliteit	38001
Memel,_Vrystaat	17559
Boksburg	15609
Slag_van_Paardeberg	29437
Slag_van_Bakenlaagte	86758
Kenilworth,_Gauteng	94156
Pilanesberg	93291
Eureka-diamant	85567
William_Humphreys-kunsgalery	92733
Skukuza-lughawe	87781
Eden-distriksmunisipaliteit	37988
Steenbrasdam	55896
Baviaanskloofrivier	88567
Tsantsabane_Plaaslike_Munisipaliteit	55030
Groot-Keirivier	57290
Nokeng_tsa_Taemane_Plaaslike_Munisipaliteit	55342
Prins_Eduard-eiland	53641
De_Hoop-natuurreservaat	58871
Phuthaditjhaba	17606
Vrystaat-stadion	24962
Strand,_Wes-Kaap	20613
Ceres	20079
Witteberg	82537
Lugmagbasis_Ysterplaat	87247
AMatikulu	58680
Ngquza_Hill_Plaaslike_Munisipaliteit	54766
Maynardville-opelugteater	73801
Upington	347
Ngwathe_Plaaslike_Munisipaliteit	54688
Drie_Susters	54500
Nqamakwe	56765
Wesselsbron	36280
Daspoorttonnel	59656
Tsitsikamma_Nasionale_Park	61945
Helderberg	15628
Slag_van_die_Twee_Riviere	16856
Dwesa-natuurreservaat	77201
Comrades-maraton	3699
Langeberg_Plaaslike_Munisipaliteit	54749
Wesley	56873
Jozini_Plaaslike_Munisipaliteit	55220
N2_(Suid-Afrika)	31530
Mohlakeng	86998
Dihlabeng_Plaaslike_Munisipaliteit	55290
Geysdorp	56859
Riemvasmaak	55919
Kimberley-lughawe	86928
Mogalakwena_Plaaslike_Munisipaliteit	55024
Ulundi_Plaaslike_Munisipaliteit	54868
Rosettenville	45674
Skipskop	92638
Ubuntu_Plaaslike_Munisipaliteit	54781
Kawango	36022
Grootfonteinlughawe	88407
Msunduzi_Plaaslike_Munisipaliteit	54870
UMzinyathi-distriksmunisipaliteit	38012
Groblershoop	38313
Nottingham_Road	17996
Postmasburg	14876
Tsitsikammaberge	55251
Vanderkloof	54312
Carolina	18239
Aberdeen,_Oos-Kaap	13096
Intsika_Yethu_Plaaslike_Munisipaliteit	54658
Paarl	8269
Guinasmeer	72326
Duitse_Ambassade_in_Windhoek	48930
Grootfontein	33087
ISithebe	58684
Monte_Vista	51069
Van_Riebeeckpark	58955
Tugela	54271
Seal_Point-vuurtoring	17392
Mpumalanga,_KwaZulu-Natal	86406
Fernkloof-natuurreservaat	93804
Louterwater	58739
Nahoondam	76231
Seweweekspoort	54732
5FM	43598
Pixley_ka_Seme_Plaaslike_Munisipaliteit	54842
Henley_on_Klip	58938
Thabazimbi_Plaaslike_Munisipaliteit	54991
Stellaland	13160
Long_Tompas	54693
Dysselsdorp	17356
Pixley_ka_Seme-distriksmunisipaliteit	38119
Pumastadion	57637
Pampierstad	70630
Port_St._Johns	54504
Trichardt	53085
Nuweland	20881
Kwambonambi	5471
Roman_Rock-vuurtoring	17377
Sandfontein	99603
Polokwane_Plaaslike_Munisipaliteit	54978
Mvezo	49169
Kaapse_Skiereiland	17403
Mier_Plaaslike_Munisipaliteit	54946
N7_(Suid-Afrika)	49463
Excelsior,_Vrystaat	20197
Steve_Tshwete_Plaaslike_Munisipaliteit	54728
Kunene	51033
St._Helenabaai	54820
Pniel	57384
Constantiapark	72293
1_Owambo_Bataljon	32587
Natal_(provinsie)	25623
Hibberdene	53540
Algoabaai	52792
Dr._J.S._Moroka_Plaaslike_Munisipaliteit	55029
Hoërskool_Grey	56644
Rietvlei_Natuurreservaat	94575
Bloukranspas_(Noord-Kaap)	66462
Slag_van_Bloedrivierpoort	86756
Kirstenbosch	6755
Koppies	36226
Wittedrif	60622
Groote_Schuur-hospitaal	32277
Bridle_Driftdam	72227
Franschhoek	10840
Vermaaklikheid	64469
UPhongolo_Plaaslike_Munisipaliteit	54869
Ulundi	50285
Otjikotomeer	72328
Queen's_College	20302
Krugerhuis	22896
Qamata	56780
Crawford	57389
Drakenstein-gevangenis	85054
Twyfelfontein	95229
Oos-Londen	240
Glückstad	57144
Waenhuiskrans	54561
Estcourt	50214
Theewaterskloof_Plaaslike_Munisipaliteit	54763
Joubertina	26056
Hermon	57383
Universiteit_van_Namibië	34485
Barrydale	17354
Kokstad	17655
Kwandorivier	72146
Langstrand	24460
Chantelle	88058
Edenvale	21058
Herschel	47067
Nelspruit-lughawe	39161
Matlosana_Plaaslike_Munisipaliteit	55178
Fraserburg	1377
Ventersburg	36135
KwaDukuza	37470
Aranos	57837
Nyoni	58683
Masiphumelele	57695
Katberg	84903
Kgalagadi-vredespark	75232
Hlabisa	55393
Kagisano-Molopo_Plaaslike_Munisipaliteit	55274
Overberg	14102
Fisherhaven	60547
Grootmis	58027
Hattingspruit	37338
Lekwa-Teemane_Plaaslike_Munisipaliteit	55176
Morganbaai	65269
Komaggas	58031
Union's_End	92632
Letsemeng_Plaaslike_Munisipaliteit	54701
Centurion	9915
Randburg	36329
De_Doorns	53809
Southbroom	70724
Molteno,_Oos-Kaap	52181
Boetsap	60555
Charlestown,_KwaZulu-Natal	50332
Bloemhofdam	52200
Ottery	57392
Rehoboth	34665
Centurion_(Gautrein-stasie)	92824
Rosebank,_Gauteng	48254
Kamieskroon	19994
Waterkloofrif	72284
Lady_Grey	21467
Klipvoordam	72004
Niekerkshoop	53219
Klaas_Smitsrivier	83557
Steenberg	12705
Rosetta,_KwaZulu-Natal	58693
Claremont,_Kaapstad	21181
Hazyview	36559
Slag_van_Vaalkrans	57256
Viljoenshof	47281
Buffelsbaai	54305
Afrikaanse_Taalmonument	10129
Killianspas	63672
Henkries	20264
Groot-Visrivier-natuurreservaat	71331
Lulekani	71068
Clanwilliam	19997
Kaap_St_Francis	65311
Vioolsdrif	20069
Tweeling,_Vrystaat	17716
Smithfield	35716
Lubisidam	54137
Mouillepunt	57368
Diepsloot	56502
Amahlathi_Plaaslike_Munisipaliteit	54642
Queenstown	10732
Rietvleidam	72027
Kaapstad-stadion	43366
Hermanus	21848
Noordhoek	54567
Mariental	21108
Sondagsrivier	54279
Kogelberg-natuurreservaat	74792
Pearston	47088
Matjiesfontein	14873
Keurboomsrivier	60127
Koeberg	9289
Mmabatho	63913
Swakopmund	13139
Sannieshof	39389
Delft,_Kaapstad	85810
Bothasig	54524
Libode	53572
Vaaldam	39992
Moses_Kotane_Plaaslike_Munisipaliteit	55139
Kompanjiestuin	37519
Braunschweig,_Oos-Kaap	50417
Petrusburg	36228
Barberton	19677
Ou_Raadsaal,_Pretoria	47185
Mtamvunarivier	71766
Howickwaterval	54337
Kampsbaai	56444
Karoo_Nasionale_Park	22813
Kaappunt	65267
New_Hanover,_KwaZulu-Natal	17359
Marloth_Park	16798
Victoria-Wes	20260
Middeldrif	65341
Gugulethu	54937
Fietas	17449
Albert_Luthuli_Plaaslike_Munisipaliteit	54838
Hennenman	35714
Bongolodam_(Suid-Afrika)	72300
Mowbray	21183
Durban_Light_Infantry	49246
Fresnaye	57733
ILembe-distriksmunisipaliteit	38007
Kraaipan	51260
Slag_van_Nooitgedacht	82209
Norkempark	87101
Breidbach	67289
Kameelkop	87979
Soutpan	57525
Wilgerivier_(Vaal)	56590
Evangelies-Lutherse_Kerk_in_Namibië_(DELK)	93941
Williston,_Noord-Kaap	18287
Slag_van_Ulundi	87222
Boipatong	86588
Rust_de_Winterdam	58053
Groter_Giyani_Plaaslike_Munisipaliteit	55021
Lichtenburg	13229
Breederivier_(rivier)	60545
Woodstockdam	54139
Pollsmoor-gevangenis	85091
Airlink_Vlug_8911	45447
Nuwelandstadion	33522
Rietfontein,_Noord-Kaap	57873
Qumbu	55056
Heidelberg,_Gauteng	3724
Hofmeyr-skedel	85377
Moretele_Plaaslike_Munisipaliteit	55135
Giyani	53684
Leratswana	79539
De_Rust	54488
Lambertsbaai	54563
Kaap_Sint_Blaize-vuurtoring	17381
Kou-Kamma_Plaaslike_Munisipaliteit	54637
Fetakgomo_Plaaslike_Munisipaliteit	54992
Mount_Frere	37482
Orlandostadion	47757
Balule-natuurreservaat	88759
Vaalharts-besproeiingskema	43416
Bojanala_Platinum-distriksmunisipaliteit	38016
Humewoodweg-spoorwegstasie	94120
Sinenjongo_Hoërskool	77877
Lesedi_Plaaslike_Munisipaliteit	54807
Sekondêre_Skool_Delta	49566
Baviaanskloof_Wildernisarea	71848
Uitkoms	59246
Emalahleni_Plaaslike_Munisipaliteit,_Mpumalanga	54787
//Khara_Hais_Plaaslike_Munisipaliteit	55097
Drakenstein_Plaaslike_Munisipaliteit	21043
Mtubatuba	55395
Matjhabeng_Plaaslike_Munisipaliteit	54676
Potchefstroom	6517
Breyten	18238
Berea,_Durban	57803
Khâi-Ma_Plaaslike_Munisipaliteit	55150
Northam	56325
Ofcolaco	52733
Hennopsrivier	72129
Grassridgedam	54273
Soebatsfontein	58024
Chatsworth,_Wes-Kaap	60552
Nelson_Mandelabrug	9619
Elias_Motsoaledi_Plaaslike_Munisipaliteit	55017
Hoërskool_Waterkloof	52124
Airdlin	57900
Sekhukhune-distriksmunisipaliteit	38135
Greenside	71710
Kirkwood	53975
Zwelitsha	78431
Ixopo	27249
Westcliff	62170
Lekkersing	66476
Elliot	21372
Marburg	55356
Buffeljagsrivier	58801
Attakwaskloofpas	55309
All_Saints_Neck	61471
Randse_Afrikaanse_Universiteit	32086
Marakele_Nasionale_Park	66372
KwaMashu	87046
Theunissen	35715
Amathole-distriksmunisipaliteit	37996
De_Vlugt	54964
Universiteit_van_Johannesburg	55167
Gerrit_Maritz	51960
Riebeek-Kasteel	52312
Bultfontein	15420
Amanzimtoti	10827
Elliotdale	56709
Bosbokrand	55418
Kommetjie	54558
Universiteit_van_die_Vrystaat	52213
Selatirivier	71252
Gysmanshoekpas	57173
Namibië	221
Nuweland-krieketveld	83466
Stompneusbaai	54874
Ephraim_Mogale_Plaaslike_Munisipaliteit	55019
Mabalingwe-natuurreservaat	71328
Augrabieswaterval	54335
Kai_!Garib_Plaaslike_Munisipaliteit	55152
Groote_Schuur	34279
Thabo_Mofutsanyana-distriksmunisipaliteit	38003
Sandrivier_Konvensie	58123
Montagu	18312
Slag_van_Pietershoogte	57259
Midrand_(Gautrein-stasie)	92828
Valindaba	77604
Klein-Letabarivier	71217
Griekwastad	55039
Beestekraal	58606
Umdloti	83740
Ga-Rankuwa	78381
Jan_Kempdorp	35448
Tafelbaai	17402
Goosen	13203
Roedtan	53683
Slag_van_Roodewalstasie	87287
Pietermaritzburg-lughawe	87980
Outeniquapas	47846
Slag_van_Laingsnek	57142
Vanrhynsdorp	19995
Olifantsrivier,_Wes-Kaap_-_Namakwaland	54540
Mosselbaai	11165
Ugie	21375
Nyandeni_Plaaslike_Munisipaliteit	54712
Moreletapark	72281
Statistiek_Suid-Afrika	6747
Robbeneiland	6758
Klaarstroom	54490
Durban	62
Beleg_van_Kimberley	57338
Mdlotirivier	85985
Overberg-distriksmunisipaliteit	37990
Richmond_Plaaslike_Munisipaliteit	54947
Mopani-distriksmunisipaliteit	38129
Mohokare_Plaaslike_Munisipaliteit	54702
Mantsopa_Plaaslike_Munisipaliteit	55340
Moloporivier	55907
Meintjieskop	35900
Wesrand-distriksmunisipaliteit	54796
Groot-Visrivier	17335
Darlingtondam	54115
Klerksdorp	15399
McGregor	41191
Leeu-Gamka	18198
Makhado_Plaaslike_Munisipaliteit	54981
Duncan_Village	85029
Duits-Suidwes-Afrika	86151
Ngaka_Modiri_Molema-distriksmunisipaliteit	54491
Katima_Mulilo	89229
Hosea_Kutako_Internasionale_Lughawe	87986
Lugmagbasis_Hoedspruit	87235
Bergvliet	50738
Berea	89133
Long_Cecil	57412
Potchefstroomdam	71244
Tembisa	53585
Kestell	17483
Renosterberg_Plaaslike_Munisipaliteit	54774
Mpumalanga	196
Charles_Mopeli-stadion	77462
Limpopo_(rivier)	16395
Mukurob	17341
Waterberg	56327
Atlantis	11965
Nama_Khoi_Plaaslike_Munisipaliteit	54782
Polokwane_Internasionale_Lughawe	83678
Gamagara_Plaaslike_Munisipaliteit	54961
Kensington,_Kaapstad	57731
Buysdorp	58089
Tintenpalast	47825
Erfenisdam	54120
Franskraalstrand	60561
Nedbank_Gholfuitdaagtoernooi	94772
Mapumulo	57263
Ottosdal	53149
Wartburg	57220
Bethanie	50337
Modimolle_Plaaslike_Munisipaliteit	55026
Slag_van_Boomplaats	18338
Okiep	20116
Laudium	88766
Tzaneendam	54155
Hoëveld	70838
Karatara	42288
Bloemhoekdam	58646
Vleesbaai	58752
Ga-Segonyana_Plaaslike_Munisipaliteit	54962
Hoër_Meisieskool_La_Rochelle	21333
Port_Edward	53541
Slag_van_Colenso	14090
Msukaligwa_Plaaslike_Munisipaliteit	54840
Kloofsig	72291
Soekmekaar	54250
Shakaskraal	53635
Babanango	58167
Klas_4E-lokomotief	92806
Tugelawaterval	54179
Park_Rynie	60162
Seymour,_Oos-Kaap	21386
Sarel_Cilliers	58958
Vredenburg	13019
Dr._Kenneth_Kaunda-distriksmunisipaliteit	54495
Nyanga	57391
Leydsdorp	52734
Vierfontein	38523
Distrik_Ses	16876
Christiana	43415
Sol_Plaatje_Plaaslike_Munisipaliteit	54957
Zingolweni	56930
Suidwes-Afrika-veldtog	86218
Universiteit_van_die_Witwatersrand	21331
Carletonville	17267
Koning_Sabata_Dalindyebo_Plaaslike_Munisipaliteit	54713
Du_Toitskloofpas	49662
Flagstaff	53555
Montagupas	47837
Sun_City,_Noordwes	45466
Saldanhabaai	10869
Omaheke	36035
Gouda,_Wes-Kaap	58768
Port_Beaufort	56716
Warburton	69043
Perdekop	18244
Gold_Reef_City	46398
North_Head-vuurtoring,_Saldanhabaai	66209
Marquard	17557
Tswelopele_Plaaslike_Munisipaliteit	54680
Westonaria_Plaaslike_Munisipaliteit	55148
Adderleystraat	79393
Ekurhuleni_Metropolitaanse_Munisipaliteit	15586
Keetmanshoop	15087
Sandrivier_(Mpumalanga)	73592
Winterveld	56366
Rustenburg	15383
Mzoli's	58444
Viljoensdrif	39258
Kamiesberg_Plaaslike_Munisipaliteit	54945
Mooirivier_(Vaal)	71175
Drakensberge	13501
Languedoc	60612
Reddersburg	36258
Kogelbergdam	85292
Medupi-kragstasie	47218
Nkandla	27730
Meiringspoort	49597
Grottobaai	60575
Mbizana_Plaaslike_Munisipaliteit	55048
Mnquma_Plaaslike_Munisipaliteit	54641
Alfred_Nzo-distriksmunisipaliteit	37992
Dunedin_Star	70748
Sedgefield	4129
Richardsbaai-lughawe	87981
Helpmekaar-kollege	19984
KwaMhlanga	63914
Plooysburg	57956
Villiers	17604
Kuboes	66474
Ulco	54891
Nongoma	50284
Brandberg	36064
Otavi	69337
Gansbaai	22035
Riebeek-Wes	52314
Namib-Naukluft_Nasionale_Park	95146
Mafube_Plaaslike_Munisipaliteit	54690
Visrivier-canyon	83443
Umzumbe	60175
Gravelotte	43907
Modderrivier	55927
Aus	79530
Knysna_Nasionale_Meergebied	71647
Jansenville	52456
Bettysbaai	54850
Midmardam	54135
Daveyton	53698
Maselspoort	55905
Petervale,_Gauteng	17357
N11_(Suid-Afrika)	31507
John_Taolo_Gaetsewe-distriksmunisipaliteit	38117
Warden	17710
Panorama	57738
Van_Wyksvlei	43871
AbaQulusi_Plaaslike_Munisipaliteit	54864
Paul_Roux	17479
Kowynspas	54756
Odendaalsrus	35717
Hartswater	37827
Grabouw	15556
Karasburg	13143
Waterkloof	17452
Saldanha	13020
Groter_Tzaneen_Plaaslike_Munisipaliteit	55022
Greytown	37330
Somerset-Oos	20358
Mthatharivier	71823
Naspers_Sentrum	87187
Muizenberg	54879
Pelindaba	77602
Loftus_Versfeld	42684
Bergville	36088
Stilbaai	49007
Umkomaas	50390
Donnybrook	56927
Dipaleseng_Plaaslike_Munisipaliteit	54839
Stutterheim	37483
Mookgophong_Plaaslike_Munisipaliteit	55067
Hibiscuskus_Plaaslike_Munisipaliteit	54976
Danabaai	55903
Fezile_Dabi-distriksmunisipaliteit	34071
Jannie_Hofmeyr	56550
Belfast,_Mpumalanga	55420
Tafelberg	6457
Groot_Brakrivier	54919
Klein-Brakrivier	58715
Krugerwildtuin	10916
O.R._Tambo-distriksmunisipaliteit	37998
Yzerfontein	54613
Germiston	15563
Spoegrivier	70631
Penhoekpas	55979
Hanover	54309
Kyalami_Kasteel	37860
Thabazimbi	50412
Edenburg	36159
Stad_Johannesburg_Metropolitaanse_Munisipaliteit	54711
IBhayi	86582
Universiteit_van_Fort_Hare	49221
Ditsobotla_Plaaslike_Munisipaliteit	55132
Dordrecht,_Oos-Kaap	8747
Markteater	73516
Sesriem	95144
Cradock	10734
Vosloorus	53591
Rondebosch-Oos	21185
Sir_Lowryspas	55885
Wêreldberaad_oor_volhoubare_ontwikkeling	24444
HMS_Pelorus	80297
Emakhazeni_Plaaslike_Munisipaliteit	55028
Kommandodrif-natuurreservaat	77199
Green_Point-vuurtoring,_Clansthal	66089
Fort_England_Psigiatriese_hospitaal	78317
Isipingo	86412
Lake_Arthur-dam	56273
Hexrivier_Spoorwegpas	55934
Noordwes	217
Umlazi	87977
Botshabelo	34364
Port_Elizabeth	260
Augrabies_Nasionale_Park	17077
Soutrivier	46256
Bloukraanroete_Plaaslike_Munisipaliteit	54636
Hessequa_Plaaslike_Munisipaliteit	54742
Boskopdam	71240
Citrusdal	20076
Wilgerivier_(Olifants)	71263
Ngodwana	86532
Inkwanca_Plaaslike_Munisipaliteit	54663
Skukuza	64914
Waterberg-distriksmunisipaliteit	38130
Reitz	17480
Duwisib-kasteel	22473
Polokwane	259
Delareyville	50488
Katlehong	65991
Lesseyton	83612
Karoo	5404
Hoërskool_Strand	21024
Jamestown,_Oos-Kaap	21999
Ladysmith	17574
Kowierivier	76233
Baviaans_Plaaslike_Munisipaliteit	54584
Sterkfontein	39031
Burgersdorp	21381
Steelpoort	56945
Mooirivier_(KwaZulu-Natal)	37377
Hlabisa_Plaaslike_Munisipaliteit	55380
Benoni	15688
Blouberg_Plaaslike_Munisipaliteit	54987
Margate-lughawe	87867
Andries_Hendrik_Potgieter	17255
Chatsworth,_KwaZulu-Natal	86630
Okahandja	83069
Umtentweni	56962
Vredefort	35496
Boesmansriviermond	32104
Sanlamsentrum,_Windhoek	48932
Krugersdorp	11996
Kruispad	57683
Magareng_Plaaslike_Munisipaliteit	54959
Nquthu_Plaaslike_Munisipaliteit	55211
Bloukransrivier_(Grahamstad)	76235
Komani_Psigiatriese_hospitaal	90127
Hartbeespoort	32218
Malmesbury,_Wes-Kaap	11998
UMgungundlovu-distriksmunisipaliteit	38010
Ennerdale	37526
Groenpunt-vuurtoring	17368
Acornhoek	56947
Vlakplaas	18215
Moorreesburg	16324
Jeppestown	94385
Krakeelrivier	58741
Laingsburg_Plaaslike_Munisipaliteit	54729
Sossusvlei	95142
Katrivierdam	71850
Kuiseb	95159
Outeniekwapark	82536
Ebenezerdam	54157
Mtunzini	13786
Kalkfonteindam	54117
Voortrekkermonument	10460
Springbok,_Noord-Kaap	20156
Seeheim	53286
Robinsonpas	54847
Addo	57962
Salem,_Oos-Kaap	58745
UMlalazi_Plaaslike_Munisipaliteit	55260
Vredendal	20000
Mutale_Plaaslike_Munisipaliteit	54994
Pikkewyn-eilande	66761
Knysna	4783
Capricorn-distriksmunisipaliteit	38128
Mkuze	50363
Vosburg	36861
Groot-Jongensfontein	60574
Clarkson	62528
Gochas	93940
Faerie_Glen-natuurreservaat	88121
Soutpansberg	34151
Kerkplein,_Pretoria	17415
Chris_Hani-distriksmunisipaliteit	37997
UMuziwabantu_Plaaslike_Munisipaliteit	55068
Slag_van_Blaauwberg	17608
Kaapsehoop	36076
Concordia	20117
Kaapse_Skiereiland_Universiteit_van_Tegnologie	79565
Hugenotemonument	7284
Impofudam	96564
Kouga_Plaaslike_Munisipaliteit	54639
Parklands	57601
NG_gemeente_George	68068
Mont-aux-Sources	17777
Virginia	36260
Mbombela_Plaaslike_Munisipaliteit	54718
Swinburne	17715
Mtubatuba_Plaaslike_Munisipaliteit	55381
Ba-Phalaborwa_Plaaslike_Munisipaliteit	54998
HMS_Arniston	58716
Kookhuis	53224
Blue_Downs	57371
Millwood	56175
Maclear	21373
Tamboerskloof	54621
Keimond	86376
Chrissiesmeer	18243
Slag_van_Bloedrivier	6918
Hopefield	13006
Wildekus	54616
Rhodes-universiteit	20347
Cornelia	17605
Springs	14270
Keurboomstrand	85635
Grootrivier	49490
King_William’s_Town	10708
Louis_Trichardt,_Limpopo	15851
Johannesburg	148
Hamburg,_Oos-Kaap	44946
Kathu	54485
Christoph_Wilhelm_Alheit	63977
Nature's_Valley	60613
Cloetespas	48443
Drakensberg_pomp-opgaarskema	87692
Rooiels,_Wes-Kaap	54852
Kougadam	54134
Robertsvlei	60616
Vanderbijlpark	22836
Lepelle-Nkumpi_Plaaslike_Munisipaliteit	55038
Grootrivierpas	55201
Klerkskraaldam	56501
Kamferdam	100556
Sasolburg	301
Otjiwarongo	13272
Aggeneys	52168
Dealesville	36121
Athlone	16348
Stormsvlei	58711
Hondeklipbaai	20263
Modjadjiskloof	40939
Delmas	35914
Stellenbosch_Plaaslike_Munisipaliteit	55093
Nongoma_Plaaslike_Munisipaliteit	54862
Balfour,_Mpumalanga	36372
Modimolle	12796
SKA	65274
Noupoort	52447
Delportshoop	54894
Kruger_Mpumalanga_Internasionale_Lughawe	76280
Weskus-distriksmunisipaliteit	34137
Draakasemgat	99118
Finsch-diamantmyn	85617
Fort_Cox	77586
Cuando_Cubango-provinsie	45626
Nahoonrivier	76232
Mostert_se_meul	92879
Ndlambe_Plaaslike_Munisipaliteit	54633
Mqanduli	56772
Kranskop	52975
Butterworth	35946
Swartkops	92624
Universiteit_Stellenbosch	12009
Vivo	43905
Stormsrivier,_Oos-Kaap	55202
Hendrik_van_Eck-lughawe	87896
Afrikaanse_Hoër_Seunskool	30957
Gert_Sibande-distriksmunisipaliteit	38145
Kungwini_Plaaslike_Munisipaliteit	55343
Nakop	54481
Slag_van_Ingogo	57339
Akkedisbergpas	61437
Groter_Limpopo-vredespark	11614
Riebeeckstad	52392
Milnerton	54554
Afrikanasiesbeker_2013	72360
Barnardstadion	88634
Heidelberg,_Wes-Kaap	3725
St._Luciameer	56557
Umtamvuna-natuurreservaat	75309
Kommandodrifdam	77197
Marydale	37502
Nasionale_Kunsgalery_van_Namibië	42944
Tongaat	37481
Himeville	51506
Slurry	58048
Klipplaatrivier	72012
Adendorp	13103
Maryvale,_Gauteng	57825
Garsfontein	96114
Molemole_Plaaslike_Munisipaliteit	54990
Mthatha-lughawe	86924
Ritchie	54890
Hendrina	53084
Canzibe	87463
Barkly-Oos	21374
Pacaltsdorp	56650
Matzikama_Plaaslike_Munisipaliteit	20368
Piketberg	17362
Kwaaihoek	31971
Abel_Erasmus-pas	21042
Camdeboo_Plaaslike_Munisipaliteit	54635
Sheepmoor	54225
Mount_Fletcher	53560
Manenberg	57602
Sharpeville-slagting	43462
Mbombela-stadion	47799
Rhodes-gedenkteken	65638
Jane_Furse	55644
Emfuleni_Plaaslike_Munisipaliteit	54806
Hugenote-kollege	13049
Melkbosstrand	54617
Orlando,_Soweto	87167
Frere	57217
Wakkerstroom	18249
Groot_Constantia	20912
Port_Elizabeth-lughawe	87824
Oranjeville	35833
Middelburg,_Mpumalanga	35718
Bitterfontein	20065
Van_Reenen	54249
Randvaal	78380
Erongoberge	36068
Woodmead,_Gauteng	47338
Baccle's_Farm	92622
Belhar	56078
Haarlem,_Wes-Kaap	58738
Xonxadam	54136
Groot_Gat	68942
Pringlebaai	54846
Bronkhorstspruit	35945
Outeniekwaberge	9993
Sabierivier	55997
Bredasdorp	16653
Karkams	58023
Hillbrow	53808
UMgungundlovu	95114
Bosveld	84739
Van_Reenenspas	55860
Kareedouw	53571
Ngcobo	56783
Siyathemba_Plaaslike_Munisipaliteit	54778
Phoenix,_KwaZulu-Natal	58705
Lime_Acres	85618
Ntshingwayodam	54142
St._Andrew-kollege	79012
Seinheuwel	57307
Kaap_Agulhas	5283
Bloukranspas	55200
Slag_van_Bergendal	56001
Florida,_Gauteng	73259
Musina	34506
Machadodorp	35794
Victoria_&_Alfred_Waterfront	6757
Olievenhoutbosch	72363
Knysna_Plaaslike_Munisipaliteit	54746
Sezela	50281
Oranjerivierkolonie	11367
Grootvadersbosch	86720
Dennehof	60553
Otterwandelpad	61956
Dendron	84740
Albanie	20964
Mthonjaneni_Plaaslike_Munisipaliteit	55259
Ingwe_Plaaslike_Munisipaliteit	54943
Paarl_Gimnasium	20609
Roodeplaatdam	71964
Rustfonteindam	84919
Uvongo	60178
Rietpoort	57336
Portside_Tower	99384
Bedfordview	74289
Leipoldtville	21376
Mthathadam	54159
Swellendam_Plaaslike_Munisipaliteit	54762
Slag_van_Isandlwana	13161
Plumstead	50735
Bhisho	35
EDumbe_Plaaslike_Munisipaliteit	54859
Grootdraaidam	54102
Vuurtorings_van_Suid-Afrika	63100
Hoffepark	49109
Universiteit_van_Kaapstad	30832
Kromrivier	96661
Philippolis	10828
Fordsburg	70967
ǀAi-ǀAis/Richtersveld-vredespark	71833
Doornfontein	66072
Richtersveld	33842
Paleis_van_Justisie,_Pretoria	17416
Kalkbaai	54556
Malgas	56714
Kokerboomwoud	65746
Baxter-teatersentrum	73506
Kleinvoet	85381
Grassy_Park	58947
Keiweg	56763
Bergrivier_Plaaslike_Munisipaliteit	20223
Sandile-dam	71851
Uniegebou	7274
Velddrif	13029
Khutsong	87265
Siyancuma_Plaaslike_Munisipaliteit	54773
Joe_Gqabi-distriksmunisipaliteit	54643
Pofadder,_Noord-Kaap	20236
Lyttelton	72292
Birkenhead,_Wes-Kaap	60550
Atteridgeville	48280
Hammanskraal	53346
Grosvenor	57901
Aganang_Plaaslike_Munisipaliteit	54988
Voëlvleidam	54144
Scarborough	57684
Pella	14107
Ondangwa	89225
Stilfontein	9253
Gingindlovu	58685
Tokai	54892
Rheenendal	60615
Tafelberg_Nasionale_Park	17404
Calvinia	16323
Lindley	17484
Witsand	56717
Utrecht,_KwaZulu-Natal	26397
Agulhas-stroom	68614
Doringbaai	60556
Buffelspruit-natuurreservaat	74592
Brakpan	14453
Lydenburg	18250
Luckhoff	36227
Ashton	18201
Perdstandbeeld	94567
Orchards,_Gauteng	88061
Lanseria-lughawe	55168
Bell	56874
African_Window	17429
Ikwezi_Plaaslike_Munisipaliteit	54634
Verkeerdevlei	32217
Sterkstroom	22001
Groter_Tubatse_Plaaslike_Munisipaliteit	55015
Brits	20121
Stormberg	71846
Milnerton-vuurtoring	17390
Amaliënstein	65599
Slag_van_Magersfontein	12103
Pongola	54288
Umgenirivier	47148
Namakwa-distriksmunisipaliteit	34083
Harding	50333
Witrivier	54227
Pinetown	50280
Jacobsdal	27017
Sanipas	55302
Nossobrivier	92635
Merafong_City_Plaaslike_Munisipaliteit	55149
Allen_Grove	59118
Stanford	54878
Groot-Brakrivier	48449
Waterdowndam	56734
Derby	56430
Slag_van_Stormberg	56043
Gat-in-die-muur	56773
UMhlathuze_Plaaslike_Munisipaliteit	55261
Funduzi	52292
Pongolapoortdam	54096
Bethlehem,_Vrystaat	17476
Bon_Accorddam	56024
Leandra	56042
Bothaville	35652
Harrismith	17482
Buffalo_City-stadion	88636
Senqu_Plaaslike_Munisipaliteit	54705
Rosslyn	88064
Nqweba-dam	56254
Dikhololo-wildreservaat	70719
Elandslaagte	56988
Slag_van_Poplar_Grove	56053
Thohoyandou	40936
Touwsrivier	9949
Barklypas	61472
Nelson_Mandelabaai-stadion	42690
Rockviewdam	85291
Hoefysterwaterval	85523
Sentech-toring	9357
Pietermaritzburg	258
Dwarskersbos	58770
Durbanville	11162
Ntambanana_Plaaslike_Munisipaliteit	55246
Mkhuze-wildreservaat	75324
Maphumulo_Plaaslike_Munisipaliteit	55157
Kloof,_KwaZulu-Natal	67846
Laingsburg	13105
Richtersveld_Plaaslike_Munisipaliteit	54784
Kannaland_Plaaslike_Munisipaliteit	54741
Ventersdorp_Plaaslike_Munisipaliteit	55175
Oppikoppi	23965
Rondebosch	20979
Metsweding-distriksmunisipaliteit	38136
Rocherpan	78702
Witbank	10880
Greyton	55904
Gamtoosrivier	54294
Bisi	58695
Lusikisiki	53574
Rayton	53547
ISimangaliso-vleilandpark	65478
Akasia	88055
Suurbraak	17353
Umzimkhulu	55396
Ifafa_Strand	56711
Noordwes-stadion	63579
Orkney,_Noordwes	39179
Sneeuberge	54296
Amersfoort,_Mpumalanga	18241
Rosmead	54358
Danger_Point-vuurtoring	17379
Danielskuil	55237
ZF_Mgcawu-distriksmunisipaliteit	34088
Kusile-kragstasie	93907
Nxuba_Plaaslike_Munisipaliteit	54654
Hluhluwe-iMfolozipark	71338
Wit-Keirivier	71830
Thornville	70799
Dick_King	65377
Hofmeyr	53225
Austin_Roberts-voëlreservaat	88003
Naledi_Plaaslike_Munisipaliteit,_Noordwes	55275
Morgenzon	18246
Walvisbaai-lughawe	88036
Verneukpan	15527
Kangogrotte	56386
Kenhardt	37190
Eersterivier_(rivier)	86122
Plettenbergbaai	10853
Grahamstad	9531
Reebok	48459
Biesiesvlei	56500
Osjikoto	53321
Hexrivierberge	55938
Wildernis	36606
Erongo	36019
St_James	57751
Tulbagh	9575
Mbonambi_Plaaslike_Munisipaliteit	55247
Pafuri-grenspos	78741
Hexrivierpas	55935
Richardsbaai	45485
Ngqushwa_Plaaslike_Munisipaliteit	54655
Rehoboth_(bantoestan)	75598
Willowvale	56708
Dasseneiland	54611
Kuruman	34262
Hogsback	20230
Pearly_Beach	58804
Olifantshoek	54507
Munster	70730
Wanderersstadion	72872
Villiersdorp	46594
Dewetsdorp	36122
Hoopstad	20299
Kagiso	53590
Evander	24766
Stad_Kaapstad_Metropolitaanse_Munisipaliteit	54708
JSE	25315
Albert_Falls-dam	54118
Olifantskoppas	54474
Mthatha	23503
Indwe	13039
Asab	82476
Nelson_Mandela	211
Ohangwena	52058
Seshego	45830
Bedford,_Oos-Kaap	39556
Glencoe	37804
Groter_Taung_Plaaslike_Munisipaliteit	55172
Kliprivier,_Gauteng	56583
Vaalrivier_Barrage_Reservoir	56582
Louisvale	54888
Coldstream	62577
Creighton	55399
Umkhanyakude-distriksmunisipaliteit	38011
Brukkaros	76026
Saldanhabaai_Plaaslike_Munisipaliteit	55095
Elsiesrivier	57369
Blyderivierspoortdam	55989
Swartland_Plaaslike_Munisipaliteit	11997
Theewaterskloofdam	46589
Graskop	13104
Royal_Bafokeng-nasie	47804
Jagersfontein	35709
Gazankulu	17774
Osjana	53323
Hermannsburg	57219
Bainskloofpas	54533
Phokwane_Plaaslike_Munisipaliteit	54958
Moses_Mabhida-stadion	44956
Swartbergpas	42675
Kgetlengrivier_Plaaslike_Munisipaliteit	55138
Boosmansbos-wildernisgebied	37068
Kalkfeld	58299
Vulamehlo_Plaaslike_Munisipaliteit	55244
Prieska	21998
Usakos	13252
Redelinghuys	34044
Heilbron	35712
Brenton-on-Sea	54953
HMS_Birkenhead	54881
Schoemansdal	56376
Keiskammahoek	56762
Abbotsdale	60549
Sceptre_(skip)	73630
Lugmagbasis_Swartkop	87242
Groter_Kokstad_Plaaslike_Munisipaliteit	54871
Hotagterklip	60584
Sishen	54465
Dr._Ruth_Segomotsi_Mompati-distriksmunisipaliteit	38120
Paternoster	12436
Fonteinedal	88006
Sada	78424
Dooievlei	95151
Bapsfontein	34794
Murraysburg	53707
Randfontein	36303
Hartsrivier	10221
Philadelphia,_Wes-Kaap	86605
Papendorp,_Wes-Kaap	57414
Nelson_Mandela_Metropolitaanse_Universiteit	47900
Slag_van_Kakamas	58016
Caledonrivier	55027
Alexanderbaai	13135
Lisbonwaterval	54342
Krugerstandbeeld	30917
Putsonderwater	58020
Rouxville	15679
Pelgrimsrus	12661
Glentana	60572
Kaap_Agulhas-vuurtoring	17395
Omoesati	53322
Kemptonpark	20791
Tzaneen	16658
Buntingville	87465
Port_Shepstone	37453
Carnarvon	20257
Apiesrivier	72001
Arcadia,_Pretoria	17463
Sanddrif	66475
Okhahlamba_Plaaslike_Munisipaliteit	55266
Buffelsrivier_(Oos-Kaap)	67287
Rustenburg_Plaaslike_Munisipaliteit	55137
Geografie_van_Namibië	117
Kamdeboo_Nasionale_Park	22811
Gouritsrivier	48448
Hantam_Plaaslike_Munisipaliteit	54783
Khayelitsha	53578
Hartbeespoortdam	54087
Timbavatirivier	93492
Zaaihoekdam	54143
Seweweekspoortpiek	54736
Burgerspas	63085
Colchester,_Oos-Kaap	57964
Bospoortdam	72106
Hotazel	34671
Windsorton	43312
Kaap_Agulhas_Plaaslike_Munisipaliteit	46040
Groblersdal	37613
Dutywa	53972
Koningin_Maudland	14234
Keiskammarivier	57298
Kingsburgh	50367
Botrivier,_Wes-Kaap	54608
Groter_Letaba_Plaaslike_Munisipaliteit	55023
Polytechnikum_van_Namibië	37794
Suikerbosrand-natuurreservaat	3726
UMdoni_Plaaslike_Munisipaliteit	54977
Phumelela_Plaaslike_Munisipaliteit	55291
De_Hoop-dam,_Limpopo	87920
Boshof	35720
Empangeni	36281
Oxkraaldam	72030
Langkloof	39376
Mfuleni	57410
Nala_Plaaslike_Munisipaliteit	54678
UThukela-distriksmunisipaliteit	38013
Mhlontlo_Plaaslike_Munisipaliteit	54720
Balgowan,_KwaZulu-Natal	17994
Winkelspruit	86405
Oos-Londenlughawe	86931
Hluhluwe	50305
Slag_van_Waterberg	90062
Camperdown	56955
Kentani	56768
Sedibeng-distriksmunisipaliteit	38146
Lebowa	53675
Harkerville	54918
Schweizer-Reneke	46284
Eendekuil	53779
Oorlogskloof-natuurreservaat	66358
Trompsburg	15558
Napier	17355
Universiteit_van_Limpopo	65978
Onseepkans	13144
Industrial_and_Mining_Water_Research_Unit	94536
Barkly-Wes	50438
Lekwa_Plaaslike_Munisipaliteit	54826
Avontuur	54361
Maquassi_Hills_Plaaslike_Munisipaliteit	55374
Kaapse_Vlakte	55258
Magaliesberg	34173
Sharpeville	7889
Melmoth	37353
Mooinooi	62958
SuperSport-park	72871
Mbhashe_Plaaslike_Munisipaliteit	54640
Edleen	59157
Doddington_(skip)	66620
Skoenmakerskop	86617
Vuurtorings_van_Namibië	51503
Gereformeerde_kerk_Pretoria	17802
Pretoriase_Kunsmuseum	17464
Sutherland	12692
Hectorspruit	43189
Reivilo	44997
Coega	64869
Palmiet_pomp-opgaarskema	85288
Mandeni_Plaaslike_Munisipaliteit	55154
Bergrivierdam	54106
Westminster	56953
Windhoek_Eros-lughawe	88034
Kosibaai	58300
Kalafong_Hospitaal	90108
Erasmuskloof	72276
Shark_Island-konsentrasiekamp	99322
Wonderboom_Lughawe	31888
Rapplespan	78720
UBuhlebezwe_Plaaslike_Munisipaliteit	54944
Lys_van_bergpasse_in_Namibië	64105
Sterkfonteindam	46593
Protem	63486
Allemanskraaldam	54133
Naukluftberge	95157
Venterspos	56402
Engelharddam	71232
Komatipoort	50672
Muden	57218
Marikana-slagting	68383
Magaliesburg	39344
Koekenaap	57413
Colesberg	33466
Sentraal_Karoo-distriksmunisipaliteit	38147
Mount_Ayliff	53558
Van_Stadensrivier	56883
Hugenotetonnel	10859
Kleinsee	54486
Matatiele	55054
Ncorhadam	54138
Tweeriviere	64482
Umzimkulurivier	66367
Koster	29431
Oudtshoorn	16390
Sederberg_(berg)	54755
Meyerton	21280
Mamusa_Plaaslike_Munisipaliteit	55171
Stadsaal_van_Pretoria	52162
Calitzdorp	40595
Kgosi_Mampuru_II-beheergebied	84978
Universiteit_van_KwaZulu-Natal	66134
Pennington	60176
Kaapse_Wynlande-distriksmunisipaliteit	21045
Phalaborwa	12850
Stad_Tshwane_Metropolitaanse_Munisipaliteit	334
Elandsbaai	54873
Roggeveldberge	15050
Vredehoek	57277
Upington-lughawe	87868
Buffelspoortdam	51995
Universiteit_van_Suid-Afrika	346
Tugela_Ferry	55392
Stella	55055
Grey-kollege	34170
Sophiatown	40417
Makapansgat	86274
Marikana	55906
Krantzkloof-natuurreservaat	77190
Nuwerus	20066
Lephalale_Plaaslike_Munisipaliteit	55025
Vetrivier	54291
Richmond,_Noord-Kaap	46302
Krugerdrifdam	57645
Ditsong_Nasionale_Natuurhistoriese_Museum	87991
Thokoza	87091
Pondoland	72794
Sendelingsdrif	56034
Gonubie	85025
Eersterivier	68805
Sandton	18107
Addo-Olifant_Nasionale_Park	16916
Goodwood	18390
Oviston-natuurreservaat	75316
Linden	46425
Burmanbos-natuurreservaat	71614
Ramsgate,_Suid-Afrika	50368
Outjo	68841
Hogsbackpas	63664
Tsolwana_Plaaslike_Munisipaliteit	54656
Endumeni_Plaaslike_Munisipaliteit	55216
Gobabis	36036
Thornham	62532
Emthanjeni_Plaaslike_Munisipaliteit	54776
Burgersfort	53559
Douglas,_Noord-Kaap	20114
Scottburgh	37397
Phokeng	47801
Groot_Stormsrivierbrug	25115
Pretoria	249
Duggan-Cronin-versameling	88928
Vrede,_Vrystaat	17558
Nkonkobe_Plaaslike_Munisipaliteit	54652
Valsbaai	10855
Naledi_Plaaslike_Munisipaliteit,_Vrystaat	55105
Sandrivier	57623
Breedevallei_Plaaslike_Munisipaliteit	55094
Walvisbaai	10810
Bolandstadion	88633
Margate,_Suid-Afrika	12219
Wartburg_Kirchdorf_School	49579
Transvaal	12441
Thembelihle_Plaaslike_Munisipaliteit	54780
Kriel	53553
Koringberg	57415
Swellendam	9571
M'basherivier	77701
Sabie	31838
Gouritsmond	60573
Jozini	55394
Suid-Afrikaanse_Nasionale_Kunsmuseum	27699
Blyderivierkloof-natuurreservaat	84531
Winterton	56964
Kraairivier	69323
Lys_van_grootste_damme_in_Suid-Afrika	40022
Umhlanga	56967
Soshanguve	84096
Prince_Alfred_Hamlet	20124
Tsolwana-natuurreservaat	75289
ENB-stadion	43370
Kraaifontein	46471
Odi-stadion	47793
Wellington,_Wes-Kaap	10871
Pienaarsrivier	71966
Jacaranda_94.2	60927
Lootsbergpas	54548
Slag_van_Rooiwal	87097
St._Lucia,_KwaZulu-Natal	56547
Sebokeng	53586
Gariep_Plaaslike_Munisipaliteit	54707
Tentergate	92623
Westville	66140
Tarkarivier	77200
Deutsche_Internationale_Schule_Johannesburg	49572
Wriggleswadedam	72215
Moordenaarsnek	63688
Graaff-Reinet	10930
Piet_Retief	13047
Msinga_Plaaslike_Munisipaliteit	55210
Prins_Albert_Plaaslike_Munisipaliteit	54733
Wolmaransstad	52204
Groter_Brandvleidam	54165
Kerkstraat-bomontploffing	73867
Protea_Glen	87115
Marchand	57960
Slag_van_Tweebosch	86883
Slag_van_Graspan	55913
Lys_van_Nasionale_Erfenisgebiede_in_Limpopo	68457
Klawer,_Wes-Kaap	20211
Cullinan	11611
Umjindi_Plaaslike_Munisipaliteit	54724
Koopmansfontein	57867
Bloukransrivier	56881
UMvoti_Plaaslike_Munisipaliteit	55217
Capri_Village	57686
Graafwater	35704
Steelpoortrivier	71251
Middelburg,_Oos-Kaap	17042
Hardap	22477
Witzenberg_Plaaslike_Munisipaliteit	31078
Fransfontein	53290
Buffelshoekpas	63084
Nasionale_Bontebokpark	22810
Healdtown	57421
Aliwal-bank	70978
Coligny	52300
Swart-Keirivier	71831
Fochville	54501
Goble_Park	74256
Kidd's_Beach	58746
Mac-Macwaterval	54353
Karibib	13251
Viljoenskroon	36259
Birchleigh	58954
Umzinto	53349
Pevensey	58847
Bloubergstrand	53172
Kopanong_Plaaslike_Munisipaliteit	54700
Pekabrug	78625
Rietbron	63749
Friemersheim	60571
Vryheidspark	26162
Bathurst,_Oos-Kaap	10816
Vermont,_Wes-Kaap	60618
Peter_Mokaba-stadion	43891
Oliviershoekpas	57060
Jan_van_Riebeeck-standbeeld	71279
Boesmansrivier_(Oos-Kaap)	71775
Kubusirivier	71875
Karasberge	36066
Wittewater	64398
Hawston	54889
Wolseley	54817
Kaaimansgat	56297
Xhariep-distriksmunisipaliteit	38004
Bethal	36729
Houhoekpas	55891
Nkangala-distriksmunisipaliteit	38144
Hottentots-Hollandberge	64399
Afrikaanse_Hoër_Meisieskool	30953
Paul_Roos_Gimnasium	44651
Volmoed	60620
Charl_Cilliers	58860
EMadlangeni_Plaaslike_Munisipaliteit	54857
Windhoek	13052
Otjimbingwe	51302
Die_Groot_Vyf_Valsbaai_Plaaslike_Munisipaliteit	55382
Olifantsrivier,_Wes-Kaap_-_Klein_Karoo	50122
Beaufort-Wes_Plaaslike_Munisipaliteit	54734
Victoriabaai	60619
Vaalgras	33878
Ermelo,_Mpumalanga	6813
Gauteng	100
Slag_van_Donkerhoek	64125
Flag_Boshielodam	88151
Nasionale_Wildernispark	71648
Dwarskloofpas	63114
Dannhauser	27250
Westonaria	53544
Duiwelspiek	6463
Weza	58696
Struizendam	78714
Vryburg	12785
Berlinwaterval	55987
Swaershoekpas	63740
Mahikeng_Plaaslike_Munisipaliteit	55106
Loskopdam	54097
Elarduspark	30470
Pudimoe	57951
Schmidtsdrif	57958
Howick	37582
Ladismith	31782
Swartbooisdrift	96501
Philipstown	52432
Brooklyn,_Pretoria	17451
Lothair	58416
St._Francisbaai	58808
Koffiefontein	35711
Bronkhorstspruitdam	71236
George-lughawe	87789
Dimbaza	84906
Darling,_Wes-Kaap	17350
Zoar,_Wes-Kaap	17358
Yeoville	94123
Struisbaai	58805
Frances_Baard-distriksmunisipaliteit	38115
Umzumbe_Plaaslike_Munisipaliteit	55273
Zebediela	74252
Boggomsbaai	60551
Mamre	10808
Woodstock	46257
Nasionale_Kunstefees	42255
Port_Grosvenor	94527
Roossenekal	56451
Temba	88057
Nasionale_Bergkwaggapark	22812
Kendrew	56517
Zastron	19879
Ganspan	84951
Midvaal_Plaaslike_Munisipaliteit	54790
Oranjezicht	54571
Standerton	20491
Blackheath	71129
Hatfield,_Pretoria	17462
Dullstroom	18045
Vaalwater	33368
Botrivier_(rivier)	60541
NG_gemeente_Beaufort-Wes	62966
Chapmanspiek-rylaan	55864
Hutchinson	20262
De_Waterkant	57251
Strandfontein	58771
Catspas	82695
Ugu-distriksmunisipaliteit	38009
Suid-Afrikaanse_Lugmag	18800
Kareeberg_Plaaslike_Munisipaliteit	54777
SAL_Vlug_228	83288
Hartenbos	32087
Alte_Feste	23383
Cederberg_Plaaslike_Munisipaliteit	20708
Hentiesbaai	22483
Witvlei	73632
Strydenburg	37007
Sentech	31057
Bonnievale	53735
Steenkampsberge	92759
Transvaalkolonie	20068
Stellenbosch	5777
Merriman	52274
Ramotshere_Moiloa_Plaaslike_Munisipaliteit	55133
Emalahleni_Plaaslike_Munisipaliteit,_Oos-Kaap	54665
Slag_van_Elandslaagte	56989
Zoeloe-koninkryk	65584
Indaka_Plaaslike_Munisipaliteit	55265
Tsumeb	48707
Bergrivier	9628
Valsrivier	48248
Ehlanzeni-distriksmunisipaliteit	38143
Van_Stadensrivierbrug	55212
Slag_van_Talana	56998
Slag_van_Rorke's_Drift	87105
Kawango-Oos	86866
Britstown	47312
Provinsie_van_Koningin_Adelaide	78863
Golden_Gate_Hoogland_Nasionale_Park	17511
Universiteit_van_Wes-Kaapland	15680
Tyhumerivier	64448
Onder-Sabie	64534
