Masterchef_Danmark_Allstars	732720
Dansk_Gardin_&_Textil_Fabrik	316348
Modstandsfolk_som_blev_henrettet_under_2._verdenskrig_i_Danmark	612151
2._etape_af_Post_Danmark_Rundt_2012	656990
2._etape_af_Post_Danmark_Rundt_2011	516417
Næbtold_på_Færøerne	59589
Dansk_PEN	215357
Ordbog_over_det_danske_Sprog	2456
Dansk_Energi	448258
Ernst_Günther_af_Slesvig-Holsten-Sønderborg-Augustenborg	324981
Club_Danmark_Hallen	345919
StepStone_Danmark	794268
Gyldne_danske_reklamefilm	831706
Danske_mestre_i_atletik	241784
Dansk_Svæveflyvehistorisk_Klub	71035
Kernekraft_i_Danmark	515773
Dansk	12417
Årets_Fodboldspiller_i_Danmark	114495
Kommunalvalg_i_Danmark	82328
Ungdomshuse_i_Danmark	172696
Gensyn_med_de_danskes_øer_III	830369
Danmarks_Grand_Prix	254235
Dansk_Racehunde_Union	764169
Grønlandske_efterskoler	434483
En_Improvisation_fra_Danmark	830554
Dansk_Forum	532010
Danmark_under_den_kolde_krig_(rapport)	672758
Dansk_Almennyttigt_Boligselskab	450792
Frederik_af_Danmark_(1599-1599)	826575
Protokol_om_ejendomserhvervelse_i_Danmark	504984
Danske_navnedage	264916
Dansk_Broder_Orden	185473
Danmark_ifølge_Bubber	507783
Danmarks_Internationale_Kollegium	705119
Business_Danmark	305025
Dansk_Sømandskirke_Hamborg	280118
Cispadanske_Republik	554559
Prins_Peter_af_Danmark_og_til_Grækenland	64175
Danske_Fragtmænd	472290
Danske_Studerendes_Fællesråd	119306
Kære_Danmark	820611
Det_Danske_Musicalakademi	729638
Det_danske_landshold	247806
Dansk_Varmblod_(organisation)	210004
20_Hits_på_Dansktoppen_2	331456
Grønlandske_kvindearbejder	820860
Dansk_Rødliste	34974
Foreningen_af_Katolske_Skoler_i_Danmark	527349
De_frie_Danske	302290
Danmark_ved_vinter-OL_2010	417540
Sol_over_Danmark	62812
Officersuddannelsen_i_den_danske_hær	316318
Wrestling_i_Danmark	153706
Frederik_Ludvig_af_Slesvig-Holsten-Sønderborg-Beck	178999
Danmarks_Innovationsfond	766172
Af_jord_er_du_kommet_-_på_sporet_af_en_dansk_husmand	820378
Danmarks_Medie-_og_Journalisthøjskole	185080
Dansk_Matematisk_Forening	689108
Dansk_Oplysnings_Forbund	274720
De_Gule_Spejdere_i_Danmark	57075
Danske_mesterskaber_i_atletik_1916	495488
Dansk_Center_for_Organdonation	528652
Barken_Margrethe_af_Danmark	60154
Danmarks_Apotekerforening	58705
Dansk_Hanggliding_og_Paragliding_Union	298041
Dansk_Arum	108293
Danmarks_Borgcenter	152732
Kulturministre_fra_Færøerne	697089
Videregående_uddannelser_i_Danmark	172801
Årets_fodboldtræner_i_Danmark	116629
Dansk_Film-Avis_nr._538	830818
Dansk_Selskab_for_Rumfartsforskning	39
Dansk_europacupdeltagelse_(herrehåndbold)	293617
Danmarks_ambassadører_i_Norge	537270
Dansk_europacupdeltagelse_(kvindehåndbold)	293652
Frederikke_Amalie_af_Danmark	719604
Et_selskab_af_danske_kunstnere_i_Rom	686241
Dansk_Fotografisk_Forening	406264
Danske_fodboldlandskampe	227921
Den_danske_Guldkyst	350641
Danmarks_regeringer	36713
Gammeldansk	83578
Danmarks_Kirkelige_Mediecenter	663841
Den_danske_Halle-mission	202299
Frederik_af_Slesvig-Holsten-Sønderborg-Glücksborg_(1814-1885)	404847
Offshore_Center_Danmark	554533
Danske_Gymnasieelevers_Sammenslutning	118075
Bloktilskud_til_Færøerne	310129
Adel_i_Danmark	456915
Dansk_Tennis_Forbund	371716
NOAH_(dansk_miljøorganisation)	187978
Flyulykker_i_Danmark	503171
Færøernes_Stift	171750
Kong_Frederik_VIII_besøger_Færøerne	831094
Emil_af_Slesvig-Holsten-Sønderborg-Augustenborg	457122
Den_Danske_Netordbog	16471
Danmarksturneringen_i_atletik_2009	426099
Dansk_Front	110739
Danmarks_traditioner_og_mærkedage	13423
Danmarks_Blinde	460794
Dansk-tyske_traktat_af_1922	404074
Den_gale_dansker	96152
Dansk_Ejendomsmæglerforening	149357
De_Danske_Skytteforeninger	109801
Anna_af_Slesvig-Holsten-Sønderborg	825937
Danske_Samlinger_for_Historie,_Topographi,_Personal-_og_Literaturhistorie	747981
Danmarks_Nationalsocialistiske_Arbejderparti	79676
Vilhelm_af_Danmark	751122
Frederik_af_Danmark_(1529-1556)	717587
Dansk_Sløjdlærerforening	297105
Frederik_August_af_Slesvig-Holsten-Sønderborg-Augustenborg	405576
Fugleliv_i_Danmark	820942
Dansk_litteratur	466436
Det_danske_stelnummersystem_for_cykler	147598
Det_danske_Congo-Æventyr_-_Erobrerne	832316
X_Factor_2008_(Danmark)	325469
Dansk_Netværk	396609
OL-medaljevindere_fra_Danmark	654756
Fiskeribyer_i_Danmark	291789
Det_Danske_Luftfartselskab	262508
Kongeparret_på_Grønland_1952	830546
Motorvejskryds_i_Danmark	307754
Danske_Arkitekters_Landsforbund	356670
Dansk_Land_og_Strandjagt	379917
De_25_bedste_danske_film	255949
Og_det_var_Danmark...	249350
Retten_på_Færøerne	310037
Danmarks_Pædagogiske_Universitetsskole,_Aarhus_Universitet	31318
Erhvervsministre_fra_Færøerne	777615
Den_Danske_Mercurius	43439
Marshall-hjælp_til_dansk_Skibsfart	831045
Danske_træer	12148
Hotel_Kongen_af_Danmark	449430
Dansk_Sygeplejeråd	140164
Dansk_Ungdom	532012
Dansk_Oversætterforbunds_Ærespris	514656
2._etape_af_Post_Danmark_Rundt_2008	290437
2._etape_af_Post_Danmark_Rundt_2009	375809
Det_kgl._danske_Haveselskabs_have	437333
Skipperbyer_i_Danmark	291833
Voice_Danmark	824605
Det_Danske_Kulturinstitut	266783
Frederik_af_Slesvig-Holsten-Sønderborg-Nordborg	418951
Dansk_Kennel_Klub	85908
Mit_Danmark_-_film_nr._10	831255
Danmarks_eksklusive_økonomiske_zone	368667
Dansk_Socialistisk_Parti	453818
Danske_adelsslægter	20512
Danmarks_Frihedsråd	61791
Den_Danske_Reklameskole	794514
Den_Danske_Regnskabsordbog	31580
Danske_Banks_Litteraturpris	399592
Team_Danmark	124630
Dansk_MultiSport_Forbund	313559
Ulrikke_Eleonore_af_Danmark	400547
De_Danske_Vognmænd_ApS	785438
Dansk_Luft_Express	283596
Dansk_Bibliofilklub	470780
Danske_mestre_i_atletik_(kvinder)	241798
Danmarks_urhistorie	468103
Kalkmalerier_i_danske_kirker	301591
Dansk_Retursystem	387822
Frederik_2._af_Slesvig-Holsten-Gottorp	185268
Danske_vandkraftværker	85367
GO'_Morgen_Danmark	338064
Danske_Monarki	85655
Grønlands_nationaldag	646408
Peter_af_Slesvig-Holsten-Sønderborg-Glücksborg	435584
Sundhedsministre_fra_Færøerne	696883
Jacob_den_Danske	129344
Karen_Blixen_i_Danmark_-_Breve_1931-1962	372955
Grønlands_Boldspil-Union	177872
Danmark_(skib)	550489
Det_Kongelige_Danske_Landhusholdningsselskab	227345
Tv-kanaler_på_dansk	237211
Det_Kongelige_Danske_Kunstakademi	23103
Vestgrønland	88859
Frederik_4._af_Slesvig-Holsten-Gottorp	184022
Dansk_Fryse_Økonomi	417992
Danmarks_ambassadører_i_Østrig	537272
Danske_medlemmer_af_Europa-Parlamentet_1999-2004	655525
Danske_Anlægsgartnere	482990
Dansk_etymologisk_ordbog	132889
Danske_mesterskaber_i_atletik	370140
Turisme_i_Danmark	1305
Danmarks_Ugler	832391
Færøernes_historie	64244
Danmarks_historiske_unioner	282748
Sporveje_i_Danmark	466980
Kongen_af_Danmark_(flertydig)	167792
Grønland_i_sol	820670
Danmarks_Cykelmuseum	97971
Den_danske_Landinspektørforening	562525
Den_danske_guldalder	194703
Danmarks_Agrarforening	506390
Danmarks_rigsvåben	188910
Negativ_impedanskonverter	650282
Slesvig-holstenisme	487201
Danmarks_største_byer	225974
Storlogen_af_Danmark	106500
DIS_Danmark	66126
Danmarks_statsministers_nytårstale	238646
Danske_mesterskaber_i_atletik_1907	500992
Danske_mesterskaber_i_atletik_1906	495524
Danske_mesterskaber_i_atletik_1905	495402
Danske_mesterskaber_i_atletik_1904	480816
Danske_mesterskaber_i_atletik_1903	370003
Danske_mesterskaber_i_atletik_1902	367829
Danske_mesterskaber_i_atletik_1901	367076
Danske_mesterskaber_i_atletik_1900	367065
Dansk_sygeplejerske_i_Kenya	831646
Flagdag_for_Danmarks_udsendte	350909
Barbarossa_og_den_danske_grundlov_-_om_grundlovsbruddet_22._juni_1941.	820377
Dansk_geværeksercits	119458
Danmarkshistoriens_personer	22550
Stage_fight_Danmark	367919
Anden_etnisk_baggrund_end_dansk	530908
Luftfartsselskaber_i_Danmark	651748
Færøernes_Nationalbibliotek	264353
Danske_Døves_Landsforbund	326996
Find_Holger_Danske	749296
Østdansk_Turisme	246784
Dansk_Sportsdykker_Forbund	151937
Christine_af_Danmark	287665
Dansk_Autohjælp_Holding	237208
Dansk_Volleyball_Forbund	555323
Med_kongeparret_i_Grønland	830982
Matematiske_institutter_i_Danmark	72732
Danske_Artilleriregiment	93494
Danmarks_ambassader	647161
Illustreret_Danmarkshistorie_for_Folket_(Deleuran)	51647
JCI_Danmark	766261
Ingeborg_af_Danmark	185759
Dansk_Museums_Dokumentations_Standard	233186
Dansk_Døve-Idrætsforbund	432004
Danmarks_U/17-fodboldlandshold	503632
Christoph_af_Slesvig-Holsten-Sønderborg-Glücksborg	404849
Danske_Runeindskrifter	639999
Dansk_film_100_år_-_Børn_og_unge	830660
Dansk_krigsfangehjælp_i_Rusland_og_Sibirien_1917-20	459921
Kirkelig_Forening_for_den_Indre_Mission_i_Danmark	50245
Det_Danske_Frimurerlaug	466551
Frikorps_Danmark	37262
Fiskeriministre_fra_Færøerne	697856
Dansk_Hattefabrik	691018
Danmarks_Socialdemokratiske_Ungdom	45
Danmarks_flora_og_fauna	83082
Slesvig-Holsten_(provins)	309028
Den_Danske_Ordbog	72644
Rød_dansk_malkerace	73649
Dansk_Jersey	36659
Rutenummererede_veje_i_Danmark	91742
Ladepladser_i_Danmark	290785
Dansk_Amerikansk_Fodbold_Forbund	111303
Danmarksmesterskaberne_i_landevejscykling_2012	646904
Den_gymnasiale_uddannelse_i_Grønland	716387
Dansk_Folkeparti_(1941-1943)	150352
Dansk_film_100_år	820832
Dansk_Teknologihistorisk_Selskab	334038
Alle_i_Danmark_fisker	830586
Dansk_Kvindebiografisk_Leksikon	239147
Den_Danske_Dommerforening	390126
Danske_Medier	681836
Danske_medlemmer_af_Europa-Parlamentet_1984-1989	690019
Den_danske_atomkampagne	464756
Danmarks_Ligalandshold	432888
Christian_af_Danmark_(1603-1647)	235833
Dansk_litteratur_i_middelalderen	454623
Danmarks_Industrimuseum	116484
Dansk_Støberimuseum	485877
De_Danske_Forsvarsbrødre_for_Fredericia_og_Omegn	525880
Frederik_3._af_Slesvig-Holsten-Gottorp	184011
Danmarksturneringen_i_atletik_2011	527251
Danmarksturneringen_i_atletik_2010	452078
Danmarksturneringen_i_atletik_2014	790034
Grønlandspumpen	465495
Den_danske_landsbyskole	820443
Dansk_Farmacihistorisk_Fond	204141
Danmarks_Lærerforening	135246
Dansk_Sprognævn	11853
Danske_nummerplader_1903-68	101483
Frederik_Henrik_Vilhelm_af_Slesvig-Holsten-Sønderborg-Glücksborg	404841
Christian_af_Slesvig-Holsten-Sønderborg-Ærø	418953
Fuglenes_Danmark	113913
Region_Syddanmark	41241
Naturtyper_i_Danmark	23125
Det_danske_kongehus	16927
Redningssvømmer_i_Danmark	204245
Landstingsvalget_i_Grønland_2005	481954
Det_Danske_Gaskompagni	470600
Slesvig-Holsten	20832
Dansk-palæstinensere	765082
Fra_Danmark_til_fronten	832012
Dansk_Litteraturpris_for_Kvinder	685826
Dansk_Jagthunde_Registrering	764331
Dansk_Danseteater	166819
Danmark_er_lukket	83338
Danmarks_Kommunistiske_Ungdomsforbund	273617
Tyske_flygtninge_i_Danmark	820272
Pension_i_Danmark	86747
Toldsagen_2013-15_om_Færøernes_finansminister	790668
Rejsetiden_for_tog_i_Danmark_2015	789888
Dansk_Frisør_og_Kosmetiker_Forbund	176417
Retshåndhævelsen_på_Grønland	493818
Dansk_Normalnul	755432
Danmarks_industrielle_Etablissementer	464400
Dansk_litteratur_(film)	820515
Danmarks_Ishockey_Union	534679
Landstingsvalget_i_Grønland_2009	385469
Østjylland_-_Danmark	831053
Fællesrepræsentationen_for_dansk_Industri_og_Haandværk	550664
Post_Danmark_Rundt_2013	690732
De_Danske_Spritfabrikker	4321
Kongelig_Dansk_Aeroklub	119904
Det_gjensidige_Forsikringsselskab_"Danmark"	449425
Bunkermuseer_i_Danmark	313175
6._etape_af_Post_Danmark_Rundt_2011	516431
Dansk_energi	820210
Kampen_Om_Danmark	195624
Dansk_Arkitektur_Center	241003
Atuagagdliutit/Grønlandsposten	76873
X_Factor_2011_(Danmark)	476535
Esperantoforeningen_for_Danmark	113909
Lars_Danielsson_(dansk_bassist)	404714
Monument_over_Danmarks_internationale_indsats	780314
Danske_stamhuse_og_fideikommiser	425860
Dansk_Byggeri	161466
Danmarks_Sløjdlærerforening	296823
Danske_traditioner	27485
Danske_Division	499195
Dansk_Santalmission	115525
Fugleinfluenza_i_Danmark	98914
Theude_Grønland	424615
Det_Samfundsvidenskabelige_Fakultet_(Syddansk_Universitet)	294236
Velfærdsstaten_i_Danmark	508679
Dansk_Atletik_Forbund	44291
Grønland-Skotland_Ryggen	361622
Det_Kongelige_Danske_Kunstakademis_Skoler_for_Arkitektur,_Design_og_Konservering_-_Arkitektskolen	139198
Danske_Advokater	396808
Danmark,_nu_blunder_den_lyse_nat	155521
Dorothea_af_Danmark	708249
Vilhelmine_af_Danmark	42923
Landdagen_(Slesvig-Holsten)	98316
Det_Danske_Filmstudie	384711
Grønlandsministeriet	96505
Studenterhue_(Danmark)	60725
Sophie_Katharina_af_Slesvig-Holsten-Sønderborg	661242
Den_danske_Liga_Cup	201051
Meddelelser_om_Grønland	222097
Røveriet_mod_Dansk_Værdihåndtering	751134
Syddanske_Medier	167858
De_danske_hjertevarmere	475474
DI_-_Dansk_Industri	300109
Dansk_Luft_Rederi	283600
Dansk_Sociologforening	394314
Syddansk_Universitetsforlag	232082
Det_Sudanske_Folks_Befrielses_Hær	478659
Flora_Danica_Det_er:_Dansk_Urtebog	757256
Dansk_Landsforening_for_Laryngectomerede	95832
Danmarks_statsgæld	380396
FSR_-_danske_revisorer	670312
Færøernes_billedkunst	685788
Bibelen_på_hverdagsdansk	240821
Dansk_Floorball_Union	284000
Foreningen_af_Danske_Sceneinstruktører	176646
Frederik_2._af_Slesvig-Holsten-Sønderborg-Glücksborg	435570
Danske_Baptisters_Spejderkorps	29534
Dansk_Ride_Forbund	212283
Grønland_(film)	820238
Folkeafstemning_om_Prins_Carl_af_Danmark_som_norsk_konge	788932
Den_Danske_Sommerskole	452952
Dansk_Sygeplejehistorisk_Museum	475180
Danmarksserien_for_herrer_2011-12	525242
Danske_orlogsskonnerter	255736
Frederik_Christian_2._af_Slesvig-Holsten-Sønderborg-Augustenborg	63126
Danske_Regioner	92960
Dansk_Sløjdforening	213630
Steder_opkaldt_efter_danske_kongelige	468304
Grønlands_Kvindehåndboldlandshold	523652
Energiforum_Danmark	483138
Norddanmark	405972
Landsforeningen_Danske_Folkedansere	342884
De_Danskes_Øer	826776
Nu_Gælder_Det_Danmark!	539441
Danmarks_landsdele	705643
Den_danske_tronfølge	53899
Indikativ_i_grønlandsk_grammatik	738090
Det_danske_Congo-Æventyr_-_Hjælperne	832317
Dansk_Hypertensionsselskab	460708
Gårdtun_fra_Færøerne_(Frilandsmuseet)	692900
Danske_Bank	83498
Danmark,_mit_Fædreland	293742
Energiministre_fra_Danmark	764786
Det_danske_sundhedsvæsen	219640
Valg_på_Færøerne	822547
Vestgrønlandske_jagtområder	702589
Danmarks_Nationalsocialistiske_Bevægelse	81152
Uofficielt_Danmarksmesterskab_i_indendørs_fodbold	150964
Danmarks_futsallandshold	551205
Dansk_Sojakagefabrik	278096
Grønlands_flag	91354
Foreningen_Dansk_Arbejde	623033
Grønlandskommissionen	416379
McDonald's_Danmark	384264
Organisationen_Danske_Arkiver	243529
Danmarks_Folkelige_Broderier	177296
Gymnasiale_uddannelser_i_Danmark	172793
Mest_besøgte_danske_turistattraktioner	781732
Saneringsplaner_i_Danmark	346145
Den_danske_Præsteforening	224532
Sortbroget_dansk_malkerace	9872
Biologisk_Institut_(Syddansk_Universitet)	318981
Danske_Studier	718777
Gammel_dansk_hønsehund	83475
Egernførde_danske_Kirke	339874
Det_Kongelige_Kjøbenhavnske_Skydeselskab_og_Danske_Broderskab	464687
Dansk_Skoleskak	387311
Danmarks_Indsamling	416594
Musikken_i_Danmark	342944
Danmarks_kvindefodboldlandshold	304097
Illustreret_Danmarkshistorie_for_Folket_(Fabricius)	192523
Anna_af_Danmark_(1574-1619)	241395
Danske_Filmkritikere	440391
Krigen_mellem_Danmark-Norge_og_Algier	793234
Danske_Privathospitaler	171166
Færøernes_fodboldlandshold	64491
Dansk_Biografisk_Leksikon	20004
Socialministre_fra_Danmark	93192
Maritimt_Center_Danmark	187462
Danmarks_Idrætsforbund	27479
Nedlagte_folkekirker_i_Danmark	612228
Visens_Venner_i_Danmark	147729
Dansk_Voksenundervisning_i_Sydslesvig	552682
Danske_Dramatikere	105898
Danmark_-_Dit_og_mit	820284
Færøerne_ved_Island_Games_2013	795540
Hodja,_Romeo,_bohemen_og_den_danske_sang	625451
Hans_af_Danmark_(1583-1602)	726817
Danmark_ved_sommer-OL_1896	94059
De_samvirkende_danske_Forsvarsbroderselskaber	375358
Danmarks_Privatskoleforening	53157
Dansk_Hockey_Union	308254
Danske_middelalderklostre	90773
Danmark_for_Folket	829917
Sankt_Villehad_af_Danmark	309615
Dansk_tegnsprog	446347
Sanne:_et_portræt_af_hele_Danmarks_rock-mama	831753
Dansk_Bordfodbold_Forbund	302077
Dansk_Syrisk_Forening	787064
Dansk_Brand-_og_sikringsteknisk_Institut	428133
Dansk_Skat_Union	146886
Færøernes_lagtingsformænd	780362
Vilhelmine_Ernestine_af_Danmark	735787
6._etape_af_Post_Danmark_Rundt_2008	290444
6._etape_af_Post_Danmark_Rundt_2009	376336
Danmarksturneringen_i_kvindefodbold	205760
Grønlandsk-dansk_selvstyrekommission	370265
Foreningen_for_Kønsforskning_i_Danmark	225437
Dansk_Folkeparti	207701
Dansk_spillemandsmusik	63620
Dansk_Sundhedstjeneste_for_Sydslesvig	313506
Dansk_Ornitologisk_Forening	143484
Danmark_ved_OL	652112
Danmarks_Naturkanon	392203
Danske_Kirkedage	344838
Danske_Færger_A/S	516765
Grønlands_Spejderkorps	167900
Dansk_Natur	831408
Den_Danske_Salmebog	192301
Lebara_Danmark	464230
Johan_Adolf_af_Slesvig-Holsten-Sønderborg-Pløn	779999
Gads_danske_Magasin	351396
De_er_jo_ikke_engang_danskere	820360
Danmarks_historie_(1945-1990)	188402
Aprilsnar_i_danske_medier	105125
Dansk_Artist_Forbund	294599
Den_danske_teaterlov	152713
Christine_Elisabeth_af_Slesvig-Holsten-Sønderborg	830200
Dansk_Kabel_TV	623143
Dansker_(album)	784736
Louise_Sophie_Frederikke_af_Slesvig-Holsten-Sønderborg-Glücksborg	483867
Det_Kongelige_Danske_Musikkonservatorium	28914
Syddansk_Universitet	20945
Dansk_Forening_for_Rosport	217741
Dansk_Kirketidende	450393
Danmarks_Forskningsbiblioteksforening	262745
Dansk_Styrkeløft_Forbund	194899
Danske_kunsthåndværkere	449884
Ford_Motor_Company_(Danmark)	726794
Solidarnosc_-_Håbet_fra_Gdansk	831600
Gifted_Children_Danmark	664463
Livet_i_Danmark	820252
Den_Danske_Frimurerorden	441447
Dansk_bladtegning_-_danske_bladtegnere._En_dokumentation.	820399
Danske_kunstskatte_til_England	820810
Danske_Specialmedier	388957
Grønlands_moskusokser	831133
Danske_statsministre	94567
Theresienstadt_-_danske_børn_i_nazistisk_fangenskab	831451
Dansk_Orienterings-Forbund	555325
Valgkredse_i_Danmark	486748
Julehilsen_til_Grønland	236030
Danmark_1974	820331
I_Danmark_er_jeg_født_(album)	256485
Dansk_Søvn-Apnø_Forening	213587
Justitsministre_fra_Danmark	93177
Aldersgrænser_på_film_i_Danmark	222383
Landsplanlægning_i_Danmark	345298
Kørsel_med_grønlandske_Hunde	281336
Ítróttarfelagið_Føroyar	175434
Danske_indvandrere_i_Argentina	230416
Danmarks_største_øer	586341
Færøernes_fugle	50875
Færøernes_Hjemmestyre	213755
Det_Danske_Sprog-_og_Litteraturselskab	319558
Johan_Adolf_af_Slesvig-Holsten-Gottorp	184003
Danmarks_Naturvidenskabelige_Akademi	688388
Den_danske_Folkekirkes_mellemkirkelige_Råd	184261
Snedker-_og_Tømrerforbundet_i_Danmark	476551
Mellemlange_videregående_uddannelser_i_Danmark	173603
Årets_Bil_i_Danmark	531646
Dansk_Islamisk_Begravelsesfond	134131
Louise_Augusta_af_Danmark	241157
Årets_fodbolddommer_i_Danmark	699875
Dorothea_af_Danmark_(1504-1547)	715420
Frederik_Christian_August_af_Slesvig-Holsten-Sønderborg-Augustenborg	363955
DanmarkDenmark	358924
Det_danske_køkken	30998
Dansk_Filmrevy_1941-1942	830977
Nummer-et_hits_i_Danmark_i_2011	786652
Nummer-et_hits_i_Danmark_i_2010	786650
Det_dansk-norske_alfabet	694024
Nummer-et_hits_i_Danmark_i_2015	792042
VIP_TvDanmark	338136
Udenrigsministre_fra_Danmark	93781
Under_de_danske_Bøge	831007
Det_Danske_Gastronomiske_Akademi	266761
Arkiv_for_Dansk_Litteratur	20100
ADRA_Danmark	383666
Det_Danske_Akademis_Store_Pris	201970
Vietnamesere_i_Danmark	622767
Færøernes_flag	110032
Ungdomsuddannelser_i_Danmark	172781
Danmarks_Eksportråd	119425
Årets_virksomhed_(Færøerne)	792029
Danske_satellitter	16454
Dansk_Zionistforbund	343519
Danmarks_Flymuseum	312715
Europa-Kommissionen_i_Danmark	453880
Dansk_BordTennis_Union	555489
Foreningen_af_Lokalunioner_i_Danmark	177907
Danske_Bioanalytikere	207428
Prinsesse_Ingeborg_af_Danmark	93243
Sophie_af_Danmark	720471
Nummer-et_hits_i_Danmark_i_2013	790333
Den_Danske_Pioneer	312016
Danmarks_Kommunistiske_Ungdom	543458
Peter_August_af_Slesvig-Holsten-Sønderborg-Beck	178984
Dansk_Kommunikationsforening	227897
Dansk-Skaansk_Forening	201975
Dansk_Teknologi	187183
Niels_af_Danmark	7300
Det_Danske_Kriminalakademis_debutantpris	827506
Familien_Danmark	820587
Ejendomsforeningen_Danmark	356641
Liste_over_danske_pengeinstitutter_efter_størrelse	709953
Ulrik_af_Danmark_(1578-1624)	726355
Elisabeth_af_Danmark	711266
Marineministre_fra_Danmark	93638
Østdanmark	721002
Dansk_(skriftsprog)	19600
Dansk_Vægtløftnings-Forbund	561896
Danmarks_Grimmeste_Festival	199708
Dansk_Etnografisk_Forening	209399
Dansk_(sprog)	20841
Danske_bynavne_og_deres_betydning	766853
X_Factor_2013_(Danmark)	694434
Islam_i_Danmark	94726
Paradise_Hotel_(Danmark,_sæson_10)	747508
Det_kæmpende_Danmark	831017
Havet_omkring_Danmark	820915
Danmark_i_Afghanistan	830659
Danske_soldatergrave_i_Braine	640002
Dansk_Skolesløjds_Forlag	367984
Foreningen_Danske_Detektiver_og_Erhvervsefterforskere	792576
Designmuseum_Danmark	199102
Kiwi_Danmark	826709
Danmarks_Kommunistiske_Parti	39973
Dansk_BiblioteksCenter	26484
Dansk_Tennis_Club	733299
Danmarksturneringen_i_fodbold	106547
Dansk_Vampyr_Selskab	147676
Dansk_Lægemiddel_Information_A/S	357665
Forsvarsministre_fra_Danmark	93634
Malerforbundet_i_Danmark	259662
IBM_Danmark	723690
Danmarksfilm	820026
Dansk_Varmblod_(hesterace)	321344
Danske_OL-deltagere_i_atletik	370471
Posebind_i_kunstværker_i_Danmark	81250
Dansk_Selskab_for_Otolaryngologi_-_Hoved_&_Halskirurgi	204674
Dansk_Folkescene	370838
Erhvervsministre_fra_Danmark	375028
Masterchef_Danmark	527985
Dansk_Røde_Kors	689609
5._etape_af_Post_Danmark_Rundt_2009	376191
5._etape_af_Post_Danmark_Rundt_2008	290443
Aktive_Kvinder_i_Danmark	327285
Danmarks_Statistik	21038
Emil_August_af_Slesvig-Holsten-Sønderborg-Augustenborg	770141
Dansk_Cater	783824
Grønland_Fiskeri_I_og_II	831852
Danmarks_bedste_fodboldspiller_gennem_tiderne	499008
Danmarks_Kristelige_Gymnasiastbevægelse	269086
Danmarks_geografi	261686
Dansk_Kosmetologforening	738772
Paradise_Hotel_(Danmark,_sæson_9)	692399
Dansk_EL-Forbund	294596
Danske_landhøns	514047
Danske_ugeblade	27710
Den_danske_tragedie	161539
Basisundervisning_i_dansk	73145
Danmarks_Olympiske_Akademi	683835
Elisabeth_af_Grækenland_og_Danmark	508036
Panserfregatten_Danmark	346799
Sommer_i_Nordgrønland	831997
Oluf_af_Danmark	748037
Grønlands_Landsting	65710
Ryttere_og_hold_i_Post_Danmark_Rundt_2013	720865
Danskfodbold.com	431638
Ryttere_og_hold_i_Post_Danmark_Rundt_2010	450741
Europa-Parlamentsvalget_2014_i_Danmark	756256
Danmarks_historie_(1397-1536)	270051
Deportationen_af_det_danske_politi	168104
Forfatterlexikon_omfattende_Danmark,_Norge_og_Island_indtil_1814	295605
Dorothea_af_Danmark_(1520-1580)	275450
Dansk_uradel	20006
Gøtudanskt	63494
Fyrtårne_i_Danmark	668009
Kongevej_(Danmark)	48589
Danske_Fysioterapeuter	207657
Grønlands_fodboldlandshold	281242
Dansk_International_Bosætningsservice	294573
Danmarks_floorballlandshold	290749
Hjuldampskibet_Holger_Danske	205902
Dansk_Aktionærforening	260940
Fahrenheit_(dansk_band)	495489
Nikolaos_af_Grækenland_og_Danmark	533885
Danske_Malere	830971
DTT_i_Danmark	593822
Udkantsdanmark	436301
Den_Serbisk_Ortodokse_Kirke_i_Danmark	366195
Charlotte_Amalie_af_Danmark_(flertydig)	748649
Danmarksmesterskab_(kvindefodbold)	205775
Joachim_Ernst_af_Slesvig-Holsten-Sønderborg-Pløn	825744
Postnumre_i_Danmark	66976
Danske_Forvaltning	544123
Dansk_Melodi_Grand_Prix_2002	513497
Voice_-_Danmarks_Største_Stemme_(Sæson_2)	678438
Dansk_Melodi_Grand_Prix_2000	283219
Dansk_Melodi_Grand_Prix_2001	513467
Dansk_Melodi_Grand_Prix_2006	485061
Dansk_Melodi_Grand_Prix_2007	306386
Dansk_Melodi_Grand_Prix_2004	513502
Dansk_Melodi_Grand_Prix_2005	332749
Danmarks_forhistorie	84655
Dansk_kulturhistorisk_Opslagsværk	715731
Dansk_Melodi_Grand_Prix_2008	466740
Dansk_Melodi_Grand_Prix_2009	325844
Danske_Ølentusiaster	66134
Grønlandsk_musik	113294
Dansk_Erhverv	162874
Grønlands_Landsret	480545
Ingeborg_af_Danmark_(13._århundrede)	93990
Danske_torpedobåde	180529
Bybegrebet_i_Danmark	291081
De_Danske_Cichoriefabriker	316481
Danske_kanonbåde	187548
Danmarksmesterskab_(håndbold)	353577
Engelsk-Dansk_Biscuits_Fabrik	319167
Danmarksturneringen_i_fodbold_1974	705031
Grønlands_Kulturhus	439688
Danske_Psykomotoriske_Terapeuter	194110
Dansk_Amatør_Teater_Samvirke	250067
Dansk_Institut_for_Internationale_Studier	62321
Kilder_til_dansk_middelalder	441333
Dansk_Astragel	377421
Dansk_Udenrigspolitisk_Institut	169889
Ligasystemet_i_dansk_fodbold	697061
Herreder_i_Danmark	13681
Danmark_ved_sommer-OL_1948	514590
Den_Danske_Blæserkvintet	259337
Danskelinks	167464
Dansk_Faldskærms_Union	120227
Herregårde_i_Danmark	329368
Nudansk_Ordbog	77713
Stationsbyer_i_Danmark	18412
Danske_regnskabsvejledninger	302763
Danmark_(ø)	715806
Dansk_Rock_Historie_1965-1978	475695
Charlotte_af_Danmark	100243
Margrethe_af_Slesvig-Holsten-Sønderborg	826771
Dansk_Kano_og_Kajak_Forbund	469790
Liste_over_kaserner_i_Danmark	797715
Det_Naturvidenskabelige_Fakultet_(Syddansk_Universitet)	318951
Danmarksmesterskab_(brassband)	643904
Danske_monarkers_titler	556643
Projekt_Danske_Dyrenavne	15898
Dansk_Folkeforening	487217
Danmarks_Sukkermuseum	753265
Vejrekstremer_i_Danmark	139813
Dansk_Frøavls_Kompagni_og_Markfrøkontoret_Trifolium	690996
De_Danske_Sprængstoffabrikker	452412
Dansk-Baltisk_Auxiliær_Corps	512150
Julius_af_Slesvig-Holsten-Sønderborg-Glücksborg	785560
Dansk_Muslimsk_Union	261315
Vitus_Bering_Danmark	203988
Alexandra_af_Danmark	182326
Dansk_Værdihåndtering	293120
Danske_dialekter	113019
Danske_Billeder_for_Skole_og_Hjem	125482
Elisabeth_af_Danmark_(1485-1555)	711672
Dansk_Botanisk_Arkiv	222094
Danmarksserien_for_herrer	117632
De_ungarske_soldater_i_Danmark	150657
Danmarksturneringen_i_atletik	366680
Danmarks_Evalueringsinstitut	676969
Anna_af_Danmark_(1532-1585)	405216
Kaffesurrogatfabriken_Danmark	537700
Dansk_Data_Arkiv	87064
Martsrevolutionen_(Danmark)	400065
USA's_ambassadør_i_Danmark	745014
Masteruddannelser_i_Danmark	287645
Dansk_Røde_Kors'_fortjensttegn	785356
Dansk_Hunderegister	247721
Dansk_hjælp_-_til_selvhjælp?	831863
Dansk_Melodi_Grand_Prix_1997	283222
Lyssky_transport_gennem_Danmark	61993
Den_Dansk-Svenske_Krig_1808-1809	756492
Danske_Kommuner_(magasin)	474629
Militærmuseer_i_Danmark	223346
Danmarks_gamle_Folkeviser	139334
Dansk_Blindesamfund	392941
5._etape_af_Post_Danmark_Rundt_2011	516428
Danmarks_politik	135818
Miljøministre_fra_Danmark	94163
Dansk_deltagelse_i_den_syriske_borgerkrig	756537
Dansk_Radio_Hjælpefond	526903
MedWatch_(Danmark)	690210
Dansk-pakistanere	656550
Den_danske_Vitruvius	370314
Den_danske_Boghandlerforening	39674
Danske_Gymnastik-_&_Idrætsforeninger	109851
Dansk_Forfatterforening	266561
Sortbroget_dansk_landrace	82719
Danmarks_historie_(1814-1848)	308959
Paradise_Hotel_(Danmark,_sæson_8)	537605
Den_danske_kavalkade	831145
Dansk_Squash_Forbund	239778
Det_danske_kulturlandskabs_udvikling	474921
Juliane_Sophie_af_Danmark	656928
Louise_af_Danmark_(1750-1831)	119538
Forbundet_Træ-Industri-Byg_i_Danmark	106189
Peter_Grønland	249148
Social-_og_sundhedsuddannelser_i_Danmark	172787
Helge_(dansk_konge)	11909
Grønland	1965
Dansk_Naturvidenskabsfestival	238596
Grønlands_udenrigsrelationer	493828
Koblingen_af_menneskerettighederne_på_den_danske_udviklingsbistand	760800
3._etape_af_Post_Danmark_Rundt_2009	375913
3._etape_af_Post_Danmark_Rundt_2008	290439
Nydansk	759090
Dansk_musik_i_2013	688430
Ryttere_og_hold_i_Post_Danmark_Rundt_2009	375335
Vinterliv_i_Nordgrønland	832511
Danmarks_gesandter_i_Det_tysk-romerske_Rige	537273
Robert_for_årets_danske_spillefilm	142254
Autoriserede_stednavne_i_Danmark	41392
Grønlands_herrehåndboldlandshold	543552
Harreslev_danske_Kirke	339582
Illustreret_Danmarkshistorie_for_Folket	192519
Retten_i_Grønland	480551
Dansk_Ingeniørforening	360285
Danmarks_Basketball_Forbund	119969
Europe_-_Danmark	831543
Nissebanden_i_Grønland	44690
Marina_af_Grækenland_og_Danmark	507274
Danmarks_Port	699098
Dansk_sømil	17179
Billeder_af_Danmarks_Dyreliv	831621
Danske_Studenters_Roklub	314397
Dansk_biologisk_Station	226428
Det_Dansk-Franske_Dampskibsselskab	452417
Tidslinje_for_Danmarks_historie	275024
Danske_medlemmer_af_Europa-Parlamentet_2009-2014	655517
Danske_Malermestre	149573
Voice_-_Danmarks_Største_Stemme_(Sæson_1)	678390
Kommuner_i_Danmark	19978
Grønlands_Kommando	83132
Danske_Fodbold_Fanklubber	151424
Dansk_Bredbånd	106269
Tilbagetrukne_numre_i_dansk_ishockey	695502
Grønlandske_kroner	486751
Helene_af_Slesvig-Holsten-Sønderborg-Glücksborg	520402
Sydslesvigs_Danske_Kunstforening	364194
Jørgen_Roos_og_Grønland	831490
Charlotte_Amalie_af_Danmark	268517
Terrorangrebet_på_den_danske_ambassade_i_Pakistan_2008	276927
Foreningen_Af_Danske_Spiludviklere	523357
Christian_Adolf_af_Slesvig-Holsten-Sønderborg	418955
Finansministre_fra_Danmark	53806
Kronprinsen_og_Danmark_-_en_komedie_om_Kongehuset	755433
Liste_over_herreder_i_Danmark	769643
Folkeafstemningen_om_salg_af_Dansk_Vestindien	265467
De_Danske_i_Paris	72842
Danmark-Norges_Historie_fra_den_store_nordiske_Krigs_Slutning_til_Rigernes_Adskillelse	315216
Dansk_Melodi_Grand_Prix_2015	768440
Dansk_Melodi_Grand_Prix_2014	728152
Finanskrisen_på_Færøerne_1989–1995	799738
Dansk_Melodi_Grand_Prix_2011	466717
Dansk_Melodi_Grand_Prix_2010	410919
Dansk_Skoleforening_for_Sydslesvig	60255
Dansk_Melodi_Grand_Prix_2012	522178
Dansk_Data_Elektronik	47279
Transportministre_fra_Danmark	95329
Dansk_Magisterforening	89454
X_Factor_2009_(Danmark)	341003
Danmarks_Film_Akademi	41226
Andre_ungdomsuddannelser_i_Danmark	173594
Dansk_Automobil_Byggeri	57137
Handelskartellet_i_Danmark	259707
Dansk_Vandrelaug	539431
Dansk_Geologisk_Forening	90745
Den_Danske_Dyrlægeforening	219589
Det_Danske_Drengekor	385042
Danmark_ved_sommer-OL_1936	733965
Danmarksmestre_i_skak	75697
Danmark_ved_sommer-OL_1932	657429
Dansk_Forening_for_Ludomaner_og_Pårørende	547464
Dansk_Folkemuseum	93373
Danmarksmesterskab_(rugby)	532683
Den_Danske_Radeerforening	456753
Dansk_Bordhockey_Union	203968
(2117)_Danmark	297952
Post_Danmark_Rundt_2009	330830
Post_Danmark_Rundt_2008	290335
Post_Danmark_Rundt_2007	202041
Post_Danmark_Rundt_2006	203903
Gammel_Dansk	95109
Røn_(Sorbus)_i_Danmark	12229
Dansker-Ligaen	452604
Danske_krydsere	357721
Dansk_Polarcenter	162273
Dansk_Undergrunds_Consortium	135771
Danmarks_Skolebibliotekarers_børnebogspris	785049
Balladen_om_Holger_Danske	88343
Brancheforeningen_for_IT-hostingvirksomheder_i_Danmark	750031
Sortlisten_over_invasive_arter_i_Danmark	653897
Danmarks_regioner	39668
Finansministre_fra_Færøerne	697774
Den_Permanente_Udstilling_for_Dansk_Kunsthåndværk_og_Kunstindustri	517789
Danmarkspokalturneringen	381437
Sandflugt_i_Danmark	243630
X_Factor_2012_(Danmark)	544198
Danmarksmesterskab_(bygarde)	533620
Cocktail_(dansk_film)	64955
Nomineringer_til_Nordisk_råds_litteraturpris_fra_Færøerne	716248
Vikingetiden_på_Færøerne	59931
Lechia_Gdańsk	549197
Dansk_Folkeblad	216761
Tove_af_Danmark	462632
Dansk_Melodi_Grand_Prix_2013	662826
Danmarks_fodboldlandshold	32485
Dansk_kultur	416793
Index_Danmark/Gallup	96927
Dansk_Europamission	445605
Fotorama_-_Grønlandsekspeditionen	830954
Danmarksmesterskab_(svømning)	169622
Dansk_filosofi	794300
Kredsen_Mars_og_Merkur_Danmark	120896
Nummer-et_hits_i_Danmark_i_1994	786640
Danmarks_Miljøundersøgelser	77130
Nummer-et_hits_i_Danmark_i_1998	790560
Dansk_Wikipedia	318923
Danmarks_Motor_Union	134378
Fællesrådet_for_Danmarks_Drengespejdere	429070
Dansk_Arbejder_Idrætsforbund	256423
Det_Danske_Filminstitut	108867
Dansk_Tegneserieråd	780719
Kirkeministre_fra_Danmark	94156
Hedevig_af_Danmark	275468
Flygtningelejre_i_Danmark_1944-1949	469916
Danske_encyklopædiske_online_ressourcer	651731
Ingeniørforeningen_i_Danmark	26659
Dansk_Jernbane-Klub	338326
Geocenter_Danmark	232967
Paradise_Hotel_(Danmark,_sæson_7)	463183
Dorothea_af_Slesvig-Holsten-Sønderborg	825878
2._sudanske_borgerkrig	209030
Plan_Danmark	413269
Færøernes_fodboldforbund	284529
Skoleministre_fra_Færøerne	781061
Frederik_Carl_af_Slesvig-Holsten-Sønderborg-Pløn	345621
Statoil_Fuel_&_Retail_(Danmark)	113671
Dansk_Standard	29527
Dansk_Antijødisk_Liga	453822
Hiv-Danmark	158998
Dansk_Kvinde_Fodbold_Union	179392
JAK_Danmark	731614
CLAY_Keramikmuseum_Danmark	636129
Universiteter_i_Danmark	21975
Danske_Spil	78857
Dansk_Sundhedsinstitut	298453
Da_Freden_kom_til_Danmark	820818
Danmarks_volleyballlandshold	548910
Dansk_Boghandels_Landsstævne	830926
Landbrug_i_Danmark	830550
Bærmispel_(Amelanchier)_i_Danmark	12334
3._etape_af_Post_Danmark_Rundt_2012	656991
3._etape_af_Post_Danmark_Rundt_2011	516419
Kommunalvalg_i_Grønland_2013	701814
University_College_Syddanmark	489992
Populus_i_Danmark	12249
Danske_krøniker	315507
Industrialiseringen_i_Danmark	76929
Danmarks_historie_(1990-)	188401
Dansk_Sløjdlærersamfund	223444
Sonja_Ferlov_Mancoba_-_en_dansk_billedhugger_i_Paris	820953
Danmarks_Lungeforening	386586
Lyksborg_danske_Kirke	339598
Dansk-Svensk_Gårdhund	234079
Danskere_som_døde_eller_blev_såret_i_kamp_9._april_1940	327520
El_Sistema_i_Danmark	561616
Dansk_Jagthundeudvalg	764669
Biao_mod_Danmark	781802
Landslægen_på_Færøerne	177888
Den_danske_Super_Cup	201042
Dansk_Firmaidrætsforbund	505180
Margrete_af_Danmark	284146
Det_danske_Udvandrerarkiv	782374
Dansk_Cricket_Forbund	671433
Danmark-Norge	34475
Færøernes_nationalvåben	138337
Danmarks_undervisningsportal	316214
Dansk-Vestindisk_Rom_Kompagni	664814
Danske_Dagblades_Forening	223969
Dansk_Kvindesamfund	4307
Dansk-Cubansk_Forening	651102
De_danske_årsmøder_i_Sydslesvig	708564
Jazzsamlingerne_ved_Syddansk_Universitetsbibliotek	188186
Danmarksgade_(Fredericia)	703995
Frederik_af_Slesvig-Holsten-Sønderborg-Glücksborg_(1707-1766)	404842
Nomineringer_til_Nordisk_Råds_litteraturpris_fra_Danmark	716369
Dansk_Otolaryngologisk_Selskab	204685
Danmarksmesterskabet_i_Elvis	304453
Kongelig_Dansk_Yachtklub	385332
De_danske_Aarsmøder_i_Sydslesvig_1947	830855
Handelspladser_i_Danmark	120218
Grønlands_Lufthavne	450614
Kongelig_Dansk_Automobil_Klub	385334
Dansk_Annoncørforening	342634
Dansk_Estland	64748
Danmarksmesterskaberne_i_landevejscykling	258582
Østdansk	113029
Dansk_Sløjdlærerskole	208530
Søer_i_Danmark	667825
Danske_Kirkers_Råd	173689
Danskefilm.dk	519698
Muslimsk_Ungdom_i_Danmark	284895
Dansk_Skovforening	159935
Internationale_naturbeskyttelsesområder_i_Danmark	258287
Grønlandske_kap_og_forbjerge	175575
Porcelænsfabriken_Danmark	380330
Danmarks_Riges_Grundlov	12547
Landsbyer_i_Danmark	13296
Luftfartsselskaber_på_Grønland	669194
Færøernes_geologi	76892
DANSK_IT	392239
Dansk_Naturgas	520097
Frit_Danmark	186163
Danmark_ved_sommer-OL_1928	504571
SSO_(danske_gymnasier)	158743
Dansk_Epilepsiforening	368643
Danmark_ved_sommer-OL_1920	717727
Fuglefangst_paa_Færøerne	830692
Anna_af_Danmark	405099
Danske_Livregiment	477660
Dansk_Melodi_Grand_Prix_1978	402190
Samfundet_til_Udgivelse_af_Dansk_Musik	274103
Danske_Filmhits	500797
Forholdet_mellem_Danmark_og_Tyskland	800330
Politiforbundet_i_Danmark	345385
Post_Danmark_Rundt_2015	800015
Post_Danmark_Rundt_2010	448600
Frit_Danmark_(forening)	321827
Post_Danmark_Rundt_2012	563095
Dansk_Komponist_Forening	448339
Danmark-ekspeditionen	142193
Dansk_Landbrug	304398
Sydslesvigs_danske_Ungdomsforeninger	154307
Færøernes_fiskeindustri	228810
Danmarks_Natur-_og_Lægevidenskabelige_Bibliotek	149775
Dansk-svensk_duet	796010
Søren_Christensen_(rigsombudsmand_på_Færøerne)	66441
Danske_ords_etymologi	313241
Grønlandsmesterskabet_i_badminton	706335
Det_Danske_Mælke-Compagni	485588
Konflikten_om_Østgrønland	60620
Boligministre_fra_Danmark	155688
Det_Danske_Jazzcenter	686185
Store_og_gode_Handlinger_af_Danske,_Norske_og_Holstenere	449732
Beskæftigelsesindsatsen_i_Danmark	690164
Dansk_Folkeforsikringsanstalt	487221
Hvor_er_dog_denne_aften_anderledes...Jøder_i_Danmark.	820349
X_Factor_2010_(Danmark)	406023
Danske_medlemmer_af_Europa-Parlamentet_2004-2009	655518
Fællesrepræsentationen_for_specialklubber_for_stående_jagthunde_i_Danmark	764664
Landskamp_Danmark_-_Sverige	830989
Hans_af_Danmark_(1518-1532)	711095
Færøernes_geografi	112339
Syddanske_Forskerparker	155244
Dansk_Tandplejerforening	207695
Dansk_slavehandel	244929
Dansk_Skytte_Union	109860
Det_20._århundrede_-_De_100_mest_betydningsfulde_personer_i_Danmark	258231
Sysselmænd_på_Færøerne	63144
Dansk_Jagt-_og_Skovbrugsmuseum	352466
Sydhavsøerne_(Danmark)	303641
Danmarks_Jægerforbund	715520
20._århundredes_største_danske_ingeniørbedrifter	499838
Vesterland_danske_Kirke	339856
Boligmarkedet_i_Danmark	135528
1._etape_af_Post_Danmark_Rundt_2009	375577
1._etape_af_Post_Danmark_Rundt_2008	290435
Post_Danmark_Rundt_2012_-_ryttere_og_hold	653158
Perkerdansk	326386
Dialog:_Dansk_tidsskrift_for_Kultur	718358
Banedanmark	150483
Ertholmene_-_det_østligste_Danmark	831446
Danmarks_Unge_Katolikker	93181
Holger_Danske_(opera)	151354
CARE_Danmark	167022
Polske_landarbejdere_i_Danmark	329245
Den_danske_Købstadsforening	423744
Christian_August_af_Slesvig-Holsten-Sønderborg-Augustenborg	404834
Uofficielt_Danmarksmesterskab_i_indendørs_fodbold_2009	328333
Danske_sundhedsministre	231282
Danske_Bank_(Finland)	166276
KFUM_og_KFUK_i_Danmark	58335
Dansk_velfærdsreform_2006	116449
Dansk_Skuespillerforbund	293315
Svæveflyveklubber_i_Danmark	71029
Dansk_Botanisk_Forening	225358
Danmarks_Tekniske_Universitet	16451
Paradise_Hotel_(Danmark,_sæson_6)	431125
Dansk_Socialrådgiverforening	165251
Dansk_Dekommissionering	495856
Dansk_vejr	831137
Dansk_Dart_Union	119501
Dansk_Bibel-Institut	436401
Dansk_Demografisk_Database	466830
Amerikanske_forsvarsanlæg_på_Grønland	301144
Midsommer_i_Danmark	831062
1001_fortællinger_om_Danmark	436727
Christian_af_Danmark	664359
Lægeuddannelsen_i_Danmark	118134
Alt_om_Syddanmark	356676
Danmarks_Socialistiske_Befrielseshær	396740
Ikke_alene_Danmark	562255
Hans_af_Danmark_(flertydig)	711085
Dansk_Skolesløjd_(blad)	419635
Det_danske_Kvadratnet	353335
Grønlands_nationalvåben	278112
Dansk_Koncertforening	821311
Danske_Patienter	303634
Olie_Gas_Danmark	734966
De_Danske_Sukkerfabrikker	83807
Statistisk-topografisk_Beskrivelse_af_Kongeriget_Danmark	372276
PGE_Arena_Gdańsk	512995
Urbaniseringen_i_Danmark	221684
Danske_len	83707
Louise_af_Danmark_(1726-1756)	243210
Danske_Skoleelever	90008
Danmarks_håndboldlandshold_(damer)	214045
Grønlandsbanken	482879
Danskhed	520620
Politikens_Dansk_Rock_1956-1997	735279
Fredede_fortidsminder_på_Danmarks_søterritorium	508999
Katolsk_kirke_på_Færøerne	57748
Dansk_Boldspil-Union	26417
Danmarksmesterskab_(fodbold)	844
Trommedans_på_Østgrønland	832282
Folkeafstemningen_om_Danmarks_tilslutning_til_den_fælles_europæiske_patentdomstol	758350
Rytterstatuer_i_Danmark	420619
Danmark_ved_VM_i_fodbold_2010	445137
Undervisningsministre_fra_Danmark	93651
Dansk_ErhvervsFremme	472367
Danmark_92	124138
Dansk_Handel_&_Service	122203
Den_Danske_Isvinter	830810
Operation_rädda_Danmark	447395
Danmarks_U/21-fodboldlandshold	198809
Brændsel_fra_danske_moser	831102
Dansk_AlmenMedicinsk_Database	783989
Dansk_Kirke-Mission	504539
Det_Kongelige_Danske_Kunstakademis_Skoler_for_Arkitektur,_Design_og_Konservering_-_Konservatorskolen	384044
Sammenslutningen_af_danske_socialrådgiverstuderende	300836
Aksel_Sørensen_(Dansk_Skolesløjd)	222644
Hvid_dansk_landkanin	82744
Kommuner_på_Færøerne	66064
Kongeriget_Danmark	48637
Det_Kongelige_Danske_Kunstakademis_Billedkunstskoler	160630
Anna_af_Slesvig-Holsten-Gottorp	827471
Grønlands_Maritime_Skole	451077
Danske_købstæder	132734
Olaf_(dansk_konge)	11991
Dansk_Laborant-Forening	221969
Dansk_Avis_Omdeling	312341
Danmarks_civile_Hundeførerforening	764092
Slesvig-Holsten-Haderslev	647129
Danmarks_Fauna	708503
Elisabeth_af_Danmark_(1573-1626)	725374
Fredede_bygninger_i_Danmark	519782
Det_kongelige_danske_Haveselskab	370820
Dansk_millimeterbind	736348
ITSDanmark	764821
Forstæder_i_Danmark	46823
De_grønlandske_mumier	820973
Foreningen_af_Divisionsklubber_i_Danmark	177809
Danmarks_Gymnastik_Forbund	321303
Færøernes_regioner	822446
Nummer-et_hits_i_Danmark_i_2014	786655
Holger_Danske_(flertydig)	47542
Voice_-_Danmarks_største_stemme	540241
Dansk_Golf_Union	555470
Verdensarvskandidater_i_Danmark	702422
Kongeparrets_besøg_på_Færøerne	830657
Færøernes_Kunstmuseum	57971
Rigsombuddet_på_Færøerne	66449
Danmark_ved_sommer-OL_1912	717848
Dansk_Statistisk_Forening	157571
Dansk_Motor-_og_Maskinsamling	790086
Dansk_Byplanlaboratorium	354128
Danmarks_Kommunistiske_Parti/Marxister-Leninister	113370
Danmarks_historie_(1848-1901)	260796
Dansk_Familie_Blad	718740
Foreningen_af_katolske_børnehaver_i_Danmark	141450
Grønlandshavet	199484
Danske_tab_i_Afghanistan_siden_2002	526325
Danmarksserien_(flertydig)	482199
Grønlandsk_Fjeldsimmer	23391
Nationalpartiet_Danmark	532201
Sammenslutningen_af_Danske_Erhvervsbiavlere	254445
Kristendommens_indførelse_i_Danmark	288235
Kommunistisk_Parti_i_Danmark	85669
Thyra_af_Danmark	734264
Folkeafstemningen_om_Danmarks_deltagelse_i_den_fælles_valuta	313335
Danmarks_Rygerforening	251024
Danske_buske	13194
Danmarksstrædet	53235
Fødevareministre_fra_Danmark	95197
Elisabeth_af_Danmark_(1524-1586)	716471
Kangerlussuaq_(Østgrønland)	441029
Dansk_Sommelier_Forening	421630
LGBT_Danmarks_LGBT-priser	133235
Danmark_i_Eurovision_Song_Contest	290897
Almindeligt_Forfatter-Lexicon_for_Kongeriget_Danmark_med_tilhørende_Bilande_fra_1814	295619
Dansk_Bølgepap_Industri	537875
Danmark_ved_sommer-OL_2012	506904
Danmark_No._1_-_En_trist_film_om_danskere	820573
Danmark_ved_sommer-OL_2016	785466
Krigsministre_fra_Danmark	93635
Niels_Thomsen_(grønlandsk_politiker)	496932
Karl_Anton_August_af_Slesvig-Holsten-Sønderborg-Beck	212676
Danske_film_fra_før_1910'erne	531912
Dansk_-_voffer_det?	820442
Danmark_i_Lænker	820666
Danske_model	206181
Christian_August_2._af_Slesvig-Holsten-Sønderborg-Augustenborg	199863
Det_grønlandske_køkken	561481
1._etape_af_Post_Danmark_Rundt_2011	516412
1._etape_af_Post_Danmark_Rundt_2012	656983
1._etape_af_Post_Danmark_Rundt_2014	776978
Wood_(dansk_rapper)	547440
Den_magiske_orden_-_en_film_om_dansk_design	820545
Danske_krigsfanger_1864	361658
Grønlands_Selvstyre	370266
Ulmus_i_Danmark	12244
Fodbold_i_Danmark	700179
Danske_mesterskaber_i_atletik_2010	451546
Institut_for_Fysik_og_Kemi_(Syddansk_Universitet)	257726
Ungdomsoprøret_i_Danmark	139869
Den_danske_marine	820984
Dansk_ICYE	339041
Adolf_af_Slesvig-Holsten-Gottorp	184001
Foreningen_Af_Små_Teatre_i_Danmark	278860
Filmen_kommer_til_Danmark_(1896-1909)	831315
Dansk_Folkemindesamling	146163
Paradise_Hotel_(Danmark,_sæson_5)	437412
Christian_af_Slesvig-Holsten-Sønderborg-Augustenborg	429956
Danmark-Sverige_2._juni_2007	192185
Landsdel_Sjælland-Syddanmark	167553
Den_danske_pige	535508
Valdemar_af_Danmark	667306
Grønlands_Grand_Canyon	725753
Det_Syddanske_EU-Kontor	698557
Venture_Cup_Danmark	219205
Dansk_Arkitektforening	356669
Christine_af_Danmark_(flertydig)	736661
Dansk_Islamisk_Råd	797558
Danmarks_Sportsdanserforbund	357139
Danmarks_Bløderforening	165346
Erlendur_af_Færøerne	429756
Dansk_Varmblod	223239
Kvindemuseet_i_Danmark	53013
Danmarks_Rockmuseum	178600
De_Danske_Kongers_Kronologiske_Samling	254553
Navngivne_storme_i_Danmark	757099
Danmarksmesterskabet_(indendørs_fodbold)	730411
Det_Kongelige_Danske_Musikkonservatoriums_Børnekor	52027
Danske_propagandafilm_under_besættelsen	820433
Frederik_Ferdinand_af_Slesvig-Holsten-Sønderborg-Glücksborg	430100
Grønlands_Hjemmestyre	81232
Dansk_Vejforening	762713
Dansk_Film_-_Sådan_set	820859
Dansk_Elbil_Komite	435377
Den_danske_ejendomsmarkedskorrektion_2007	371067
Grønlandsk_Kokleare	794589
Vilde_engle_-_en_minoritet_i_Danmark	820959
Grønlandskvarteret	172975
Danmarks_fem_højeste_punkter	292772
Danmarks_håndboldlandshold	420555
Bernhard_den_Danske	788680
Danske_protester_og_reaktioner_i_forhold_til_Vietnamkrigen	475345
Danmarks_fodboldlandskampe_2006	294946
Dansk-tyske_grænse	799195
Syddansk_Universitetsbibliotek	204259
Dansk_Oplagskontrol	155700
Det_Danske_Spejderkorps	312298
Danmark_ved_vinter-OL_1952	398157
Danmarkshavn	299630
Færøernes_Naturmuseum	106149
Dorothea_af_Danmark_(1546-1617)	284027
Danske_OL-_og_VM-guldmedaljer_i_sejlsport	672455
Liste_over_bedst_sælgende_album_i_Danmark_efter_år	763219
Det_Danske_Haveselskab_–_Øerne	380407
Regiment_24_Danmark	334309
Færøernes_Kommunistiske_Parti	759270
Frans_af_Danmark	799254
Dansk_Forgylderlaug	362822
Christina_af_Slesvig-Holsten-Gottorp	494705
Danmarks_Liberale_Studerende	176695
Danske_reklamefilm	349338
Christian_August_1._af_Slesvig-Holsten-Sønderborg-Augustenborg	325056
Dansk_Danse_Grand_Prix	206784
Ulrik_af_Danmark	725433
Grønlandsekspeditioner	479602
Holger_Danske_(modstandsgruppe)	67020
Landshøvding_(Grønland)	690299
Kongeparrets_Grønlandsrejse	830581
Danske_helligdage	13118
Dansk_Skøjte_Union	674143
Foraar_i_Danmark	830605
Carlsberg_Danmark	64937
Dansk_Samfund_i_Holland	780796
Transport_på_Grønland	494633
Danske_mesterskaber_i_atletik_1972	369949
Dansk_films_100_års_jubilæum	831513
Paradise_Hotel_(Danmark)	80758
Danske_fodboldlandskampe_i_1995	227995
Danske_fodboldlandskampe_i_1992	227929
Tomex_Danmark	497543
Danske_ishockey-_og_pokalmestre	455113
Anna_Sophie_af_Danmark	403470
Dansk_Musiker_Forbund	213421
Hotel_Føroyar	64105
Danmarksserien_for_kvinder_(fodbold)	181744
Privathospitalet_Danmark	319901
Dorothea_Augusta_af_Slesvig-Holsten-Sønderborg	830192
Danmark_bliver_moderne	830819
Danske_dekorationer	540385
Den_Danske_Hundeforening	151939
Danmark_ved_sommer-OL_1908	717957
Danske_kroner	26173
De_Danske_Sømandshjem	163419
Færgeturen_-_En_historie_fra_Færøerne	831984
Grønlandshund	88943
Atlantvolden_i_Danmark	381659
Mit_Danmark_-_film_nr._8	831488
Mit_Danmark_-_film_nr._9	831297
Danske_helgener	229966
Talent_Danmark	778760
Grønlandske_postnumre	121952
Mit_Danmark_-_film_nr._1	831191
Mit_Danmark_-_film_nr._3	831254
Mit_Danmark_-_film_nr._4	831268
Mit_Danmark_-_film_nr._5	831143
Mit_Danmark_-_film_nr._7	831291
Grønlands_Seminarium	450896
Byer_på_Færøerne_efter_indbyggere	66049
Det_Danske_Akademi	165592
Danmarks_Familie-_og_forbrugerministre	245981
Libertas_(Danmark)	124558
Næringsfriheden_i_Danmark	320375
Dansk_Spare-Selskab	542354
Dansk_Træner_Union	179104
Danmarks_Aktive_Forbrugere	155472
Grønlands_Nationalmuseum_og_Arkiv	485040
Danske_Dramatikeres_Hæderspris	105897
Stop_Islamiseringen_af_Danmark	118381
Dansk_Ekspeditionsfond	232468
Dansk_Svineproduktion	188279
Dansk_Kokleare	794571
Folkeafstemningen_på_Færøerne_1973	822601
Modstandsradioen_Danmarks_Løver	413903
Kongen_af_Danmark	167787
Foreningen_af_Danske_Lægestuderende	135132
Danske_bibeloversættelser	238500
TvDanmark1	145001
Danmark_ved_sommer-OL_2008	287684
Rendsborg_danske_Kirke	512158
EF_Education_First_Danmark	730033
Dansk_Fredsforening	269869
Færøernes_Nationalmuseum	57980
X_Factor_2014_(Danmark)	727630
Samlinger_til_en_beskrivende_Catalog_over_Portraiter_af_Danske,_Norske_og_Holstenere	562080
Somaliere_i_Danmark	622808
Dansk_Center_for_Byhistorie	252105
Kulturministre_fra_Danmark	93184
Maritime_Danmark	550277
Færgegårde_i_Danmark	292822
De_danske_politiske_partiers_historie	83205
Det_Danske_Kriminalakademi	555184
Danske_skakstormestre	54009
Danmarks_Jernbanemuseum	26941
Danske_jernbaner	18161
Mit_Danmark_er_ikke_dit_Danmark	820300
Dansk_Folkefællesskab	385004
Danske_grevskaber_og_baronier	83002
Det_danske_Dagblad	831079
Foreningen_af_Radiografer_i_Danmark	207422
Topdanmark	167678
August_af_Slesvig-Holsten-Sønderborg-Nordborg	716329
En_Vinterdag_i_Danmark	831089
Det_Danske_Internationale_Logistik_Center	127274
Luftfartsselskaber_på_Færøerne	667339
Den_Danske_Filmskole	85456
Nationalparker_i_Danmark	198132
Danske_Fagmedier	525036
Kommunalministre_fra_Færøerne	781283
Dansk_Feltartilleri_-_et_Elitekorps	830588
Danmarks_Elev_Organisation	61601
Dansk_Elbil_Alliance	455225
Det'_så_dansk	819044
Dansk_Universitetspædagogisk_Netværk	494610
Dansk_spids	461202
Danmarks_historie_(1536-1660)	84660
Center_for_Journalistik_(Syddansk_Universitet)	296581
Elektrificering_af_danske_jernbaners_togdrift	126144
Dansk_Melodi_Grand_Prix_1987	283428
Dansk_Melodi_Grand_Prix_1984	418918
Dansk_Design_Center	675587
Dansk_Melodi_Grand_Prix_1982	418942
Dansk_Melodi_Grand_Prix_1983	418933
Dansk_Melodi_Grand_Prix_1980	397076
Danske_sagnkonger	11772
Den_Danske_Forening	23694
Dansk_Guitar_Selskab	415626
Syddansk_Universitet_(Alsion)	220593
Dansk_Melodi_Grand_Prix_1988	418878
Dansk_Melodi_Grand_Prix_1989	283426
Husum_danske_Kirke	339595
Jørgen_af_Danmark	94783
Dansk_Nordisk_Front	510101
Frimærkekunst_på_Færøerne	685808
Dansk_mil	17174
Ligasystemet_i_dansk_håndbold	559649
Louise_af_Danmark	755694
Foreningen_af_Danske_Teaterjournalister	399284
Sophie_Hedevig_af_Danmark	330895
Årets_talenter_i_dansk_herrefodbold	125050
Fællesrådet_vedrørende_Mineralske_Råstoffer_i_Grønland	82896
Danmarks_Badminton_Forbund	476861
Dansk_Melodi_Grand_Prix	14502
Ikke-naturaliserede_adelsslægter_i_Danmark	583700
Danmarks-Samfundet	60818
Det_Danske_Bibelselskab	170126
Danskvand	118897
Dansk_Adelsforening	456916
Danmarks_Faste_Repræsentation_ved_Den_Europæiske_Union	622706
De_samvirkende_danske_Lejerforeninger	775981
Vejbyer_i_Danmark	332534
Danske_mesterskaber_i_atletik_1983	495719
Det_danske_år_og_jægeren	831620
Dansktop	222937
4._etape_af_Post_Danmark_Rundt_2011	516424
Dansk_Softball_Forbund	667667
Danske_film_fra_2000'erne	532457
Dorothea_af_Danmark_(1528-1575)	717220
Danske_Arkitektvirksomheder	356672
Landsorganisationen_Danske_Fugleforeninger	492249
Dansk_Amatør-Orkesterforbund	489001
Dansk_Melodi_Grand_Prix_1964	549240
Dansk_Melodi_Grand_Prix_1965	549241
Dansk_Melodi_Grand_Prix_1966	549242
Dansk_Melodi_Grand_Prix_1960	536603
Dansk_Melodi_Grand_Prix_1961	549236
Dansk_Melodi_Grand_Prix_1962	549237
Dansk_Melodi_Grand_Prix_1963	549238
Liste_over_danske_kommuner_1970-2006	747820
Busbevarelsesgruppen_Danmark	338631
Le_Freak_(dansk_band)	490568
I_Danmark_er_jeg_født	443438
Det_Danske_Haveselskab	269054
Østgrønland	88874
Regionsrådet_i_Region_Syddanmark_2009-2013	735423
Danmarks_Landbrug	830870
Dansk_flerpolet_system	195066
Grønlandsk_(sprog)	52144
Ingeborg_af_Danmark_(fransk_dronning)	101553
Dansk_Eksportforening	683603
Dagens_Danmark	326344
Danske,_Frie_og_Uafhængige_Murere	166743
Grønlandske_Skolebørn	832386
Danmarks_nationale_cykelruter	650597
Europa-Parlamentsvalget_1999_i_Danmark	764688
Grønlandske_kunstnere	690750
Dansk_i_Sydslesvig	820925
Dansk_katteregister	457857
Akademiuddannelser_i_Danmark	310884
Dansk_Røde_Kors_Center_Avnstrup	262703
Venskabsbyer_i_Danmark	654295
Folkeafstemningen_om_Danmarks_optagelse_i_EF	313360
Dansk_grammatik	105082
Danmarks_etymologi	454925
Kasusrelikter_i_dansk	785787
Rejsearrangører_i_Danmark	321901
Danmarks_historie_(1660-1814)	188400
Anna_Sabine_af_Slesvig-Holsten-Sønderborg	827045
Danmarks_EU-medlemskab	161476
Arbejderkvinder_i_Grønland	820209
Metodistkirkens_spejdere_i_Danmark	329603
Danmarks_hockeylandshold	513824
Danske_rekorder_i_atletik	244407
Dansk_Triatlon_Forbund	173731
Fodboldstadioner_i_Danmark	531950
Motorveje_i_Danmark	108783
Det_Danske_Revymuseum	60488
Danske_fodboldlandskampe_i_1980'erne	530435
Hans_Adolf_af_Slesvig-Holsten-Sønderborg-Nordborg	780100
Danskeren_(flertydig)	351928
Realkredit_Danmark	291986
Danske_film_fra_2010'erne	531921
Rigsdansk	20371
Landstingsvalget_i_Grønland_2013	701609
Danske_mestre_i_atletik_(mænd)	380694
Syddanmark	60263
De_Danske_Bomuldsspinderier	316343
De_nye_danskere	223379
Danmarks_amter_(1793-1970)	65757
Danske_lystbilleder	820792
Skat_i_Danmark	784483
Danmarks_Nationalbank	75067
Det_danske_Stålvalseværk	106006
Danske_Vadehavsøer	153003
Danske_Sportsjournalister	398667
Dansk_Rock_-_fra_pigtråd_til_punk	735291
Danske_mindretal_i_Sydslesvig	20415
Nordens_Hus_på_Færøerne	57969
Tidslinje_for_dansk_middelalder	451001
Danske_Maritime	727974
Grønlands_Retsvæsen	79199
Dansk_filmfabrik	709416
August_Philip_af_Slesvig-Holsten-Sønderborg-Beck	435672
Dansk_Svømmeunion	171661
Danmarks_historie	1588
Det_Jødiske_Samfund_i_Danmark	109385
Danske_panserskibe	387415
Den_Store_Danske_Encyklopædi	27803
Transpadanske_Republik	554540
Danske_lufthavne	28668
Grønland_(Oslo)	193324
Grønlands_politik	225488
Danmark_ved_sommer-OL_1900	793360
Første_ruteflyver_til_Grønland	832356
Danske_medaljevindere_ved_VM_og_EM_i_sportsdans	409345
Dansk_Sejlunion	152910
Dagmar_af_Danmark	664355
Danmark-Amerika_Fondet	426618
Danmarksmesterskab_(harmoniorkester)	643917
Danmarksturneringen_i_fodbold_1973	705138
Grønlands_Universitet	106568
Danske_privatbaner	685584
Kongen_af_Danmark_(radioprogram)	166831
Grønlands_Handelsskole	193715
Dansk_Folkeparti_(flertydig)	106278
Hvid_dansk_landrace	82711
Danmarks_Grundforskningsfonds_Center_for_Sortehavsstudier	208772
Dansk_Friskoleforening	68862
Dansk_Selskab_for_Teoretisk_Statistik	161357
Curling_i_Danmark	295709
Den_Danske_Klassiker	723281
Danmarks_demografi	195877
Danmark_har_talent	792651
Paradise_Hotel_(Danmark,_sæson_3)	439547
Dansk_Melodi_Grand_Prix_1991	282359
Dansk_Melodi_Grand_Prix_1990	283215
Dansk_Melodi_Grand_Prix_1993	283213
Dansk_Melodi_Grand_Prix_1992	283209
Dansk_Melodi_Grand_Prix_1995	513436
SGI-Danmark	174147
Danmarks_Fredsråd	95293
Dansk_Melodi_Grand_Prix_1996	283436
Dansk_Melodi_Grand_Prix_1999	513444
Grønland_Teglværk	508530
ISPS_Danmark	368648
DanskOase	400161
Nye_Danske	454980
Danske_besiddelser	326595
Dansk_vinproduktion	537679
Danmarksekspeditionens_Hjemkomst	830842
Elektriske_transmissionsanlæg_i_Danmark	755918
Danmarks_Farmaceutiske_Selskab	224431
Elvira_Madigan_(dansk_film)	76398
Danmarks_Naturfredningsforening	56143
Dansk_Top_Scenen	330526
Indenrigsministre_fra_Danmark	88357
Danmarks_skove	164720
Danskere_som_døde_eller_blev_såret_i_kamp_29._august_1943	432549
Dansk_Handicap_Idræts-Forbund	269259
Sophie_af_Slesvig-Holsten-Sønderborg	825946
Antropologforeningen_i_Danmark	209677
Vi_er_på_vej!_En_film_om_danskere	820549
Dansk_Sø-Restaurations_Forening	398762
Netværk_Danmark	504876
Danmarks_Restauranter_og_Cafeer	322179
Frederik_Christian_1._af_Slesvig-Holsten-Sønderborg-Augustenborg	325042
Danmarks_Riges_Krønike	79087
Danmarksfilmen	387427
Elektricitetens_historie_i_Danmark	44071
Service-,_social-_og_signalhunde_Danmark	220539
Dansk-Tysk_Selskab	348765
Dansk-Engelsk_CISG-Ordbog	33022
4._etape_af_Post_Danmark_Rundt_2008	290441
4._etape_af_Post_Danmark_Rundt_2009	376190
Hans_Bugislav_af_Slesvig-Holsten-Sønderborg-Nordborg	827690
Dansk_Melodi_Grand_Prix_1979	397071
Danmarks_Adels_Aarbog	20586
Paradise_Hotel_(Danmark,_sæson_11)	797587
Georg_Christian_af_Slesvig-Holsten-Sønderborg	91695
Carl_af_Slesvig-Holsten-Sønderborg-Glücksborg	91981
Anna_Sophie_af_Danmark_(flertydig)	735804
Salmer_i_Den_Danske_Salmebog_(2003)	191139
Dansk_Fodbolddommer-Union	179096
Danmarksmesterskabet_i_skak_2013	704536
Friluftsmuseet_Slesvig-Holsten	739790
Landevejskroer_i_Danmark	291838
Dansk_rock	204172
Dansk_Jødisk_Museum	287721
Frederik_Vilhelm_af_Slesvig-Holsten-Sønderborg-Augustenborg	324996
Beboede_danske_øer	35070
Støt_står_den_danske_sømand	63173
Vestdanmark	763792
Danske_mesterskaber_i_atletik_1958	368391
Danske_Kirker,_Slotte,_Herregaarde_og_Mindesmærker	208272
Knud_Møller_(Dansk_Sojakagefabrik)	728114
Hedvig_Elisabeth_Charlotte_af_Slesvig-Holsten-Gottorp	373389
Dansk_Plakatmuseum	147501
Danske_ministre_for_flygtninge,_indvandrere_og_integration	60888
Frederik_af_Danmark	667303
Danmarks_udenrigsforhold	91071
Dansk_Center_for_Internationale_Studier_og_Menneskerettigheder	134009
Selskabet_for_Udgivelse_af_Kilder_til_Dansk_Historie	56406
Margrethe_af_Danmark	664345
Dansk_indfødsret	65334
Dansk_Landbrugsmuseum	291262
Augusta_af_Danmark	275476
Fiskerlejer_i_Danmark	291868
Redningen_af_de_danske_jøder	198626
Abel_af_Danmark	7904
Dansk_Pianostemmer_&_Instrumentmagerforening	761119
Østgrønlandsk_Fangstkompagni_Nanok_A/S	129188
Dansk_Rugby_Union	123809
Det_Grønlandske_Landsbibliotek	561800
Andelsbevægelsen_i_Danmark	67785
Joachim_Frederik_af_Slesvig-Holsten-Sønderborg-Pløn	716319
Spil_Dansk_Dagen	142941
Klima-_og_energiministre_fra_Danmark	244152
Coop_Danmark	321692
Danske_landskabslove	205577
Dansk_Skolemuseum	59258
Byplanlægning_i_Danmark	342740
Vilhelmine_Augusta_af_Slesvig-Holsten-Nordborg-Pløn	471908
Venskabsforeningen_Danmark_-_Den_Demokratiske_Folkerepublik_Korea	85618
Amtmænd_på_Færøerne	94100
Bloktilskud_til_Grønland	82911
Danskeren_(Den_Danske_Forening)	131199
Samfundet_for_dansk_genealogi_og_Personalhistorie	471783
Socialministre_fra_Færøerne	777478
Eleonora_Sophie_af_Slesvig-Holsten-Sønderborg	827495
Det_Danske_Selskab	266796
Palæstina_-_Danmark,_samme_kamp	820800
Dansk_L'hombre_Union	147616
Forsvarschef_(Danmark)	80849
Færøernes_Videnskabelige_Selskab	134412
Aviser_i_Danmark	651335
Danmarks_Commercielle_Radio	179369
Danske_arter_af_planter_og_dyr_som_er_beskyttet_i_kraft_af_Habitatdirektivets_Bilag_II	404944
Dansk_Samling	62208
Frederik_Carl_Ludvig_af_Slesvig-Holsten-Sønderborg-Beck	178981
Færøernes_Universitet	70964
Danmarks_håndboldlandshold_(herrer)	245783
Selskabet_til_Udgivelse_af_danske_Mindesmærker	449739
De_Grønne_(Danmark)	120757
Fastfoodrestaurantkæder_i_Danmark	106723
Færøernes_førstedivision_i_fodbold	289882
Den_Danske_Maritime_Fond	727835
Stednavnet_Danmark	12302
Elisabeth_af_Slesvig-Holsten-Sønderborg	825952
GO'_Aften_Danmark	172133
Intransitiv_i_grønlandsk_grammatik	738091
Dansk_Jernbaneforbund	175404
Den_Danske_Afghanistan_Komité	463354
Politirang_i_Danmark	109894
Landstingsvalget_i_Grønland_2014	782694
HK/Danmark	84261
Det_Danske_Teater	81870
Dansk_Jagtforsikring	4306
Foreningen_for_Dansk_Kunst	649996
Hans_Bülow_(dansk_journalist)	562798
Den_israelsk-jordanske_fredsaftale	784810
Det_Danske_Institut_for_Videnskab_og_Kunst_i_Rom	48439
Danmarks_Grundforskningsfond	184462
Dansk_Automobil_Sports_Union	262238
Danske_domkirker	17363
Gamle_Danmark_1945-1975	469130
Væksthus_Syddanmark	350349
Politiske_partier_på_Færøerne	822825
Olddansk	298246
Rejsetiden_for_tog_i_Danmark	698441
Grønlands_bisperække	487720
Flensborg_Danske_Journalistforening	230350
Danmarks_infrastruktur	95041
Danmark_(flertydig)	268565
Danske_stednavne	250910
Dansk_Metal	106187
Paradise_Hotel_(Danmark,_sæson_2)	440000
Philip_af_Slesvig-Holsten-Gottorp	185272
Det_Grønlandske_Hus_i_København	688676
Islands_ambassadører_i_Danmark	761145
Danske_Magazin	71637
Danmarks_Stednavne	449354
Film_fra_Danmark	531895
Danske_Havne	361269
Gdańsk	19446
Dansk_Mode_&_Textil	474313
Det_kongelige_danske_Selskab_for_Fædrelandets_Historie	52334
Det_Kongelige_Danske_Hof	449484
Danske_fængsler_og_arresthuse	650676
Dansk_Håndbold_Forbund	196064
Grønlandsfonden	333780
Grønlands_Nationalpark	156815
Dansk-Svensk_Kulturfond	827736
Danske_monarkers_valgsprog	15967
Dansktoppen	281637
Danske_skovtræer	13008
Kong_Haakons_og_Dronning_Mauds_Besøg_i_Danmark_October_1906	831284
Spejderbevægelsen_i_Danmark	270254
Den_økonomiske_krise_i_Danmark_i_2008	311252
Den_serbiske_dansker	94940
Grønlandske_fjorde	478871
X_Factor_2015_(Danmark)	782452
Det_Kongelige_Danske_Geografiske_Selskab	325494
Politiske_partier_i_Danmark	128518
Danske_spindoktorer	559750
Pyrus_i_Danmark	12239
Det_danske_stabsmusikkorps	671080
Dansk_Arbejdsgiverforening	118098
Dansk_fodbold_(bog)	477306
Jøder_i_Danmark	192201
Danske_måleenheder	330495
Hospitaler_i_Danmark	669201
Den_Grønlandske_Retsvæsenskommission	79196
Transitiv_i_grønlandsk_grammatik	738092
Folkeafstemningen_på_Færøerne_1907	822573
Det_Danske_Institut_i_Athen	512180
Dansk_Journalistforbund	86308
Grønlandshaj	296005
Den_danske_Rimkrønike	52078
Carl_Frederik_af_Slesvig-Holsten-Gottorp	184028
Dansk_Skolesløjd	213995
Grønlands_Landsstyre	65711
Beskæftigelsesministre_fra_Danmark	94481
Alexander_af_Slesvig-Holsten-Sønderborg	403468
Vagabonden_(dansk_film)	61735
Danske_mesterskaber_i_atletik_1895	367059
Danske_mesterskaber_i_atletik_1894	367044
Danske_mesterskaber_i_atletik_1897	367057
Danske_mesterskaber_i_atletik_1896	367050
Cæcilia_af_Danmark	279813
Eventyret_om_dansk_tegnefilm	831760
Danske_mesterskaber_i_atletik_1899	367061
Danske_mesterskaber_i_atletik_1898	367053
Grønlands_historie	224943
Europa-Parlamentsvalget_2004_i_Danmark	764674
Dansk_Center_for_Undervisningsmiljø	676970
Den_Danske_Salmebog_(2003)	191133
Dansk_Centralbibliotek_for_Sydslesvig	113525
Danmarks_Vej-_og_Bromuseum	272209
Dansk_mode	98139
Ny_dansk_energi	820303
Danske_Mediers_Arbejdsgiverforening	405559
Dansk_litteraturs_kanon	265133
Danmarks_amter_(1662-1793)	65638
Dansk_Folkehjælp	362845
Danmarks_filmhistorie	58042
IDG_Danmark	547356
Læreruddannelsen_i_Danmark	464981
Danskeren_(Grundtvig)	351930
Dansk_Fløde	249329
TvDanmark	76861
Miqësia_-_Dansk-Albansk_Forening	88312
Dansk_Pro_Wrestling	122449
Danmarks_amter_(1970-2006)	29053
Det_Danske_Missionsforbund	97079
Rejsetiden_for_tog_i_Danmark_2013	789874
Grønlandssæl	544212
Vilhelm_af_Slesvig-Holsten-Sønderborg-Glücksborg	178578
Landbrugsministre_fra_Færøerne	781485
Dansk_Rap_1988-2003	311625
Dansk_Folkemusik_gennem_tiden	750906
Den_danske_historiske_Forening	448076
Danske_Handicaporganisationer	253516
Vandtårne_i_Danmark	654385
Blik-_og_Rørarbejderforbundet_i_Danmark	176420
Carl_af_Danmark	315284
Den_Danske_Brigade	98608
Lange_videregående_uddannelser_i_Danmark	173607
Dansk_Kirke_i_Sydslesvig	60262
Dansk_Husflidsselskab	214303
Færøernes_Landsstyre	231062
Danmarks_pattedyr	14098
Nydansk_(sprog)	759079
Sygeforsikringen_"danmark"	619340
Danmarks_Miljøportal	148367
Strømmen_Station_(Danmark)	531654
Danske_Kommuner	552797
Liste_over_vandløb_i_Danmark	653391
Danmarks_Rederiforening	211130
Danmarks_Skiforbund	555950
Læk_Danske_Kirke	783159
Dansk_Håndværk	664897
Danmarks_ekspansion_efter_1864	118128
Danmarkshuset	341831
Folkeafstemningen_på_Færøerne_1946	822560
Fællesbanken_for_Danmarks_Sparekasser	718402
Caroline_af_Danmark	82564
Dansk_Skoleidræt	438301
Gæstearbejdere_i_Danmark	120145
Syddansk_Musikkonservatorium	539846
Danmarks_Rejsebureau_Forening	321293
Den_Røde_Garde_(Danmark)	81519
Grønlands_geografi	225550
Folketingsmedlemmer_fra_Færøerne	657713
Demokraterne_(grønlandsk_parti)	122932
Danske_filmstjerner_og_kometer_(1913-1923)	831317
Ambulancetjenesten_i_Danmark	419803
Ryttere_og_hold_i_Post_Danmark_Rundt_2011	518944
Middelalderens_klædehistorie_i_Danmark	764026
Olga_af_Grækenland_og_Danmark	507208
KFUM-Spejderne_i_Danmark	98
Danmarks_Lodsmuseum	656554
Slesvig-Holsten-Gottorp	166997
Landstingsvalget_i_Grønland_2002	481964
Dansk_Handelsblad	490168
Danske_Naturister	49267
Dansk_Træforening	395428
Danmarks_Bokse-Union	555234
Dansk_Vegetarforening	119735
Dansk_Flygtningehjælp	116507
Danmarks_historie_(1047-1397)	84658
30'erne_på_dansk_film	820863
Kirken_i_Grønland	484303
Farvefjernsyn_i_Danmark	339432
Danske_Torpare	683064
Nederlandsk-Dansk_Forening	780797
De_danske_Troppers_Indmarch_i_Sønderjylland	830880
Grønlands_Turist-_og_Erhvervsråd	449827
Danmarks_Biblioteksforening	320738
Dansk_Kommunalarbejderforbund	645225
Det_Danske_Missionsselskab	86499
Paradise_Hotel_(Danmark,_sæson_1)	508492
Angeldansk	116212
Danmarksturneringen	205706
Danmarks_førindustrielle_bebyggelse	291713
Albert_af_Slesvig-Holsten-Sønderborg-Augustenborg	228358
Dansk_landrace	748639
Kornel_(Cornus)_i_Danmark	12222
Dronning_af_Danmark	820535
Kultusministre_fra_Danmark	764825
Rigsombuddet_i_Grønland	110937
Danske_Sømands-_og_Udlandskirker	66443
Danmarks_U/19-fodboldlandshold	443718
Sophie_Magdalene_af_Danmark	99373
Danmark	36
Energi_og_Danmark	820927
Fodbolddommerkonflikten_i_Danmark_2013	703156
X_Factor_(Danmark)	243334
Personer_på_danske_frimærker	20602
Dansk_Akustisk_Selskab	690468
Den_Danske_Designpris	437384
Danmark_ved_sommer-OL_1924	716966
Dansk_vildt	402674
Dansk-amerikanere	280331
Miss_Danmark	484780
Finlands_kulturinstitut_i_Danmark	707764
Starogard_Gdański	262319
Danske_Lov	12028
Dansk_Ungdoms_Fællesråd	538131
Dansk_beskæftigelsespolitiks_historie	128721
Europa-Parlamentsvalget_1994_i_Danmark	764910
Årets_Verdensdansker	289856
Dronning_Juliane_og_Prins_Bernhard_gæster_Danmark	830815
Liste_over_kommuner_i_Danmark_efter_indbyggertal	710185
Dansk_Skolescene	346534
Gyldendal_og_Politikens_Danmarkshistorie	821625
Danmarks_Tekniske_Museum	116443
Indenrigsministre_fra_Færøerne	781488
Dansk_Rock_Leksikon	735133
Kongeriget_Danmarks_Hypotekbank	385538
Aldersgrænser_i_Danmark	391714
Gi'_os_Christiania_tilbage_-_I_Danmark_er_jeg_født_remixed	713164
Dansk_Melodi_Grand_Prix_1957	544677
Grønlands_Naturinstitut	710630
Dansk_Melodi_Grand_Prix_1959	549235
Dansk_Melodi_Grand_Prix_1958	549233
Syddansk_Erhvervsskole	391980
Keolis_Danmark	798925
Foreningen_af_Danske_Psykoterapeuter	789913
Dansk_Forfatterforenings_H.C._Andersen_Legat	351037
Den_Danske_Publicistklub	171059
Danske_euromønter	260275
Christian_Albrecht_af_Slesvig-Holsten-Gottorp	184021
Skoleskibet_Danmark	138248
Danske_mesterskaber_i_atletik_1936	495540
Grønlandsk_åre	408022
Dansk_Eksportforening_(stiftet_1895)	683604
GovCERT_(Danmark)	682044
Det_Humanistiske_Fakultet_(Syddansk_Universitet)	405700
Danskere_i_Tour_de_France_2012	651002
Sogne_i_Danmark	768043
Philip_af_Slesvig-Holsten-Sønderborg-Glücksborg	780253
Fjernsyn_i_Danmark	191569
Danskfaget	153642
Aschehoug_Dansk_Forlag	260786
Green_Cross_Danmark	398700
Foreningen_af_Danske_Interaktive_Medier	391097
Danske_medlemmer_af_Europa-Parlamentet_1989-1994	690017
Danmark_ved_de_paralympiske_lege_2014	751499
Dansk_Borgerværn	687002
Post_Danmark_Rundt_2011	508766
Ved_du_hvem_du_er?_(Danmark)	550999
Nummer-et_hits_i_Danmark_i_1995	786642
Vandring_og_cykling_på_nedlagte_jernbaner_i_Danmark	541956
Nummer-et_hits_i_Danmark_i_1997	790329
Nummer-et_hits_i_Danmark_i_1996	787070
Nummer-et_hits_i_Danmark_i_1999	790623
Danmarks_padder_og_krybdyr	14240
Sydslesvigdansk	400628
Dansk_Fjernvarme	801220
Dansk_Vestindiens_guvernører	372084
Bus_Danmark	472916
Vicelagmænd_fra_Færøerne	699031
I_Frederiks_og_Marys_fodspor_til_Færøerne_2005	61110
Danmark_under_den_kolde_krig	62278
Kommunalreformer_i_Danmark	716093
Dansk_Supermarked	67021
Færøernes_folkekirke	230112
Dansk_Svæveflyver_Union	71032
Foreningen_af_Danske_Transportcentre	364966
Danske_Universiteter	312905
Dansk_Arbejderbank	377057
Danmarks_IF	202691
Sammenslutningen_af_Danske_Småøer	373607
Artikler_i_Den_Store_Danske_Encyklopædi	80900
Frikorps_Danmark_I-III	830883
Danmarksmesterskab_(softball)	667670
Dansk_landskab	826880
Danmark_ved_sommer-OL_1996	709536
Almindelig_Morskabslæsning_i_Danmark_og_Norge_igjennem_Aarhundreder	447972
Selvmord_på_Grønland	709725
Foreningen_De_Danske_Atlanterhavsøer	266670
Den_danske_modstandsbevægelse	158773
Danmark_under_1._verdenskrig	459552
Forordning_(Danmark)	367557
Dansk_Folkepartis_Ungdom	100803
Danmarks_Cykle_Union	390005
Dansk_Skak_Union	173121
Evighedstabellen_for_dansk_fodbold	157984
Danmarks_fodboldlandsholdsspillere	90161
Telefonvæsenets_historie_i_Danmark	162622
Christian_af_Danmark_(1675-1695)	280099
Fredede_fortidsminder_i_Danmark	492608
Danmark_under_den_kolde_krig_(udenrigspolitik)	672703
Dansk_Vestindien	14215
Danmarks_historie_(1901-1945)	84662
Danmarks_Afholdsforening	78767
Skibsfartens_historie_i_Danmark	373791
Danmark_ved_de_Paralympiske_Lege_2008	295402
De_danske_Vaabenbrødre	534550
Danskbob	487738
Nogle_danske_Sangfugle_ved_Foraarstid	831693
DP_Danmark_A/S	455501
Reformationen_i_Danmark	257242
Forsvars-_&_Aerospaceindustrien_i_Danmark	598782
Danske_arter_på_habitatdirektivets_bilag_IV	549832
Danske_mesterskaber_i_atletik_2011	484994
Danske_mesterskaber_i_atletik_2012	558593
Dansk_Presseforbund	820695
Danskernes_Parti	722721
Danske_medlemmer_af_Europa-Parlamentet_1979-1984	690035
Korte_videregående_uddannelser_i_Danmark	173599
Danmarks_skolehaver_1903-1928	831043
Hans_Christian_af_Slesvig-Holsten-Sønderborg	418957
Grønlands_Statistik	706172
Europa-Parlamentsvalget_2009_i_Danmark	764612
Post_Danmark_Rundt	35104
Danske_Venstre	187222
Danmarks_Forvaltningshøjskole	550896
Paradise_Hotel_(Danmark,_sæson_4)	431124
Europa-Parlamentsvalget_1989_i_Danmark	637361
Vilhelmine_Caroline_af_Danmark	119533
Nordgrønland	88865
Dansk_Mejeriingeniør_Forening	788908
Bodilprisen_for_bedste_danske_film	89684
Kunstindeks_Danmark	193036
Politiske_valg_i_Danmark	138249
Dansk_Melodi_Grand_Prix_1986	283431
Knud_af_Danmark	748040
Danske_Grundejeres_Brandforsikring	753969
Dansk_Melodi_Grand_Prix_1985	283435
Danmarks_økonomi	96099
Lotto_(Danske_Spil)	447251
Det_Kongelige_Danske_Kunstakademis_Skoler_for_Arkitektur,_Design_og_Konservering	534922
Dansk_Tog	724187
En_del_af_Danmark	832404
Det_Danske_Fjerkræraad	374951
Dansk_Melodi_Grand_Prix_1981	404406
Danmarks_rigeste_personer	89184
Det_grønlandske_Selskab	407257
Den_danske_Atlas	392820
Dansk_Athlet-Union	732643
Danske_Kirkers_Samråd	216198
Danmarks_ørkenbælte	135603
Tarp_danske_Kirke	381724
Danmarks_Nationale_Front	310937
Prospecter_af_danske_Herregaarde	208759
Erhvervsuddannelser_i_Danmark	173595
Danmarks_ishockeylandshold	259010
Familien_Danmark_(album)	770063
Selskabet_for_Dansk_Memorabilitet	471370
De_Danske_Patrioters_Hjemførsel_fra_Tyskland	820814
Danmarks_Riges_Historie	312711
Jersild_mod_Danmark	751453
Dansk_Vadehav	153001
Foreningen_Grønlandske_Børn	272951
Politikredse_i_Danmark	410128
Azalea_i_Danmark	13340
Danskøya	382700
Jeg_vil_bo_i_Danmark	820414
Danske_film_fra_1910'erne	532446
Den_Dansk-Engelske_Regnskabsordbog	31578
Folkeafstemningen_på_Færøerne_2012	822654
Folkeafstemningen_på_Færøerne_2010	441582
Fjelde_på_Færøerne	297683
Slesvig-Holstens_flag	269892
En_sælfangst_i_Nordgrønland	820315
Danmarks_Naturfond	179164
Dansk_Folkeoplysnings_Samråd	251422
Hans_af_Danmark	9038
Folkeafstemningen_om_grønlandsk_selvstyre_2008	368632
Danmarks_domstole	310033
Retskredse_i_Danmark	288023
Det_bli'r_i_familien_(dansk_film)	93903
Dansk_Tyggegummi_Fabrik	176651
Orden_hersker_i_Danmark	820306
Dansk_Autohjælp	320399
Syddansk_Universitet_Esbjerg	163
Kongelig_Dansk_Hof-_og_Statskalender	410563
Det_danske_børnepornofilter	230348
Danske_mesterskaber_i_atletik_1928	368077
Danmark_ved_vinter-OL_2014	722860
Færøernes_Kommando	115331
Dansk-Tysk_Forening	357004
Sørensen_og_Rasmussen_mod_Danmark	547436
Danmarks_Traktormuseum	661378
Danske_civil-_og_akademiingeniørers_Pensionskasse	165062
Danmarks_Kunstbibliotek	820104
TACK_International_Danmark_A/S	648384
Danmark_til_hverdag	820972
PensionDanmark	226581
Danmarks_havebrug	711073
Pharmadanmark	199153
Danskernes_yndlingsplader_og_yndlingssange	230065
Levevilkår_for_den_danske_befolkning_under_besættelsen	705437
Digitalt_atlas_over_Danmarks_historisk-administrative_geografi	377096
Dansk_Spejderkorps_Sydslesvig	123198
Dansk_Historisk_Fællesråd	448085
Grønlændere_i_Danmark	586287
Bygningskultur_Danmark	145189
Flygtning_i_Danmark	820907
Dansk_Musiktidsskrift	251224
Færøernes_litteraturpris	71865
Feriepengesagen_i_dansk_fodbold	660370
Danske_Fabrikshaller_A/S	353795
Post_Danmark	310467
Danske_Europa-Kommissærer	105616
Nydansker	759022
Grønlandshval	44965
Danmarks_Brydeforbund	390018
Naturfredning_i_Danmark	159808
Nudansk	565352
Danmark_ved_de_Paralympiske_Lege_2012	656522
Danmark_ved_sommer-OL_1992	515812
Dansk_Fodgænger_Forbund	220663
LGBT_Danmark	49046
Big_Brother_Danmark	657168
Syddanske_Ingeniørstuderendes_Fællesråd	653141
Danmarks_Kirker	80754
2._verdenskrig_på_Færøerne	92961
Dansk_Fægte-Forbund	131434
Invasionen_af_Danmark_i_1940	319718
Dansk_Polyether-Industri	726161
Dansk_fod	33732
Købstæder_i_Danmark	18410
Danskere	219785
Færøerne	1967
Danske_malede_Portrætter	447957
Danmarks_Nationalsocialistiske_Ungdom	461207
Dansk_Akvakultur	493148
Harald_af_Danmark	708344
Fyr_i_Danmark	12190
Tsuga_i_Danmark	12245
Danmark_A+B	820568
Danmarksmesterskab	58651
Danske_Slagterier	469564
Danmark_ved_de_Paralympiske_Lege_2010	423122
Augusta_Viktoria_af_Slesvig-Holsten-Sønderborg-Augustenborg	514927
Dansk_Magasinpresses_Udgiverforening	388963
Holger_Danske	47543
PTSD_foreningen_i_Danmark	422896
