AS_Konekesko_Eesti	377051
2002._aasta_Eesti_meistrivõistlused_Kreeka-Rooma_maadluses	265351
Eesti_Vabariigi_põhiseadus	15360
Eesti_Jahimeeste_Selts	129722
Eesti_Metsa-_ja_Puidutööstuse_Liit	351196
Eestimaa_ülemmaakohus	234698
Eesti_jalgpalli_Väike_Karikas_2013	330496
Eesti_raudteejaamade_ja_raudteepeatuste_loend	11772
Eesti_Metsakorralduskeskus	317299
Eesti_madalate_loend	146972
Ühtne_Eesti_suurkogu	236954
3._Eesti_Piirikaitserügement	257886
Toronto_Eesti_Täienduskoolid	316630
Eesti_Taastuvenergia_Koda	250174
Eesti_Teatri_Tehniliste_Töötajate_Ühendus	353436
Lisandusi_mõtete_ja_uudiste_vabale_levikule_Eestis	79221
Eesti_kullafond_(Vello_Orumets)	251228
Eesti_kiililiste_süstemaatiline_nimestik	16462
180._Eesti_Laskurdiviis	125683
Eesti_Ettevõtluskõrgkool_Mainor	61262
Eesti_jalgpalli_Väike_Karikas_2014	378008
1996._aasta_Eesti_meistrivõistlused_Kreeka-Rooma_maadluses	265345
Eesti_laulupealinn	266498
AS_Eesti_Viljasalv	314633
Eesti_tippmodell	296010
Peterburi_Eesti_Üliõpilaste_Selts	275304
Eesti_Vabadussõja_mälestusmärkide_loend	119649
Eesti_meeste_25._meistrivõistlused_rahvusvahelises_kabes_(1980)	77959
Eesti_Demokraatlik_Unioon	281335
Eestimaa_talurahvaseadused	38195
Eesti_NSV_Rahvakomissaride_Nõukogu	62142
Eesti_Arhivaaride_Ühing	340207
Eesti_Kool	316943
Eesti_Gayliit	25621
Eesti_keele_seletav_sõnaraamat	196524
Eesti_vanglad	375155
Eesti_Akordioniliit	314765
Tallinna_ja_kogu_Eesti_metropoliit	107861
Eesti_Ohvitseride_Kogu_Rootsis	384236
Baltisaksa_Kultuuri_Selts_Eestis	184387
Eesti_Televisiooni_ja_Raadio_Segakoor	317165
Eesti_Seltsi_Sümfooniaorkester	317068
Eesti_kaitsealad	73177
Eesti_AGA	160875
Eesti_noorte_meeste_kooride_loend	79037
Eesti_meeste_21._meistrivõistlused_rahvusvahelises_kabes_(1976)	77627
ÜK(b)P_KK_Eesti_büroo	162066
Eesti_kullafond	98127
2006._aasta_Eesti_presidendivalimised	240558
Eesti_Rojalistlik_Partei	43133
Esimene_Eesti_Põlevkivitööstus	316883
Eesti_2010	298345
Los_Angelese_Eesti_Maja	55145
Eesti_Kütidiviis	276300
Müncheni_Eesti_Kool	353375
Eesti_filosoofia_aastakonverents	130372
1958._aasta_Eesti_NSV_–_Soome_sõpruskohtumine_poksis	255970
Eesti_bussipeatuste_loend	148996
Eesti_jalgpallikoondislaste_loend	162556
Eesti_Vangistatud_Vabadusvõitlejate_Abistamiskeskus	173102
Eesti_jääpallikoondis	399300
Eesti_meeste_27._meistrivõistlused_rahvusvahelises_kabes_(1982)	63697
Eesti_Naturistide_Ühing	121125
Eesti_Metodisti_Kiriku_Teoloogiline_Seminar	164304
Eesti_meeste_30._meistrivõistlused_rahvusvahelises_kabes_(1985)	63664
Eesti_Hobusekasvatajate_Selts	317948
Eesti_Muusikateaduse_Selts	317422
Eesti_Tõuloomakasvatajate_Ühistu	317743
1991._aasta_Eesti_meistrivõistlused_Kreeka-Rooma_maadluses	265340
Eesti_orkestrite_loend	73235
Eesti_Roerichi_Selts	318013
Eesti_e-Ülikool	377393
1969._aasta_Eesti_NSV_–_Soome_sõpruskohtumine_poksis	257104
Eesti_Metsaüliõpilaste_Selts	151994
Eesti_Trükimuuseum	295633
Eesti_Standardiraamatukogu	314290
Eestimaa	34840
Eesti_Vabrikantide_Ühisus	258854
Bradfordi_Eesti_Näitering	314417
1992._aasta_Eesti_rahareform	86345
Eesti_NSV_välisministrite_loend	361117
Eesti_Evangeeliumi_Luteriusu_Kiriku_koosseis_1951	274019
Eesti_kaitseminister	81822
Eesti_pärismaised_puud	120259
Eesti_Keel	313138
Eesti_ajalugu_(raamatusari)	114319
Eesti_Teadusajakirjanike_Selts	223482
Eesti_kodakondsus	57971
Eesti_Välisvõitluse_Fond	281508
Eesti_Sõjamuuseum_–_kindral_Laidoneri_muuseum	149129
Jaroslavli_eesti_kunstnike_kollektiiv	313951
NSV_Liidu_õhukaitseväed_Eestis	247073
1._Eesti_Piirikaitserügement	176413
Eesti_Põllumeeste_Keskliit	314618
Eesti_hea_raamatupidamistava	286761
Eesti_NSV_teeneline_arhitekt	227205
Eesti_Rahvuskirjanike_Ühing	211236
Eesti_ohvitseride_ülendamine_24._veebruaril_1936	164424
Eesti_ohvitseride_ülendamine_24._veebruaril_1937	164540
Eesti_ohvitseride_ülendamine_24._veebruaril_1934	181098
Eesti_ohvitseride_ülendamine_24._veebruaril_1935	181032
Eesti_ohvitseride_ülendamine_24._veebruaril_1932	169562
Eesti_ohvitseride_ülendamine_24._veebruaril_1933	181395
Eesti_Entsüklopeedia_(1957–1959)	275619
Eesti_ohvitseride_ülendamine_24._veebruaril_1938	163414
Eesti_ohvitseride_ülendamine_24._veebruaril_1939	163380
Eesti_Tuleviku-uuringute_Instituut	317035
Eesti_Raamatukoguhoidjate_Ühing	314652
Narva-Jõesuu_Eesti_Selts_"Kalju"	133377
Eesti_taliolümpiamängudel	399747
Taani-Eesti_Selts	322312
Eesti_Muusikanõukogu	317420
Eesti_Looduseuurijate_Selts	111399
Eesti_rahvalaul	22682
Eesti_Aiake	95838
Võrdsete_võimaluste_Eesti	144351
Eesti_Iseseisvuspartei	25091
Eesti_Jääpalliliit	399736
Eesti_teatri_aastaauhinnad	353036
Eesti_Komitee_Asemike_Kogu	383080
Noor_Eesti	40080
Eesti_Komitee	64667
Moskva_Patriarhaadi_Eesti_Õigeusu_Kirik	107867
Eestimaa_rüütelkonna_peameeste_loend	108474
Eesti_Kirjastuse_Kooperatiiv	313920
Eesti_Hoiupank	133680
Eesti_2000._aasta_rahvaloendus	54497
Raudteetransport_Eestis	161238
Katoliku_kirik_Eestis	49622
Vabatahtlik_Ülemaailmne_Eesti_Kaitseliit	78468
Välismaaga_Sõpruse_ja_Kultuurisidemete_Arendamise_Eesti_Ühing	313890
17._sajand_Eestis	366454
Eesti_Kostabi-$elts	118424
Organiseeritud_kuritegevus_Eestis	221688
Eesti_Suursõit	399326
Eesti_Kirikute_Nõukogu	56289
Eesti_Ekspress	64996
Melbourne'i_Eesti_Maja	291878
Vanavene_laenud_eesti_keeles	355450
Eesti_Kontsert	317794
Eesti_filosoofia	90635
Eesti_Päästemeeskond	164604
Eesti_Jalgratturite_Liit	399094
Eesti_jalgpalliklubide_loend	62610
Eesti_lehmade_loend	137787
Eesti_naiste_jäähokikoondis	398996
Eesti_karikavõistlused_jäähokis	399626
Eesti_loodusmälestiste_loend	22814
Eesti_Maa-Keskerakond	383651
Eesti_Tööliste_Partei	67775
Tõmbekeskuste_Eesti	364829
2001._aasta_Eesti_meistrivõistlused_Kreeka-Rooma_maadluses	265350
Eesti_Looduskaitse_Selts	111406
Eesti_Teadusportaal	97916
Eesti_kirjarahva_leksikon	388987
32._Eesti_Politseipataljon	107183
Eesti_Evangeelne_Luterlik_Kirik	376
Eesti-Taani_Ühing	326790
Eesti_Kristlike_Erakoolide_Liit	381851
Põhiseaduse_kriis_1930._aastate_algul_Eesti_Vabariigis	264304
Eesti_haldusüksuste_lippude_loend	32419
Eesti_Ajalooarhiiv	98894
Eesti_Evangeelsete_ja_Vabakoguduste_Liit	53812
Eesti_Mereakadeemia_Merekool	128829
Eesti_Kirik	172635
Eesti_Top_40	123382
Eesti_Rahvuslik_Folkloorinõukogu	313897
Eesti_Lastesõprade_Ühing	389179
Eesti_meistrivõistlused_käsipallis	389433
Eesti_Kaabel	370100
Stockholmi_Eesti_Seltsi_Segakoor	317460
Vaba_Eesti	236274
Eesti_Kultuurkapitali_auhinnad	154344
Eesti_noortepoliitika	347616
1929._aasta_Eesti_meistrivõistlused_Kreeka-Rooma_maadluses	265246
Eesti_ajalugu	302
Eesti_Hotellide_ja_Restoranide_Liit	318088
Kaitsepataljonid_(Eesti_Vabadussõda)	268492
Aretusklubi_Eesti_Bernhardiin	143571
Eesti_meeste_52._meistrivõistlused_rahvusvahelises_kabes_(2007)	101726
Eesti_omavalitsuste_haldusreform	342252
Eesti_Üliõpilaste_Seltsi_lipp	142905
Eesti_meeste_37._meistrivõistlused_rahvusvahelises_kabes_(1992)	101682
Eesti_astumine_Euroopa_Liitu	408831
Eesti_avalikud_tegelased	389158
Lõunaeesti_kirjakeel	20942
Eesti_Sotsiaaldemokraatlik_Tööliste_Partei	67763
Eesti_murrete_sõnaraamat	348304
Briti-Eesti_Kaubanduskoda	390602
Eesti_Ajaloolise_Mõõgavõitluse_Liit	256569
Eesti_maalammas	372537
Teenistuskohuste_täitmisel_surma_saanud_Eesti_politseiametnike_loend	85361
Välismaa_eesti_seltside_loend	45557
Eesti_euromeenemündid	347638
Eesti_personaalsed_omavalitsused	305156
Eesti_Lavastajate_Liit	319074
Säästva_Eesti_Instituut	121353
Eesti_Teaduskompetentsi_Nõukogu	382169
Lääne-Eesti_maastikuvaldkond	62121
Eesti_jalgpalli_superkarikas	163668
Eesti_2008._aasta_suveolümpiamängudel	137559
Eestimaa_Põllumajanduse_ja_Tööstuse_AS_Estakland	173838
Eesti_Abistamise_Peatoimkond	156571
Eesti_maaelu_entsüklopeedia	370543
2013._aasta_Eesti_Popmuusika_Aastaauhinnad	321206
Eesti_Komitee_(Stockholm)	383078
Eestimaa_Provintsiaalmuuseum	254488
1933._aasta_Eesti_meistrivõistlused_Kreeka-Rooma_maadluses	265252
Eesti_Hemofiiliaühing	352796
Eesti_Keele_Sihtasutus	268644
Eesti_lasteaedade_loend	22869
Eesti_Tekstiilikunstnike_Liit	353760
Eesti_Vigastatud_Sõjameeste_Ühing	370422
Eesti_Puhkpillimuusika_Ühing	368523
Eesti_Vabariigi_ja_NSV_Liidu_vaheline_vastastikuse_abistamise_pakt	49434
Eesti_linnad	85726
Eesti_NSV_jalgpalli_kõrgliiga_1991	312615
Eesti_NSV_jalgpalli_kõrgliiga_1990	312644
Eesti_Maavarade_Komisjon	318826
Eesti_Alliance_Française	368828
New_Yorgi_Eesti_Kool	353330
Eesti_pagulaslaevandus	347847
Eesti_Kaubandus-Tööstuskoda	280524
Eesti_Kongress	20167
Eesti_Muusika-_ja_Teatriakadeemia_sügisfestival	353548
1938._aasta_Eesti_ja_Poola_kevadmaavõistlus_poksis	291612
Ida-Eesti_vesikond	383382
Eesti_Teadusfond	286204
249._Eesti_Laskurdiviis	125685
Eesti_Laulu-_ja_Tantsupeo_Sihtasutus	160802
Eesti_Metsateadlaste_Ühing_Rootsis	317311
Eesti_teaduse_tippkeskused	83337
Eesti_Rahvusvaheliste_Autovedajate_Assotsiatsioon	318234
Eesti_kultuuriseltside_loend	213942
Eesti_Raamat	57067
Eesti_Rahvusraamatukogu_peadirektor	142132
Eesti_kroon	15486
Eesti_märksõnastik	56382
NSV_Liidu_relvajõud_Eestis	150781
Eesti_Akadeemiline_Usundiloo_Selts	264142
Eesti_Reservohvitseride_Kogu	199765
Eesti_Evangeeliumi_Luteriusu_Kiriku_koosseis_1943	269655
Eesti_Loomakaitse_Selts	105902
Seksuaalsel_Teel_Levivate_Infektsioonide_Eesti_Ühing	378810
Keemia_ajalugu_Eestis	256203
Õpetatud_Eesti_Selts	41039
Eesti_Ema_monument	219863
Eesti_Muinsuskaitse_Selts	92182
Eestikeelsed_piiblitõlked	305013
Eesti_jalgpalli_2014/2015._aasta_karikavõistlused	378273
Eesti_NSV_teeneline_teadlane	383877
Eesti_Spordiselts_Kalev	237216
SOS_Lasteküla_Eesti_Ühing	373747
Eesti_Linnukasvatajate_Selts	317730
Eesti_politsei	146646
Eesti_1924._aasta_suveolümpiamängudel	400942
2014._aasta_Euroopa_Parlamendi_valimised_Eestis	363031
AEG_Eesti_osakond	349535
MTÜ_Eesti_Mootorispordi_Ajalugu	329252
Eesti_Õiguskeskus	381890
Eesti_Esitajate_Liit	296394
Eesti_üliõpilasorganisatsioonide_loend	15744
Eestimaa_kubermangu_kohtukorraldus	184859
Eesti_SS-leegion	124232
Eesti_raamatu_aasta	317803
Ukraina_Organisatsioonide_Assotsiatsioon_Eestis	401849
Auto_Bild_Eesti	86312
Eestimaa_Loomakaitse_Liit	252625
Õigeusk_Eestimaal	196895
Eesti_karikaturistide_loend	131302
Eesti_NSV_Riikliku_Julgeoleku_Komitee	152246
Nõukogude_tööpataljonid_Eestis	188288
Eesti_saadikute_loend	50172
Eesti_rahvuskala	170313
Eesti_Maaülikooli_taastuvenergia_keskus	298461
Eesti_Keskerakonna_Noortekogu	254558
Eesti_maksusüsteem	60793
Eesti_meistrivõistlused_suusahüpetes	399520
Stockholmi_Eesti_Lasteaed_"Pääsuke"	353373
Eesti_külade_loend	365
Eesti_kaheksakümnendad	318696
Avatud_Eesti_Raamat	190480
Eesti_Diviis	159508
Tunnustatud_Eesti_Maatoit	180408
Venemaa_okupatsioon_Eestis	248325
1936._aasta_kergejõustiku_Eesti_meistrivõistlused	305799
Eesti_NSV_Ülemnõukogu_juhataja	384613
Eesti_Rohelised	33078
Isemajandav_Eesti	18883
Eesti_Tõusigade_Aretusühistu	317739
Eesti_erakondade_kuuluvus_rahvusvahelistesse_organisatsioonidesse	26649
Eesti_sildade_loend	37152
1925._aasta_Eesti_meistrivõistlused_Kreeka-Rooma_maadluses	265241
1986._aasta_Eesti_meistrivõistlused_Kreeka-Rooma_maadluses	265335
Eesti_lipu_päev	7437
Eesti_Infotehnoloogia_ja_Telekommunikatsiooni_Liit	203843
Eesti_Kirjastus_Orto	111827
Eesti_valdade_loend	5836
Eesti_Keele_Instituut	14422
Vene_laenud_eesti_keeles	320609
Eesti_merejõud	350941
Eesti_järved	85016
Eesti_sõjavägi	145123
Eesti_vallavanemate_loend_(1940)	221750
Eesti-Vene_Kaubanduskoda	368012
Eesti_veemotosportlaste_rahvusvahelistelt_tiitlivõistlustelt_võidetud_medalite_loend	136298
Inimsusevastased_kuriteod_ja_Nõukogude_okupatsioon_Eestis_1940–1941	147993
Eesti_Akadeemiline_Spordiliit	65604
JK_Eesti_Põlevkivi	164474
Eesti_Maja_Stockholmis	256576
Eesti_Teaduste_Akadeemia_Meeskoor	317107
Lääne-Eesti_paekallas	163303
Eesti_kihelkondade_loend	61291
Üksik_Eesti_Kütibrigaad	274478
1989._aasta_Eesti_NSV_–_Soome_sõpruskohtumine_poksis	257035
Metsavendlus_Eestis	302251
Eesti_Geomorfoloogia_Rahvuskomitee	314808
Eesti_Arnold_Schönbergi_Ühing	165315
Vene_Akadeemiline_Grupp_Eestis	260288
Eesti_Energia	36110
Eesti_Animatsiooni_Liit	353715
Eesti_Maja_(restoran)	311616
Eesti_ujumine	407405
Eesti_looduslike_pühapaikade_loend_haldusüksuste_kaupa	370884
1967._aasta_Eesti_meistrivõistlused_Kreeka-Rooma_maadluses	265304
Eesti_elustik	283192
Eesti_kullafond_(Alo_Mattiisen)	361820
Eesti_järvede_loend	5917
Eesti_Ametiühingute_Keskliit	81841
Kagu-Eesti	383369
1952._aasta_Eesti_meistrivõistlused_Kreeka-Rooma_maadluses	265282
Eesti_Muusikaauhinnad	71850
Nõukogude_Eesti_kirjandus	267477
2008._aasta_Eesti_meistrivõistlused_Kreeka-Rooma_maadluses	265358
Suhhumi_Eesti_Selts_Linda	353377
Eesti_Loodusfoto	156513
1992._aasta_Eesti_meistrivõistlused_Kreeka-Rooma_maadluses	265341
Vana_eesti_rahvausk	283583
Referendum_Eesti_Vabariigi_iseseisvuse_taastamise_küsimuses	219830
Vene_keel_Eestis	347572
Eesti_2006._aasta_taliolümpiamängudel	400955
Üle-Eestiline_Noorte_Sümfooniaorkester	133849
Eesti_2010._aasta_taliolümpiamängudel	400958
Eestimaa_Kirjanduse_Ühing	225443
Eesti_Teatriliit	273569
Eesti_Maadlusliit	298962
Eesti_Maaomavalitsuste_Liit	348194
Eesti	303
Bertold_(Lääne-Eesti_rüütelvend)	146996
Eesti_Vabariigi_teaduspreemia	339942
Eesti_Rahva_Muuseumi_arhiiv	381899
Toronto_Eesti_Segakoor	316790
Vaba_Eesti_Sõna	214286
Eesti_NSV_Riikliku_Julgeoleku_Komitee_1._osakond	189785
Vabariiklik_Partei_(Eesti)	25095
Eesti_mängud	317602
Eesti_Kunstiselts	304209
New_Yorgi_Eesti_Meeskoor	313374
Eesti_Krediidipank	228547
Eesti_Patendiraamatukogu	13191
2014._aasta_Eesti_Muusikaauhinnad	360126
Eesti_asustus	347331
Eesti_meeste_47._meistrivõistlused_rahvusvahelises_kabes_(2002)	101694
Eesti_Teadus-_ja_Tehnikainformatsiooni_Instituut	370438
Eesti_lipukandjad_olümpiamängudel	378278
Eesti_Kunstnikkude_Rühm	283840
Eesti_Psühholoogiaüliõpilaste_Ühendus	364016
Eestimaa_Talupidajate_Keskliit	252559
Eestimaa_kubermangu_korrakaitse	184861
Eesti_Kujurite_Kutseühing	382318
Eesti_meeste_18._meistrivõistlused_rahvusvahelises_kabes_(1973)	78032
Eesti_Toidupank	385907
Eesti_samblad	168992
Eesti_Asenduskodu_Töötajate_Liit	306773
Eestimaa_Kommunistlik_Partei	32800
Eesti_NSV_jalgpalli_kõrgliiga_1988	313895
Eesti_NSV_jalgpalli_kõrgliiga_1989	312649
Eesti_Kartulitöötlejate_Ühistu	317187
Esimene_Eesti_tuur	402064
1983._aasta_Eesti_meistrivõistlused_Kreeka-Rooma_maadluses	265332
Lõuna-Eesti_maastikuvaldkond	105293
Eesti_NSV_jalgpalli_kõrgliiga_1986	314370
Eesti_NSV_jalgpalli_kõrgliiga_1987	314366
Eesti-Taani_Selts	326789
Eesti_NSV_majandus	347626
Eestimaa_kubermang	34853
1997._aasta_Eesti-Soome_maavõistlus_poksis	253352
Eesti_Kommunist	204809
Eesti_muusika	313329
Eesti_Vabariigi_iseseisvuse_väljakuulutamise_mälestusmärk	239565
A_Film_Eesti	284929
Eesti_NSV_Riikliku_Julgeoleku_Komitee_2._osakond	246218
Eesti_kaitsealade_loend	328
Eesti_Vanatehnika_Muuseum	339750
Eesti_naiste_jalgpalli_superkarikas	401001
Statoil_Fuel_&_Retail_Eesti	317132
Kistler-Ritso_Eesti_Sihtasutus	315315
Eesti_Üliõpilaskond_Inglismaal	378466
Eesti_lugu_(raamatusari)	313544
Eesti_keskkonnaminister	280080
Eesti_Kolhoosiehitus	62135
Eestimaa_kubermang_ja_Venemaa_Keisririigi_sõjavägi	175814
Eesti_maatõugu_veis	248904
Eesti_Antifašistlik_Komitee	347612
Balti_laenud_eesti_keeles	320611
1._Eesti_jalaväepolk	272338
Eesti_Laul_2009	153492
Eesti_näitekirjandus	267492
Eesti_Keele_ja_Kultuuri_Instituut	280766
Eesti_Sotsiaaldemokraatlik_Tööliste_Ühisus	319364
Eesti_Looduseuurijate_Seltsi_geoloogiasektsioon	207190
Inimõigused_Eestis	393589
Eesti_Arhiiv_Austraalias	175507
Eesti_looduslike_pühapaikade_loend_kihelkonniti	367203
Keila_Eesti_Kodanike_Komitee	257802
Eesti_mullastik	163886
Eesti_jalgpalli_2003/2004._aasta_karikavõistlused	199218
Eesti_Vabadusvõitluse_Muuseum	122449
Eesti_meeste_59._meistrivõistlused_vene_kabes_(2007)	172055
Eesti_Graafikakoda	318007
Liivi-_ja_Eestimaa_Maakultuuri_Büroo	371839
1978._aasta_Eesti_meistrivõistlused_Kreeka-Rooma_maadluses	265315
Eesti_otsib_superstaari_(teine_hooaeg)	187431
Eesti-Soome_piir	408832
Eesti_Muusika-_ja_Fonogrammitootjate_Liit	317403
Eesti_Kujutavkunstnike_Keskus	381989
Eesti_Rahvuslik_Jõukomitee	318212
2009._aasta_Eesti_meistrivõistlused_Kreeka-Rooma_maadluses	265359
JK_Eesti_Fosforiit	401190
R2_Eesti_müügitabel	231550
Liivimaa_ja_Eestimaa_Asjade_Justiitskolleegium	361952
Eesti_Ökoturismi_Ühendus	132394
Eesti_Vabadussõja_kronoloogia	313463
Eesti_Hümnoloogia_Selts	317618
Kesk-Eesti_väikemaakonnad	294658
Eesti_Ööjooks	326826
Eesti_Represseeritute_Registri_Büroo	381972
Põhja-Eesti	163650
Eesti_liblikaliste_nimestik	15498
Eesti_jalgpalli_1998/1999._aasta_karikavõistlused	199223
Eesti_Kirjandus	268549
Eesti_ansamblite_loend	137940
USA_saadikute_loend_Eestis	121337
Eesti_Audiovisuaalautorite_Liit	353739
Eesti_Disainikeskus	154196
Eesti_NSV_aunimetused	227202
Eesti_Koolinoorte_Segakoor	83115
VK(b)P_Eesti_Osakondade_Keskkomitee	280602
Eesti_meeste_29._meistrivõistlused_rahvusvahelises_kabes_(1984)	101672
Eesti_Töörahva_Kommuuni_Nõukogu	268325
Eesti_Terminoloogia_Ühing	196132
Balti_Raudtee_Eesti_Raudteekond	370079
Eesti_Statistika_Valitsus	378809
Eesti_Demokraatlik_Blokk	357145
Eesti_rahvakultuuri_leksikon	361706
New_Yorgi_Eesti_Teater	315781
Eesti_Matemaatika_Selts	151974
Eesti_Tuuleenergia_Assotsiatsioon	250179
Eesti_Lauljate_Liit_Põhja-Ameerikas	317053
Välismaine_Eesti_Kirjanike_Liit	316906
Eesti_Paraolümpiakomitee	351830
Saksa_okupatsioon_Eestis_(1941–1944)	26692
Eesti_Filmiarhiiv	353742
Eesti_Demokraatlik_Liikumine	371666
Eesti_ragbikoondis	399494
Eesti_õhuvägi	137798
Lõuna-Eesti	105162
Eesti_Sotsialistide-Revolutsionääride_Partei	165776
Piraadipartei_(Eesti)	278103
Eesti_maakonnad	5960
Eestikeelsed_teleuudised	388864
Eesti_Kodukaitse_Ajaloo_Selts	277554
Ülemaailmne_Eesti_Kesknõukogu	368067
Eesti_vallavanemate_loend_(2012)	249441
Eesti_segakooride_loend	78986
Digitaalallkiri_Eestis	390346
Eesti_Kitarriselts	317047
Noorteühing_Eesti_4H	353025
Londoni_Eesti_Naiskoor	315519
Eesti_NSV_Riiklikud_Kunstiansamblid	75056
185._Eesti_julgestusgrupp	105524
Eesti_näitlejate_loend	57111
Eesti_Tööstusprojekt	319444
Eesti_penn	390862
Eesti_keskpunkt	284536
1971._aasta_Eesti_meistrivõistlused_Kreeka-Rooma_maadluses	265308
Toronto_Eesti_Meeskoor	316787
Looduskaitse_all_olevad_liigid_Eestis	232876
Eesti_Kalakasvatajate_Liit	317333
Eesti_hällilaul	394300
Eesti_Mereakadeemia	90059
Eesti_keele_uurimine	299
Eesti_ajalugu_(täpsustus)	114308
Eesti_1992._aasta_suveolümpiamängudel	400963
Eesti_Seiklusturismi_Assotsiatsioon	318106
Londoni_Eesti_Selts	214056
Eesti_Detektoristide_Klubi	214940
Eesti_Jalgpalli_Liit	134805
Soome_Sõjaveteranide_Eesti_Ühendus	319362
Johannes_Paulus_II_suhted_Eestiga	119298
Eesti_keel	297
Kesk-Eesti_lavamaa	316236
Eesti_Meediaorganisatsioonide_Liit	263288
1936._aasta_Eesti_meistrivõistlused_Kreeka-Rooma_maadluses	265255
Eesti_Teaduste_Akadeemia	300
Eesti_Vabariigi_Riigikohtu_kohtunike_loend	15577
1987._aasta_Eesti_meistrivõistlused_Kreeka-Rooma_maadluses	265336
Eestimaa_aadlilipkond	384758
Baer_(Eestimaa)	406185
Eesti_Jäähokiliit	398989
Eesti_haldus-_ja_asustusjaotuse_klassifikaator	368560
Eesti_rahvusväeosad	268548
Eesti_otsib_lemmiklaulu	182950
Eesti_Radikaal-Sotsialistlik_Partei	286310
Eesti_Elektritööde_Ettevõtjate_Liit	252838
2006._aasta_Eesti_meistrivõistlused_Kreeka-Rooma_maadluses	265356
Eesti_naiste_võrkpallikoondis	399206
Eesti_Diplomaatide_Kool	316925
Eesti_Lennukompanii_ELK_Lennuliinid	403830
1959._aasta_Eesti_meistrivõistlused_Kreeka-Rooma_maadluses	265295
Depressiivsed_Eesti_väikelinnad	131534
1994._aasta_Eesti_meistrivõistlused_Kreeka-Rooma_maadluses	265343
Läti_laenud_eesti_keeles	349301
Eesti_linnud	18275
Eesti_Moekunstnike_Ühendus	353757
Vene_Balti_Erakond_Eestis	377501
Sydney_Eesti_Maja	175572
Eesti_sood	262570
Eesti_Gregoriaani_Ühing	316933
Eesti_Meediakoolitajate_Liit	317346
Eesti_vutt	268747
Eesti_kutsealased_omavalitsused	50153
Eesti_1928._aasta_taliolümpiamängudel	400948
Pioneeripataljon_(Eesti_kaitsevägi)	224587
Eesti_Rahva_Muuseum	20204
Eesti_Maaehitusprojekt	209506
Eesti_Kirikuloo_Selts	370192
Eesti_Mõisakoolide_Ühendus	407260
Eesti_Juudi_Kogukond	267187
Eesti_otsib_superstaari	75650
Eesti_kullafond_(Gunnar_Graps)	251235
Eesti_Vabariigi_põhiseadus_(1992)	15411
AS_Coca-Cola_HBC_Eesti	316916
Eesti_Squashiföderatsioon	378159
Eesti_NSV_riiklik_preemia	344400
Eesti_Maleliit	263693
Eesti_kliima	182367
Eesti_NSV_Rahvamajanduse_Nõukogu	402431
Eesti_meeste_28._meistrivõistlused_rahvusvahelises_kabes_(1983)	63731
Eesti_Inimõiguste_Keskus	315502
Eesti_Suurettevõtjate_Assotsiatsioon	317138
Tartu_Eesti_Põllumeeste_Selts	383737
Lõuna-Eesti_Päästekeskus	242498
Eesti_tüübid	355755
Eesti_NSV_Siseministeerium	133155
Eesti_Muusika-_ja_Teatriakadeemia_lavakunstikool	15470
Eesti_naiste_jääkeeglikoondis	399497
Eesti_Spordi_Keskliit	241332
Eesti_I_Portselanitööstus	200830
Eesti_nõukogude_entsüklopeedia	108162
Ukraina_Suursaatkond_Eestis	390725
Tiibeti_Budismi_Nyingma_Eesti_Kogudus	32849
Avinurme_Eesti_Kodanike_Komitee	257967
Eesti_Biomeditsiinitehnika_ja_Meditsiinifüüsika_Ühing	317887
Eesti_Folkloori_Selts	317778
2012._aasta_Eesti_meistrivõistlused_Kreeka-Rooma_maadluses	273219
Eesti_Ajakirjanike_Liit	220155
Eesti_2008.–2010._aasta_majandussurutis	347112
Eesti_mälu	371554
Eesti_Teatriliidu_Teabekeskus	319056
7._Eesti_Laskurdiviis	125684
1975._aasta_Eesti_meistrivõistlused_Kreeka-Rooma_maadluses	265312
1935._aasta_kergejõustiku_Eesti_meistrivõistlused	306074
Eesti_Kristlik_Nelipühi_Kirik	240252
Eesti_Tervishoiu_Muuseum	317972
Eesti_Loomaarstide_Ühing	317236
Eestirootsi_keel	392441
Dendroloogilised_uurimused_Eestis	317325
Teaduse_ajaloo_lehekülgi_Eestist	312674
Eesti_2012._aasta_paraolümpiamängudel	399753
Seed_Forum_Eesti_Sihtasutus	270016
Eesti_Teaduste_Akadeemia_seadus_(1938)	135260
Noor-Eesti_Loomekeskus	353525
Eesti_Gerontoloogia_ja_Geriaatria_Assotsiatsioon	391067
Eesti_Telekom	214435
Eesti_Laul_2014	357478
Eesti_sõjalennundus	264669
Eesti_Laul_2012	267453
Eesti_Laul_2013	309428
Eesti_Laul_2010	203404
Eesti_Laul_2011	231599
Eesti_tühistatud_navigatsioonimärkide_loend	300383
Eesti_Raudtee	67879
Eesti_putukad	289777
1._Eesti_Politseirügement	108274
Eesti_Uimastiseire_Keskus	314662
Eesti_Kirjandusmuuseumi_Arhiivraamatukogu	339039
1966._aasta_Eesti_meistrivõistlused_Kreeka-Rooma_maadluses	265303
Viljandi_Eesti_Haridusseltsi_Tütarlaste_Gümnaasium	163222
Eesti_universiaadil	399763
Eesti_maavanemate_loend	268797
Eesti_Vabaduse_Risti_II_liigi_kavaleride_loend	153637
Eesti_Post	80476
Eesti_Punaarmee	268140
Eesti_muuseumide_loend	108256
Geislingeni_Eesti_Sümfooniaorkester	315050
Eesti_naiste_saalihokikoondis	399306
Eesti_NSV_haldusjaotus	152321
Eesti_Laul_2015	389749
AS_Eesti_Fosforiit	319433
Eesti_Suursaatkond_Helsingis	392619
Eesti_jalgpalli_1994/1995._aasta_karikavõistlused	199227
Eesti_Iseseisev_Sotsialistlik_Tööliste_Partei	67817
Eesti_Naistoimetajad	409004
1961._aasta_Eesti_meistrivõistlused_Kreeka-Rooma_maadluses	265298
2014._aasta_Eesti_meistrivõistlused_kergejõustikus	387410
Eesti_Vabariigi_ministeeriumid	13438
Eestimaa_Leninlik_Kommunistlik_Noorsooühing	130373
Eesti_jääkeeglikoondis	399496
Eesti_male	399837
Eesti_Maaülikool	60719
Eesti_väinade_loend	10052
Eestimaa_Õlikonsortsium	314610
Tuuleenergia_Eestis	313328
Eesti_Raadio_Kammerorkester	317060
Eesti_Filmiajakirjanike_Ühing	353740
Eesti_sportlaste_olümpiamedalivõidud	38029
1926._aasta_Eesti_meistrivõistlused_Kreeka-Rooma_maadluses	265242
Eesti_jalgpalli_2009/2010._aasta_karikavõistlused	243085
Eesti_soojumikas	140330
Eesti_Miss_Estonia	268868
Eesti_kirikute_loend	6567
Eesti_kriminaalkirjandusteoste_loend	235516
Eesti_Uisuliit	237658
Eesti_filosoofide_loend	83774
Kesk-Eesti	383371
NSV_Liidu_piirivalve_Eestis	160061
1988._aasta_Eesti_meistrivõistlused_Kreeka-Rooma_maadluses	265337
Eesti_Tarbijateühistute_Keskühistu	97797
Eesti_mardikate_loend	15276
Eesti_Sordiparanduse_Selts	370092
Eesti_poliitika	390641
2013._aasta_Eesti_Muusikaauhinnad	317118
Eesti_Teadusinfosüsteem	381977
Eesti_Filmiklubide_Selts	354207
Eesti_Vabadussõjalaste_Keskliit	122432
Eesti_Pärimusmuusika_Keskus	314821
Eesti_rahvastik	42681
2009._aasta_Euroopa_Parlamendi_valimised_(Eesti)	393675
1930._aasta_Eesti-Soome_maavõistlus_poksis	252345
Eesti_Rahvusteater	316744
Eesti_Keskerakond	315
Adventistide_Koguduste_Eesti_Liit	162226
Eesti_Arhitektide_Liit	134131
Eesti_Kirjanduse_Teabekeskus	404725
Eesti_Statistika_Kvartalikiri	390484
Eesti_Vabadussõjalaste_Liit	87988
Eesti_uusaeg	65215
Eesti_Orienteerumisliit	387118
NSV_Liidu_sõjaväebaasid_Eestis_1940._aastal	346080
Taani_valdused_Eestis	42978
Eesti_Kaamerameeste_Liit	354213
Ultima_Thule_(Eesti_ansambel)	27179
Eesti_kohalikud_postmargid	347914
Eesti_loomastik	16484
Eesti_Kristlike_Arstitudengite_Grupp	232248
Eesti_raamatukauplustest_ja_avalikest_raamatukogudest_kõrvaldamisele_kuuluva_kirjanduse_nimestik	107522
1927._aasta_Eesti-Soome_maavõistlus_poksis	252627
Eesti_vallavanemate_loend_(1939)	163373
Eesti_regionaalne_areng	347020
Eesti_Filminaiste_Liit	354212
Eesti_Kultuuriloo_ja_Folkloristika_Keskus	133808
Eesti_NSV_Siseministeeriumi_piirkondlikud_asutused	216343
1926._aasta_Eesti-Soome_maavõistlus_poksis	252623
Eesti_valitsusjuhtide_loend	370
Eesti_Heliloojate_Liit	214205
Eesti_Pangaliit	215149
1996._aasta_Eesti_presidendivalimised	139695
Eesti_Rahvavägi	108769
Eesti_Tööerakond	15654
Demokraadid_–_Eesti_Demokraatlik_Partei	25090
Eesti_Vabade_ja_Tunnustatud_Vabamüürlaste_Suurloož	320342
Eesti_Rahvuslik_Automaatjuhtimise_Komitee	314798
Pariisi_Eesti_Kool	353369
Eesti_Orelisõprade_Ühing	317611
Eesti_NSV_Riikliku_Julgeoleku_Komitee_7._osakond	341557
Erakond_Uus_Eesti	271610
182._Eesti_julgestusgrupp	108950
Melbourne'i_Eesti_Ühing	291879
II_Eesti_Naiste_Tantsupidu	407978
Eesti_Mükoloogiaühing	405833
Eesti_Maavalitsus	255975
1997._aasta_Eesti_meistrivõistlused_Kreeka-Rooma_maadluses	265346
Eesti_Giidide_Liit	318098
Playboy_Eesti_väljaanne	109702
Eesti_Akadeemiline_Sõjaajaloo_Selts	319360
Melbourne'i_Eesti_Teater	315562
Eesti_Veebiarhiiv	401876
1924._aasta_Eesti_meistrivõistlused_Kreeka-Rooma_maadluses	265240
Eesti_meteoroloogide_loend	307253
Mälestusi_Eesti_NSV-st	48826
Eesti_1936._aasta_taliolümpiamängudel	400949
Eesti_Agronoomide_Selts	317277
Eesti_Rahva_Muuseumi_sanitaar-topograafiline_arhiiv	319690
Eesti_meistrivõistlused_Kreeka-Rooma_maadluses	274007
Eesti_aianduse_biograafiline_leksikon	388984
Eesti_NSV_Riiklik_Noorsooteater	93127
Eesti_NSV_Ülemnõukogu_I_koosseis	102687
Eesti_Piirikaitserügement_Tallinn	161120
Noor-Eesti_Kirjastus	348593
Eesti_Meditsiiniraamatukogu	317974
Eesti_meeste_53._meistrivõistlused_rahvusvahelises_kabes_(2008)	227357
Eesti_meistrivõistlused_iluuisutamises	399722
Eesti_lähiajalugu	27381
1949._aasta_Eesti_meistrivõistlused_Kreeka-Rooma_maadluses	265271
Eesti_Pereplaneerimise_Liit	20190
Eesti_õigeusu_kiriku_juhtide_loend	109007
Eesti_Vabaerakond	378658
Eesti_kullafond_(Heli_Lääts)	357721
Eesti_Kristlik_Televisioon	173442
660._Eesti_Pataljon	266008
Eesti_hagijas	112519
Eesti_saared	85505
Eesti_rahvuskivi	169744
Eesti_Turismiamet	316176
Eesti_jalgpalli_2006/2007._aasta_karikavõistlused	199215
Välisriikide_aukonsulid_Eestis_(1938)	202145
MTÜ_Eesti_Jalgrattamuuseum	293555
Eestimaa_hertsogkond	46878
Jõulud_eesti_rahvakalendris	355983
Eesti_2004._aasta_suveolümpiamängudel	400966
Eestimaalaste_Radikaalne_Erakond	346179
Eesti_Lastekirjanduse_Keskus	30174
Eestimaa_Üldkasulik_Ühing	263582
Eesti_Vabariigi_välisesindajate_loend_1939._aastal	254197
Eesti_mägede_loend	52989
Eesti_segakooride_võistulaulmine	78880
Eesti_Talurahva_Liit	286303
Eesti_Muusika_Almanak_I	317586
Eestirootslaste_Kultuuri_Selts	314540
Eesti_planeerimissüsteem	282670
Eesti-Rootsi_piir	408833
Eesti_peaminister	77902
Eesti_filmikunst	382491
Eesti_NSV_Ministrite_Nõukogu_esimees	384615
1979._aasta_Eesti_meistrivõistlused_Kreeka-Rooma_maadluses	265316
Eesti_kõrvalmaanteede_loend	126736
Sõjategevus_Eestis_(1944)	164134
Eesti_Maaturism	318108
Eesti_Loto	144179
Eesti_Suursaatkond_Berliinis	392368
Eesti_Rahva_Tänumedal	146635
Eesti_ämblike_nimestik	15308
Libertas_Eesti_Erakond	169595
Eesti_põhikaart	158885
1998._aasta_Eesti-Soome_maavõistlus_poksis	253070
Nõukogude_sõjavangilaagrid_Eestis	188215
Eesti_Spordigümnaasium	97592
Saksa_DV-ga_Sõpruse_Arendamise_Nõukogude_Ühingu_Eesti_osakond	398518
Eesti_Meredessantpataljon	308500
Eesti_Relva-SS_korpus	135536
Riia_Jakobi_eesti_kogudus	289173
Eesti_Müsli	298992
Eesti_Süsteemiinseneride_Selts	318144
Eesti_Põhjala_Ühing	244550
1973._aasta_Eesti_meistrivõistlused_Kreeka-Rooma_maadluses	265310
Eesti_postmargid	370198
Eesti_Jahtklubide_Liit	399130
Eesti_Telefilm	317940
Eesti_Esimeses_maailmasõjas	161177
Eesti_Akadeemiline_Loomakaitse_Ühing	317274
Eesti_Raamatuühing	317808
Eesti_Üliõpilaste_Seltsi_maja	98800
Chicago_Eesti_Kool	353262
Kirde-Eesti	232427
Kopenhaageni_Eesti_Pühapäevakool	322322
Eesti_Julgeolekupolitsei_ja_SD	152946
Eesti_animafilmikunst	392951
Avatud_Eesti_Fond	171052
Eesti_Raadio_Kontsertorkester	317061
Eesti_Vähiregister	369757
Eesti_Välissuhete_Ühing	327660
Eesti_Kultuurilooline_Arhiiv	339541
Helsingi_Eesti_Akadeemiline_Klubi	260424
Eesti_raamatukogude_loend	13188
Eesti_taimestik	178169
Eesti_2014._aasta_noorte_suveolümpiamängudel	399761
Eesti_Geodeetide_Ühing	316931
Eesti_Noortefoorum	196725
Eesti_Rahvakunsti_ja_Käsitöö_Liit	313878
Eesti_NSV_Riikliku_Julgeoleku_Komitee_Rapla_jaoskond	256542
Eesti_usuühenduste_loend	6588
Eesti_Metsatööstus	317314
Eesti_Arstide_Liit	303816
Eesti_jalgpalli_1993/1994._aasta_karikavõistlused	199228
Eesti_kullafond_(Karl_Madis)	164834
1932._aasta_Eesti-Soome_maavõistlus_poksis	251027
Seagripp_Eestis	345876
Eesti_kullafond_(Tõnis_Mägi)	164835
1905._aasta_revolutsioon_Eestis	155849
Eesti_Juudi_Muuseum	337921
Eesti_Kirjandusmuuseum	49573
Eesti_jalgpalli_1997/1998._aasta_karikavõistlused	199224
Inimtegevuse_mõju_Eesti_soodele	348048
Eesti_Video	93816
Eesti_korvpalliklubide_loend	64241
13._sajand_Eestis	323847
Eesti-Läti_piir	389926
Eesti_Arst	317762
Eesti_Rahvuslik_Geofüüsika_Komitee	314804
Eesti_NSV_Ministrite_Nõukogu	62141
Eesti_Teises_maailmasõjas	115084
1999._aasta_Eesti_meistrivõistlused_Kreeka-Rooma_maadluses	265348
Lääne-Eesti_saarestiku_biosfäärikaitseala	111726
Eesti_maanteede_loend	70032
Sydney_Eesti_Segakoor	311690
Eesti_majandus	100355
Eesti–Soome_liitriik	194072
Eesti_taasiseseisvumine	45049
Minu_Eesti_Noored	310234
Eesti_linnaosade_loend	775
Eesti_Kultuurkapital	82484
1994._aasta_Eesti-Soome_maavõistlus_poksis	253432
Eesti_meeste_36._meistrivõistlused_rahvusvahelises_kabes_(1991)	101681
Eesti_teater	320
Eesti_Väikelaevaehituse_Liit	348702
2010._aasta_Eesti_Popmuusika_Aastaauhinnad	232147
Eesti_proosa	267491
Eesti_kirjanike_loend	15037
Eesti_õigeusu_koguduste_loend	253631
Eesti_kunstikoolide_loend	247780
Eestimaa_rüütelkonna_maanõunik	179136
Eesti_koolinoorte_2007._aasta_mälumängumeistrivõistlused	82263
Nõukogude_okupatsioon_Eestis_(1944–1991)	166254
Eesti_kutseõppeasutuste_loend	119774
Eesti_Näitlejate_Liit	273565
Eesti_viipekeel	313145
Halliste_Eesti_Kodanike_Komitee	356265
Eesti_Riiklik_Kirjastus	57068
Eestimaa_kuberner	141210
1939._aasta_Eesti_meistrivõistlused_Kreeka-Rooma_maadluses	265258
Eesti_Aktuaaride_Liit	391068
Eesti_kirikulugu	80882
Eesti_Piimandusmuuseum	329242
Säästev_Eesti_21	165065
Eesti_Maa	281826
1931._aasta_Eesti_meistrivõistlused_Kreeka-Rooma_maadluses	265248
Eesti_telesaadete_loend	44598
Eesti_Töölismuusika_Liit	314664
Eesti_romaanivõistlused	353050
Eile_nägin_ma_Eestimaad!	166268
Eesti_valdade_loend_(1939)	49601
Vene_Erakond_Eestis	240725
Eesti_Malakoloogia_Ühing	218573
Eesti_pesapallikoondis	399500
Eesti_meeste_31._meistrivõistlused_rahvusvahelises_kabes_(1986)	101675
Eesti_jalgpalli_2005/2006._aasta_karikavõistlused	199216
Eestimaa_Ühendatud_Vasakpartei	188069
Eesti-Venemaa_piirileping	363009
Eesti_põhikoolide_loend	22856
AS_Atria_Eesti	318346
Eesti_Sõjamees	258032
Nõukogude_Eesti	90949
Eestimaa_konsistoorium	384747
Euroopa_Komisjoni_esindus_Eestis	277043
Eesti_NSV_rahvakirjanik	227257
Eesti_Rahvusringhääling	92684
Eesti_linnuste_loend	11934
Slaavi_laenud_eesti_keeles	320614
Eesti_jäähokikoondis	90921
1950._aasta_Eesti_meistrivõistlused_Kreeka-Rooma_maadluses	265274
Teadusajaloo_ja_Teadusfilosoofia_Eesti_Ühendus	277041
Eesti_Sisearhitektide_Liit	349634
Eesti_Ettevõtjate_Erakond	206110
Eesti_Kujundusgraafikute_Liit	353751
1932._aasta_Eesti_meistrivõistlused_Kreeka-Rooma_maadluses	265251
Eesti_Demokraatia_Uuendamine	205159
Eesti_Noorte_Huvikeskus_Telo	314796
Eesti_varauusaeg	41908
Eesti_saja-aastased	136108
Eesti_Braille_kiri	390784
Evangeelne_kirik_Eestis	365449
Eesti_Seemnevilja_Ühisus	370083
1968._aasta_Eesti_meistrivõistlused_Kreeka-Rooma_maadluses	265305
Eesti_Maaülikooli_veterinaarmeditsiini_ja_loomakasvatuse_instituut	291755
Eesti_NSV_teeneline_arst	401655
Eesti_kullafond_(Joel_Friedrich_Steinfeldt)	286095
Eesti_Käitumis-_ja_Terviseteaduste_Keskus	189986
Eesti_Semiootika_Selts	112731
Eesti_Üliõpilaste_Ehitusmalev	130362
Eesti_Punane_Kari	317194
Eesti_Vabariigi_naisministrid	264906
National_Geographic_Eesti	373697
1._Eesti_Kütidiviis	268080
Eesti_animafilmide_loend	134390
1928._aasta_Eesti-Soome_maavõistlus_poksis	221537
Eesti_Korporatsioonide_Liit	26740
Eesti_kirjanike_leksikon	382957
Eesti_teaduse_biograafiline_leksikon	277042
Eesti_Demokraatlik_Erakond	313750
2001._aasta_Eesti_presidendivalimised	139678
Eesti_TA_Ökoloogia_ja_Mereuuringute_Instituut	289119
1._Eesti_Julgeolekupolitsei_ja_SD_pataljon	257287
Eesti_Orjanduslik_Partei	131241
Eesti_Turist	318111
Eesti_Noorsootöö_Keskus	317446
Eesti_Loomasõber	249068
Eesti_Standardikeskus	214189
1934._aasta_kergejõustiku_Eesti_meistrivõistlused	319928
2007._aasta_küberrünnakud_Eesti_vastu	181968
Eesti_telekanalite_loend	44597
Eesti_Kirik_(ajakiri)	291913
Eesti_meeste_26._meistrivõistlused_rahvusvahelises_kabes_(1981)	101670
Eesti_lipp	355
Eesti_Väärtpaberikeskus	313810
Eesti_Energia_Õlitööstus	380646
Eesti_kõrgeimate_ehitiste_loend	346548
2003._aasta_Eesti_meistrivõistlused_Kreeka-Rooma_maadluses	265352
Eesti_Gaidide_Liit	314809
Eesti_kaitsejõud	84992
Eesti_1998._aasta_taliolümpiamängudel	400953
Alamsaksa_laenud_eesti_keeles	308906
Eesti_NSV_teeneline_kirjanik	187441
Eesti_NATO_sõjalistes_operatsioonides	241925
1934._aasta_Eesti_meistrivõistlused_Kreeka-Rooma_maadluses	265253
Eesti_Helikunsti_Keskus	318027
Eesti_Geenikeskus	317976
Põhja-Eesti_maastikuvaldkond	62066
Eesti-Haginsk	136687
Eesti_Kardioloogide_Selts	383575
Eesti_Elu	214288
Eesti_Segakooride_Liit	78879
Inimsusevastaste_Kuritegude_Uurimise_Eesti_Rahvusvaheline_Komisjon	215994
Saksa_okupatsiooni_aegsed_kinnipidamisasutused_Eestis	258002
Eesti_Kaardikeskus	321918
Eesti_Vabariigi_Põhiseaduse_mälestusmärk	86612
Eesti_meeste_32._meistrivõistlused_rahvusvahelises_kabes_(1987)	101676
Eesti_taru	155291
Eesti_mäesuusatajate_loend	159998
Tampere_Eesti_Klubi	300531
Eesti_Kaasaegse_Kunsti_Muuseum	383960
1938._aasta_Eesti_ja_Poola_sügismaavõistlus_poksis	291977
Eesti_Ajalehtede_Liit	195991
Eesti-Armeenia_parlamendirühm	353388
Eesti_Mesinike_Liit	111731
Eesti_kullafond_(Anne_Veski)	361822
1960._aasta_Eesti_NSV_–_Soome_sõpruskohtumine_poksis	256105
Vastupanutegevus_Eesti_NSVs	151715
Eesti_kullafond_(Georg_Ots)	361821
Eesti_sõjalennukite_loend_(1918–1940)	141936
Eesti_Arengufond	283030
Eesti_Geoloogia_Rahvuskomitee	314806
Eesti_Vabariigi_spordipreemia	351642
Eesti_hiidrahnude_loend	100254
Eesti_Popmuusika_Aastaauhinnad	232084
Eesti_olümpiamängudel	120656
Eesti_NSV_Ülemnõukogu	45637
Eesti_Kujunduskunstnike_Ühendus	353752
Eesti_Noorsoo_Kasvatuse_Selts	317672
1963._aasta_Eesti_meistrivõistlused_Kreeka-Rooma_maadluses	265300
1935._aasta_Eesti-Soome_maavõistlus_poksis	222263
Eesti_skaudiliikumine	348594
Eesti_NSV_–_Soome_sõpruskohtumised_poksis	252671
Eesti_Üliõpilaskondade_Liit	86668
Eesti_Klaveriõpetajate_Ühing	314777
1936._aasta_Eesti-Soome_maavõistlus_poksis	222262
Eesti_riigikord	252533
Eesti_Ökoloogiapäevad	222837
Eesti_mark	70121
Eesti_Ajalooliste_Laevade_Selts	234333
181._Eesti_julgestusgrupp	105370
1969._aasta_Eesti_meistrivõistlused_Kreeka-Rooma_maadluses	265306
Eesti_karikavõistlused_korvpallis	400493
Eesti_alevite_loend	10709
Saksa_okupatsioon_Eestis	26695
Eesti_NSV_Pedagoogika_Teadusliku_Uurimise_Instituut	309202
Eesti_Sotsiaalteaduslik_Andmearhiiv	360757
2011._aasta_Eesti_Muusikaauhinnad	236646
Eesti_1928._aasta_suveolümpiamängudel	400944
Eesti_ajalookirjanduse_aastapreemia	353100
Eesti_Piibliselts	71178
Eesti_nüüdiskirjandus	267479
1930._aasta_Eesti_meistrivõistlused_Kreeka-Rooma_maadluses	265247
Eesti_Karusloomakasvatajate_Selts	317191
Veestik	61984
Põhjaeesti_murded	308918
Eesti_ajaloo_periodiseerimine	257796
Eesti_Olümpiaakadeemia	317595
Eesti_meeste_45._meistrivõistlused_rahvusvahelises_kabes_(2000)	101692
Eesti_SS-vabatahtlike_brigaad	125900
Eesti_Vabariigi_teenetemärgid	391328
Premier_Restaurants_Eesti_AS	337777
Eesti_liblikate_loend	15275
Eesti_punane_raamat	277709
Eesti_kooride_loend	55252
Eesti_Proletaarsete_Kirjanikkude_Assotsiatsioon	318061
1931._aasta_Eesti-Soome_maavõistlus_poksis	251032
Eesti_esiajalugu	8856
AICA_Eesti_sektsioon	353539
Eesti_ökoloogiakonverents	222838
Eesti_Vabariigi_põhiseadus_(1934)	123760
Eesti_Statistikaselts	318202
Eesti_õigekeelsussõnaraamat	269836
Eesti_Davis_Cupi_koondis	399478
1923._aasta_Eesti_meistrivõistlused_Kreeka-Rooma_maadluses	265235
Stockholmi_Eesti_Teater	319032
Eesti_mitmekeelne_kohanimede_loend	375185
Otsus_Eesti_riiklikust_iseseisvusest	43911
New_Yorgi_Eesti_Maja	214287
Riia_Eesti_Põhikool	316074
Eesti_Apostlik-Õigeusu_Kirik	18350
Maavarade_kaevandamine_Eestis	381939
Eesti_Tehnika_Selts	318222
Eesti_1920._aasta_suveolümpiamängudel	400941
Kuressaare_Eesti_Vabadussõjas_langenute_mälestussammas	93650
Eesti_meistrivõistlused_males	399338
Eesti_pulmakombed	298318
Tervitusi_Nõukogude_Eestist!	305073
Göteborgi_Eesti_Lasteaed_"Tilluke"	353372
Eesti_Sõjahaudade_Hoolde_Liit	35031
Eesti_maastikuüksuste_loend	14550
Eesti_Disainerite_Liit	382320
Eesti_Kirjanike_Kooperatiiv	123941
Eesti_Ulmeühing	253235
Eesti_Vasakpartei	16282
Eesti_Mälumänguliit	116085
Eesti_haridusministrite_loend	229948
1965._aasta_Eesti_meistrivõistlused_Kreeka-Rooma_maadluses	265302
1933._aasta_Eesti-Soome_maavõistlus_poksis	250979
Eesti_kodanike_komiteed	74343
Eesti_Lasteaednike_Selts	316945
Eesti_kunsti_ja_arhitektuuri_biograafiline_leksikon	188623
Eesti_poolakad	377562
Eesti_Rahvaväe_auastmed	306204
Eestit_okupeerinud_riikide_julgeolekuorganite_või_relvajõudude_teenistuses_olnud_või_nendega_koostööd_teinud_isikute_arvelevõtmise_ja_avalikustamise_korra_seadus	130931
2010._aasta_Eesti_Muusikaauhinnad	230133
Eesti_laskurdiviis	50572
Eesti_Interneti_Kogukond	306038
Vanim_eesti_naine	371567
Eesti_Korvpalliliit	57115
Eesti_Rahvusmeeskoor	90020
Eesti_naiste_korvpallikoondis	399501
Eesti_lõõtspill	52446
Eesti_Keskkonnaühenduste_Koda	123177
Eesti_Kodanike_Keskerakond	87159
Eesti-Ameerika_Äriakadeemia	314534
2011._aasta_Eesti_meistrivõistlused_Kreeka-Rooma_maadluses	265362
Eesti_muuseumide_loend_1938	375489
Eesti_Muuseumiühing	339708
Eesti_haridus	390774
Eesti_Suursaatkond_Oslos	376990
Eesti_Sotsialistliku_Tööliste_Partei_võimlemisrühmad	330738
Vene_Kunstnike_Ühendus_Eestis	73804
Eesti_talukoer	145992
Eesti_Teaduslik_Selts_Rootsis	155929
Eesti-Rootsi_suhted	408530
Eesti_Künniselts	317724
Eesti_Instituut_Soomes	392618
Lõunarinne_(Eesti_Vabadussõda)	307114
Eesti_Rahvaerakond	286631
Eesti_rahvusbibliograafia	381925
183._Eesti_julgestusgrupp	105837
1958._aasta_Eesti_meistrivõistlused_Kreeka-Rooma_maadluses	265292
Eesti_Demokraatlik_Rahvuslike_Jõudude_Koostöökoda	346169
Eesti_Kultuuri_Koondis_Rootsis	313888
Eesti_Muusika-_ja_Teatriakadeemia	86849
Eesti_fotograafide_loend	54828
Eesti_Teaduste_Akadeemia_seadus	201324
Eesti_Noorte_Looduskaitse_Ühing	120011
Eesti_Metodisti_Kirik	9361
1974._aasta_Eesti_meistrivõistlused_Kreeka-Rooma_maadluses	265311
Eesti_Õpetajate_Liit	233653
Eesti_kalade_loend	95566
Eesti_Kooriühing	78981
Eesti_Noorte_Mereklubi	87091
Eesti_meistrivõistlused_kahevõistluses	399729
Venemaa_luuretegevus_Eestis	144274
Eesti_etümoloogiasõnaraamat	337965
1938._aasta_Eesti_meistrivõistlused_Kreeka-Rooma_maadluses	265257
Eesti_(ajaleht)	350791
Eesti_Keemia_Selts	167374
Eesti_Akadeemiline_Õigusteaduse_Selts	313825
Eesti_riigipeade_loend	367
Eesti_jalgpalli_2001/2002._aasta_karikavõistlused	199220
Eesti_Vabadussõjas_langenute_mälestussammas	94123
Kaksikvõim_Eestis	169336
Eesti_2008._aasta_paraolümpiamängudel	399752
Eesti_otsib_superstaari_(esimene_hooaeg)	187430
6._Eesti_Piirikaitserügement	225090
1970._aasta_Eesti_meistrivõistlused_Kreeka-Rooma_maadluses	265307
Eesti_jalgpalli_kõrgliiga_1929	378916
Eesti_jalgpalli_kõrgliiga_1926	378874
Eesti_jalgpalli_kõrgliiga_1927	378912
Eesti_jalgpalli_kõrgliiga_1924	378864
Eesti_Noorte_Punane_Rist	353012
Eesti_jalgpalli_kõrgliiga_1922	378856
Eesti_jalgpalli_kõrgliiga_1923	378860
Eesti_jalgpalli_kõrgliiga_1921	378851
Eesti_Tantsuõpetajate_Liit	318069
Eesti_luule	267490
Briti_Nõukogu_Eesti_esindus	314419
Eesti_siseministrite_loend	36036
1881._aasta_rahvaloendus_Eestis	350595
Eesti_2012._aasta_suveolümpiamängudel	292620
Eesti_Riiklik_Autoregistrikeskus	266784
Eesti_NSV_Ministrite_Nõukogu_Riiklik_Plaanikomitee	129998
Eesti_Kultuuri_Koda	363394
Eesti_biograafiline_andmebaas_ISIK	339530
Eesti_Mittetulundusühingute_ja_Sihtasutuste_Liit	40999
Eesti_haiku	303659
Eesti_Vabadussõja_mälestusmärk	152122
Eesti_Ajalehed	222343
Eesti_Naisüliõpilaste_Selts	64966
Roheline_Eesti	374813
Eesti_kirjakeel	312997
Eesti_Maarahva_Liit	286305
Eesti_Politsei_juhtide_loend	216401
Eesti_teenetemärgid	347335
Nordea_Pank_Eesti	353501
Eesti_Rahvuslik_Astronoomia_Komitee	314807
Eesti_Maakrediitselts	299631
Eesti_Orhideekaitse_Klubi	120014
Eesti_keskaeg	33743
Eesti.ee	319375
Eesti_saalihokikoondis	399301
Eesti_rootsikeelsed_kohanimed	240950
Eesti_naiste_jalgpallikarikas	400998
Eesti_Jalgpalli_Liidu_aumärgid	240282
Soome_laenud_eesti_keeles	320613
Lääne-Eesti	163645
Eesti_NSV-st_valitud_NSV_Liidu_Ülemnõukogu_liikmete_loend	264365
Eesti_Heategev_Selts	278266
Eesti_looduskaitse	165681
Eesti_Rahvusfond	383075
Eesti_kahepaiksed	102429
Eesti_riiklike_teenetemärkide_galerii	402712
Rootsi-Eesti_Ühing	368061
Stockholmi_Eesti_Kool	220431
Eesti_NATO_Ühing	99935
Eesti_NSV_Riikliku_Julgeoleku_Komitee_piirkondlikud_asutused	216369
Valjala_Eesti_Vabadussõjas_langenute_mälestussammas	93624
Eesti_NSV_Ülemkohus	384616
Eesti_Juristide_Liit	317125
Eesti_allikate_loend	154207
Eestimaa_rahvaloenduste_loend	242839
Eesti_NSV_TA_Termofüüsika_ja_Elektrofüüsika_Instituut	289114
Eesti_päevamärkide_loend	163648
Eesti_2014._aasta_taliolümpiamängudel	361458
Eesti_heliloojad_IV	257147
Eesti_Raadio_Meeskvartett	231561
Austraalia_Eesti_Seltside_Liit	291883
Õpetatud_Eesti_Seltsi_juubelipostmargid	158540
Eesti_maastikuline_liigestus	61639
Madal-Eesti	62063
Eesti-Venemaa_piir	346751
Eesti_heliloojad_II	257143
Eesti_Filmiajakirjanike_Ühingu_aasta_filmi_auhind	34623
Eesti_Reklaamfilm	317938
Harju-Madise_Eesti_Kodanike_Komitee	257788
Eesti_rahvakalender	15597
1940._aasta_Eesti_meistrivõistlused_Kreeka-Rooma_maadluses	265260
Eesti_kaitsevägi	108744
Eestimaa_kubermangukomissar	168419
1956._aasta_Eesti_meistrivõistlused_Kreeka-Rooma_maadluses	265289
Eesti_jalgpalli_1996/1997._aasta_karikavõistlused	199225
Eesti_seitsmekümnendad	318448
47_Eesti_ohvitseri_kiri	240471
Eesti_Võrdleva_Kirjandusteaduse_Assotsiatsioon	313929
Eesti-Rootsi_Vaimse_Tervise_ja_Suitsidoloogia_Instituut	317885
Eesti_Klavessiinisõprade_Tsunft	358926
Eesti_NSV_Välisministeerium	256303
Eesti_meistrivõistlused_pesapallis	399727
Eesti_taluarhitektuur	347922
Eesti_jalgpalli_1992/1993._aasta_karikavõistlused	199229
MTÜ_Eesti_Euroopa_Liikumine	381991
Eesti_Rahvusnõukogu	280561
2004._aasta_Eesti_meistrivõistlused_Kreeka-Rooma_maadluses	265353
Eesti_kohtumargid	361510
Eesti_ajakirjandus	7286
Kergejõustiku_Eesti_rekordid	253607
Eesti_sõprade_rahvusvaheline_kokkutulek	221111
Eesti_ettevõtete_loend	280206
Eesti_Tõuloomakasvatuse_Liit	317737
Eesti_meeste_meistrivõistlused_vene_kabes	172025
Eesti_Arstiteadusüliõpilaste_Selts	337256
1938._aasta_Eesti_presidendivalimised	324814
Eesti_Autorite_Ühing	274700
Insenerikultuur_Eestis	315212
Eesti_Muusika_Kuukiri	317407
1937._aasta_Eesti_meistrivõistlused_Kreeka-Rooma_maadluses	265256
1962._aasta_Eesti_meistrivõistlused_Kreeka-Rooma_maadluses	265299
Regionaaltelevisioon_Eesti	407302
1935._aasta_Eesti_meistrivõistlused_Kreeka-Rooma_maadluses	265254
Eesti_orgude_loend	193941
Eesti_meeste_61._meistrivõistlused_vene_kabes_(2009)	172059
1954._aasta_Eesti_meistrivõistlused_Kreeka-Rooma_maadluses	265287
Eesti_suveolümpiamängudel	399746
Eesti_Akadeemiline_Välisvahetuse_Fond	313826
Eesti_Turistide_Ühing	318115
Eesti_romaanivara	284492
Tšehhoslovakkia_Eesti_Selts	219501
Eesti_meeste_51._meistrivõistlused_rahvusvahelises_kabes_(2006)	101750
Eesti_majanduselu_leksikon	389140
1977._aasta_Eesti_meistrivõistlused_Kreeka-Rooma_maadluses	265314
Eesti_Korteriühistute_Hoiu-laenuühistu	250165
1982._aasta_Eesti_meistrivõistlused_Kreeka-Rooma_maadluses	265330
Eesti_Assürioloogia_Selts	272642
1938._aasta_Eesti-Soome_maavõistlus_poksis	221539
Eestimaa_Rahvuste_Ühendus	314617
Eesti_lindude_süstemaatiline_nimestik	5527
Eesti_ministeeriumide_loend_(1938)	51695
Eesti_Proovikoda	317027
Eesti_Äritarkvara_Liit	240371
Eesti_Vabagraafikute_Ühendus	353761
Eesti_Asutav_Kogu_1918	357144
Eesti_Infotehnoloogia_Kolledž	200065
Eesti_Ökoloogiakogu	220455
Eesti-Venemaa_suhted	346895
Eesti_Kunstiakadeemia_vabade_kunstide_teaduskond	245403
Eesti_NSV_Konstitutsioon_(1940)	143629
Eesti_jalgpallikoondise_mängude_loend	175298
Eesti_kodanikuühiskonna_arengu_kontseptsioon	40996
Eesti_Õpilasesinduste_Liit	51112
Eesti_Haigekassade_Liit	327664
Eesti_Konservatiivne_Rahvaerakond	278551
Eesti_riigisekretär	56873
Eesti_Põllumajandusliit	381353
Eesti_erakondade_loend	314
Eesti_postijaamade_loend	358655
Kolmikliit_(Eesti)	255892
Eesti_NSV_Siseasjade_Rahvakomissariaat	131992
1984._aasta_Eesti_meistrivõistlused_Kreeka-Rooma_maadluses	265333
Eesti_valimisringkonnad	378316
Uus_Eesti	161876
8._Eesti_Laskurkorpus	107337
Eesti_Aleksandrikooli_liikumine	236264
Eesti_E-tervise_Sihtasutus	110882
Eesti_Onkoloogiakeskus	317751
Eestimaa_rüütelkonna_aadlimatrikkel	235692
Eesti_Ragbi_Liit	399174
Eesti_meistrivõistlused_võrkpallis	399518
Eesti_Aeroklubi	347641
Eesti_filmi_andmebaas	309948
Eesti_meeste_49._meistrivõistlused_rahvusvahelises_kabes_(2004)	101696
Eesti_reisidokumendid	390470
Eesti_põlevkivimaardla	316558
Eestimaa_kuberneride_loend	9092
Eesti_Jahispordi_Liit	130091
Eesti_kirjamehi	385085
Eesti_Naisuurimus-_ja_Teabekeskus	357069
Eesti_Kutsemuusikute_Ühing	317398
Eesti_ürglooduse_raamat	212639
Eesti_NSV_Riikliku_Julgeoleku_Ministeeriumi_osakond_2-N	257249
Üle-Eestiline_neidudekoor_Leelo	87067
Tallinna_Eesti_Vabadussõjalaste_Liit	174186
Eesti_keele_ajalugu	7114
Eesti_otsib_superstaari_(neljas_hooaeg)	242067
Eesti_rahva_kannatuste_aasta	49754
Eesti_Ühistegeline_Liit	313809
1938._aasta_kergejõustiku_Eesti_meistrivõistlused	303964
Eesti_Kardioloogia_Instituut	317761
Prantsuse_Suursaatkond_Eestis	394239
Eesti_kullafond_(Silvi_Vrait)	286093
Deklaratsioon_Eesti_NSV_suveräänsusest	57560
Taani-Eesti_Kaubanduskoda	320640
Eesti_Merelaevandus	318281
Eesti_kirjakeele_norm	156123
Eesti_kokkade_loend	155862
1963._aasta_Eesti_NSV_–_Soome_sõpruskohtumine_poksis	256174
Indoeuroopa_laenud_eesti_keeles	355614
Eesti_NSV_Riikliku_Julgeoleku_Rahvakomissariaat	130451
Eesti_Meeskoor_Austraalias	314785
Eesti_jalgpalli_väike_karikas	330025
Islam_Eestis	369853
Eesti_Rahvaluule_Arhiiv	314180
Eesti_Rahvusraamatukogu	22773
Eesti_kooli_biograafiline_leksikon	391117
Eesti_kloostrid	12561
Riia_Eesti_Üliõpilaste_Selts	226183
Eesti_Nahakunstnike_Liit	353758
Eesti-Tiibeti_Kultuuriselts	64802
Eesti_Vabadussõda	18116
Eesti_Looduse_Infosüsteem	252612
Eesti_kullafond_(Singer_Vinger)	35986
Eesti_välisminister	141034
Eesti_Vabaduse_Risti_I_liigi_kavaleride_loend	153155
Eesti_Orkestrijuhtide_Rahvamuusikaorkester	318200
Eesti_roomajad	102433
Eesti_trükitoodang	266591
1989._aasta_Eesti_meistrivõistlused_Kreeka-Rooma_maadluses	265338
Eesti_Hääl	316935
2012._aasta_Eesti_Muusikaauhinnad	271049
Eesti_Lihaliit	316981
Eesti_säästva_metsanduse_standard	250886
Eesti_Linnade_Liit	346508
Eesti_Võrkpalli_Liit	399468
Eesti_2012._aasta_noorte_taliolümpiamängudel	399759
Baltimore'i_Eesti_Kool	353259
Eesti_Skautide_Malev	353015
Eesti_võrkpallikoondis	268948
31._Eesti_Politseipataljon	107181
Eesti_Loomakaitseliit	227895
Eestimaa_Kommunistliku_Partei_Keskkomitee_Partei_Ajaloo_Instituut	314536
Eesti_jalgpalli_2000/2001._aasta_karikavõistlused	199221
Eesti_keskmine_palk	306245
Eesti_koolinoorte_2008._aasta_mälumängumeistrivõistlused	117366
Eesti_Looduseuurijate_Seltsi_aastaraamat	181929
Eesti_Töötukassa	316846
Eestikeelne_Vikipeedia	127423
Eesti_Laululapsed	317624
Eesti_Maaliit	384253
1981._aasta_Eesti_meistrivõistlused_Kreeka-Rooma_maadluses	265320
Eesti_Teatri-_ja_Muusikamuuseum	316807
Eesti_Kultuurkapitali_Kujutava_Kunsti_Sihtkapitali_Valitsus	383179
1995._aasta_Eesti-Soome_maavõistlus_poksis	253433
IBBY_Eesti_osakond	228217
Väliseestlaste_eesti_keel	313154
Eesti_meistrivõistlused_jalgratturite_maanteesõidus	399521
Vanim_eesti_mees	160053
Vene_SFNV_Rahvusasjade_Rahvakomissariaadi_Eesti_osakond	280995
Eesti_Teatri_Agentuur	371559
Eestimaa_Poolakate_Selts_Polonia	389930
Eesti_Lauljate_Liit_Rootsis	317056
Eesti_Trükitööstus	317450
Eesti_merede_loend	11274
Eesti_Loomakasvatuse_ja_Veterinaaria_Teadusliku_Uurimise_Instituut	317213
Eesti_Lastefond	299778
Eesti_haiglate_loend	72805
Eesti_posti_ajalugu	201927
Eesti_ja_Poola_maavõistlused_poksis	291608
Eesti_Olümpiakomitee	37942
Eesti_Ukrainlaste_Kongress	362734
Eesti_Ameerika_Fond	353270
Televisioon_Eestis	257494
Siseränne_Eestis	347861
Eesti_riik_ja_rahvas_Teises_maailmasõjas	162657
Eesti_kronostratigraafiline_skaala	308837
Välisriikide_esindajad_Eestis_1938	407168
Eesti_Pimedate_Raamatukogu	364647
Eesti_suusahüppekoondis	399505
Eesti_Muusika-_ja_Teatriakadeemia_sümfooniaorkester	353888
Eesti_Postimees	65209
Eesti_Metsaselts	317312
Taimed_Eesti_omavalitsuste_vappidel	53256
Connecticuti_Eesti_Kool	353320
Eesti_luure	386579
Eesti_Politseimuuseum	338218
Välis-Eesti	316644
Vanausulised_Eestis	319180
Eesti_Tantsuhariduse_Liit	318067
Eesti_Kalurite_Liit	317336
Eesti_kõrgkoolide_loend	11989
Eesti_Kinnisvarafirmade_Liit	374504
Eesti_Ringhäälingute_Liit	70117
Eesti_Üürnike_Liit	313808
Eesti_kirjandus	298
Viru_Eesti_Selts_Kalevipoeg	316210
Eesti_Suhtekorraldajate_Liit	61422
Eesti_jalgpalli_2011/2012._aasta_karikavõistlused	293461
Eesti_Evangeeliumi_Luteriusu_Kirik	23161
Eesti_arstide_loend_(1940)	249401
Eesti_jalgpalli_2004/2005._aasta_karikavõistlused	199217
Eesti_heliloojad_III	257146
AIESEC_Eesti	313301
Eesti_Muusikateatrite_Vokaalsolistide_Liit	353438
Eesti_Filharmoonia_Kammerkoor	119342
Eesti_leedulased	377379
1951._aasta_Eesti_meistrivõistlused_Kreeka-Rooma_maadluses	265276
Soome_Eesti-seltside_Liit	219505
Eesti_Konjunktuuriinstituut	316860
AS_Eesti_Meedia	317344
Eesti_Meestelaulu_Selts	79033
Eesti_Rada	317032
Eesti_Rahvatantsu_ja_Rahvamuusika_Selts	304470
Eesti_peekon	98940
Lääne-Eesti_saarestik	150482
Eesti_meeste_57._meistrivõistlused_vene_kabes_(2005)	22806
Eesti_jalgpallikoondis	65915
Eesti_meeste_43._meistrivõistlused_rahvusvahelises_kabes_(1998)	80703
Eesti_Fotoklubi	317991
Eesti_koolide_loend	13956
Eesti_etnograafia_sõnaraamat	385081
Eesti_Kunstimuuseumi_Kunstisõprade_Selts	340467
Eesti_Roheline_Erakond	32992
Eesti_Maalikunstnike_Liit	225951
Eesti_Rahvuslik_Liikumine	97753
Eesti_Kaitsealade_Liit	112380
Eesti_Aleksandrikooli_peakomitee	236502
Eestikeelsete_aabitsate_loend	29711
Kuressaare_Eesti_Kodanike_Komitee	153649
4._Eesti_Piirikaitserügement	262478
Leping_Eesti_Demokraatliku_Vabariigi_ja_Ukraina_Sotsialistliku_Nõukogude_Vabariigi_vahel	350109
Eesti_Üliõpilaste_Seltsi_ajalugu	65659
Eesti_Teadus-_ja_Arendusnõukogu	318209
Eestis_kadunud_isikud	279963
Eesti_merevägi	134348
Eesti_riigiametite_loend	11986
Eesti_Kinoliit	290816
Eesti_kultuur	171503
Family_(Eesti_ansambel)	270456
Eesti_Teaduste_Akadeemia_Toimetised	318229
Eesti_NSV_Teatriühingu_lavakunstistuudiod	319063
Eesti_raha	313796
Eesti_Reformierakond	1027
Eestirand_(külmutuslaev)	87144
Eestimaa_Töölisühingute_Keskliit	314612
Eestimaa_suvemängud	339116
Eestimaa_Ametiühingute_Kesknõukogu	313801
Sõjategevus_Eestis_1941._aastal	150431
Eesti_naiste_jalgpallikoondis	162482
Eesti_keelde_tõlkijate_loend	14892
Eesti_Liikluskindlustuse_Fond	381967
Albany-Schenectady_eesti_kool	353258
1998._aasta_Eesti_meistrivõistlused_Kreeka-Rooma_maadluses	265347
1943._aasta_Eesti_meistrivõistlused_Kreeka-Rooma_maadluses	265264
Eesti_Omavalitsus	91256
Eesti_Laskurliit	129732
Surmanuhtlus_Eestis	393172
Eesti_sovhooside_loend	48690
Eesti_tempelmargid	155266
Saksa_sõjavangilaagrid_Eestis	151863
Eesti_Muusikafestivalid	317789
Eesti_semiootika_sügiskool	357093
Eestimaa_kubermanguvalitsus	158953
Eesti_Fotokunstiühing	317993
Eesti_NSV_vapp	3173
Rootsi_praostkond_(Eestis)	214875
Eesti_jalgpalli_1995/1996._aasta_karikavõistlused	199226
Eesti_ETNO	138553
Eesti_jalgpalli_2008/2009._aasta_karikavõistlused	199213
Eesti_naiste_39._meistrivõistlused_rahvusvahelises_kabes_(2011)	303067
Rõngu_Eesti_Vabadussõjas_langenute_mälestussammas	99607
Kursi_Eesti_Kodanike_Komitee	257975
Eesti_Maaülikooli_tehnikainstituut	275126
Eesti_mäng	339468
Eesti_Maaülikooli_audoktorite_loend	178203
Eesti_Looduseuurijate_Seltsi_raamatukogu	182109
Eesti_malekoondis	399838
Eesti_Siseaudiitorite_Ühing	168466
1948._aasta_Eesti_meistrivõistlused_Kreeka-Rooma_maadluses	265270
Eesti_Maaülikooli_Tartu_Tehnikakolledž	368662
Nimede_eestistamine	46313
Eesti_jääpall	378085
1991._aasta_Eesti_NSV_–_Soome_sõpruskohtumine_poksis	257023
Eesti_Aianduse_ja_Mesinduse_Keskselts	317283
Omakirjastuslik_tegevus_Eestis	36521
Eesti_Naisliit	282733
Eesti_Geograafia_Selts	206933
Eesti_Noored	257156
1966._aasta_Eesti_NSV_–_Soome_sõpruskohtumine_poksis	256718
Eesti_Kristlik_Liit	230119
Eesti_riiklikud_tähtpäevad	349183
Melbourne'i_Eesti_Meestelaulu_Selts	315560
Jehoova_tunnistajad_Eestis	377973
2011._aasta_Eesti_Popmuusika_Aastaauhinnad	276198
1990._aasta_Eesti_meistrivõistlused_Kreeka-Rooma_maadluses	265339
Eestimaa_Looduse_Fond	99114
Eesti_Töörahva_Kommuun	63460
Eesti_2000._aasta_suveolümpiamängudel	400965
Lakewoodi_Eesti_Kool	353322
Eesti_Vabariigi_põhiseadus_(1920)	16299
Eesti_põllumajandus	345691
Noor-Eesti	20215
Teadmata_kadunud_(Eesti_2012)	308717
Eesti_meistrivõistlused_temposõidus	399522
Eesti_pankade_loend	105480
Eesti_ministrite_loend	369
Eesti_Lennundusmuuseum	204277
Eesti_kullafond_(Onu_Bella)	267204
Eesti_jalgpalli_2007/2008._aasta_karikavõistlused	199214
1985._aasta_Eesti_meistrivõistlused_Kreeka-Rooma_maadluses	265334
Eesti_ajalehtede_loend	7287
Eesti_Akadeemiline_Orientaalselts	157348
Olympic_Casino_Eesti	182253
Eesti_Kool_Londonis	353376
Eesti_kunst	212979
Eesti_Suusaliit	124199
Eesti_Vabadussõjas_osalenud_väeosade_loend	268279
Eesti-Läti_Laevasõidu_Agentuur	76700
Eesti_Talu	317946
Eesti_Apostellik_Administratuur	391419
Vanarootsi_laenud_eesti_keeles	355512
Eesti_meeskooride_loend	79036
Eesti_Põlevkivi	120862
Eesti_Noorsotsialistlik_Liit	370188
Põhjamaade_Ministrite_Nõukogu_esindus_Eestis	243228
Eesti_Muuseumraudtee	337430
Eesti_SS_pataljon_(laul)	257569
Eesti_Üliõpilaste_Selts	45174
1945._aasta_Eesti_meistrivõistlused_Kreeka-Rooma_maadluses	265266
Eesti_Füüsikaüliõpilaste_Selts	296839
Eesti_Akadeemilise_Orientaalseltsi_aastaraamat	273198
Eesti_Pressimuuseum	285044
Eesti_paraolümpiamängudel	399750
Eesti_NSV_teeneline_treener	403514
Eesti_Piirivalve_Ohvitseride_Kogu	160540
Eestimaa_rüütelkonna_hoone	87581
Eesti_NSV_Riikliku_Julgeoleku_Ministeerium	136875
Eesti-Soome_suhted	393175
Kaasaegse_Kunsti_Eesti_Keskus	314047
Eesti_Maaülikooli_loomakliinik	152538
Eurovisiooni_lauluvõistluse_Eesti_eelvoor	66199
Eesti_sõjaväepolitsei	390348
Eesti_sõjaväelised_auastmed	382408
Eesti_Tuletõrjemuuseum	329243
Eesti_kihelkondade_loend_maakonniti	135886
Eesti_Apteekrite_Liit	198913
Eesti_Tantsukunstnike_Liit	353437
Eesti_lipu_muuseum	337272
659._Eesti_Pataljon	109024
Eesti_Aeg	285371
Viljandi_Eesti_Kodanike_Komitee	257794
Eesti_Kujutavate_Kunstnikkude_Keskühing	304008
Eesti_U18_jäähokikoondis	398999
Eesti_NSV_järglasriik	57504
Tartu_Eesti_Seitung	311698
Eesti_Vabariigi_kirdepiiri_kindlusehitised_1934–1939	243734
Eesti_krediidiasutuste_loend	259292
Eestimaa_Sõja-Revolutsioonikomitee	150462
Eesti_Pesapalli_ja_Softpalli_Liit	399466
Nõukogude_okupatsioon_Eestis_(1940–1941)	149774
Stockholmi_Eesti_Ühing	368064
Seitsmenda_Päeva_Adventistid_Eestis	347364
Eesti_Üleüldise_teaduse_raamat	388471
Eesti_NSV_teeneline_looduskaitsja	400898
Eesti_keraamika	79365
Eesti_Erastamisagentuur	384271
Eesti_Rahvakultuuri_Keskseltside_Liit	313882
Eesti_hooghännaliste_nimestik	15292
1995._aasta_Eesti_meistrivõistlused_Kreeka-Rooma_maadluses	265344
Eesti_SS-vabatahtlike_soomusgrenaderide_pataljon_"Narva"	88456
Erakond_Eesti_Kristlikud_Demokraadid	25092
Theoderich_(Eestimaa_piiskop)	111017
Eesti_Kodu	322321
Eesti_Inseneride_Ühing	318149
1929._aasta_Eesti-Soome_maavõistlus_poksis	252347
Eesti_nimi	27557
Muusikapreemia_(Eesti_Muusikanõukogu)	312944
Eesti_meeste_42._meistrivõistlused_rahvusvahelises_kabes_(1997)	101690
Eesti_köök	21914
Eesti_Väike-_ja_Keskmiste_Ettevõtjate_Assotsiatsioon	239257
2010._aasta_Eesti_meistrivõistlused_Kreeka-Rooma_maadluses	265360
2006._aasta_Eesti-Soome_maavõistlus_poksis	253083
Eestis_registreeritud_kunstnike_loend	226421
Eesti_kodaniku_pass	390514
Eesti_Raamatukoguvõrgu_Konsortsium	179646
Eesti_regionaalpoliitika	283005
Eesti_Jumestajate_ja_Grimeerijate_Ühendus	353439
Eesti_metsasus	252127
Eesti_NSV_teeneline_sotsiaalhooldustöötaja	400903
Eesti_Noorte_Segakoor	384713
Eesti_Haigekassa	183715
Põhja-Eesti_pank	54494
Eesti_Aiandusliit	317284
MTÜ_Eesti_Skeptik	251594
Eesti_Kunstifond	313960
Eesti_Muusikaloo_Toimetised	317677
Eesti_Taassünni_auhind	110310
Eesti_Maja	173987
Juuru_Eesti_Kodanike_Komitee	86773
Jalgpall_Eestis	240250
Eesti_Kirjameeste_Selts	45597
Eesti_Õpilasmalev	62025
Eesti_Filmi_Sihtasutus	317911
Eesti_Minut	317275
Eesti_puude_loend	71503
Eesti_diplomaatilised_esindused	116025
Eesti_kaitseväe_juhataja	366823
Kodakondsuseta_isik_Eestis	398415
Eesti_Kunstiteadlaste_ja_Kuraatorite_Ühing	353754
Eesti_Rukki_Selts	253387
Eesti_NSV_Ministrite_Nõukogu_juures_asuv_Riiklik_Kehakultuuri-_ja_Spordikomitee	367978
Eesti_Metallikunstnike_Liit	353756
Jaan_Tõnisson_ja_Eesti_iseseisvus	392531
Eesti_NSV_Vabariiklik_Õpetajate_Täiendusinstituut	277168
Eesti_rändrahnude_loend	11677
Eesti_Matkaliit	245813
Eesti_meeste_40._meistrivõistlused_rahvusvahelises_kabes_(1995)	101686
Eestimaa_Kubermangu_Ajutine_Maanõukogu	19314
Eesti_Sotsioloogide_Liit	317433
Eestirand	20837
Eesti_kullafond_(Mati_Nuude)	251211
Vene_Rahvuslik_Liit_Eestis	392579
Eesti_Psühholoogide_Liit	230673
Eesti_otsib_superstaari_(kolmas_hooaeg)	187432
Eesti_lennujaamade_ja_lennuväljade_loend	41275
Sümbolid_Eesti_omavalitsuste_vappidel	53267
Eesti_riigikaitse	284642
Maxima_Eesti_OÜ	393681
Eesti_NSV_Riiklik_Ajaloo_Keskarhiiv	315873
Kitsarööpmeline_raudtee_Eestis	306430
Eesti_Majandusjuhtide_Instituut	370196
Eesti_Leegion	125727
Eesti_meeste_35._meistrivõistlused_rahvusvahelises_kabes_(1990)	101680
Eesti_kirjanduskriitikute_loend	167569
Eesti_muusika_biograafiline_leksikon	389146
Eesti_Kiviõli	316891
Concordia_Rahvusvaheline_Ülikool_Eestis	110254
Eesti_meeste_58._meistrivõistlused_vene_kabes_(2006)	172054
Eestis_1939_kaotatud_valdade_loend	75197
Eesti_Isikulooline_Indeks	360856
Eesti_ajaloolaste_loend	342480
Eesti_Näitused	317014
AS_Eesti_Helkama-Auto	319428
3._Eesti_jalaväepolk	272342
Eesti_otsib_superstaari_(kuues_hooaeg)	400496
Eesti_sümboolika	371695
Eesti_Leivaliit	316980
Germaani_laenud_eesti_keeles	320618
2._Viljandi_Eesti_kommunistlik_kütipolk	281210
Helsingi_Eesti_Maja	228582
Eesti_Panga_president	377004
Eesti_üheiduleheliste_süstemaatiline_nimestik	96185
Eesti_Eruohvitseride_Kogu	368597
Eesti_Vähihaigete_Laste_Vanemate_Liit	372157
Nõukogude_okupatsioon_Eestis	59562
Eesti_Rahvuskultuuri_Fond	162370
Eesti_NSV_Kultuuriministeerium	266699
Võru-eesti_sõnaraamat	17124
Armeenia_ja_Eesti_rahva_sõpruse_monument	96115
Eesti_Vabariigi_Rahvuskomitee	166068
Eesti_Leegioni_Sõprade_Klubi	142859
Eesti_käsipallikoondis	399034
Eesti_rahandusministrite_loend	274917
Eesti_Akadeemiline_Pedagoogika_Selts	313868
Aasta_keskkonnategu_(Eesti_Keskkonnaühenduste_Koda)	391411
1960._aasta_Eesti_meistrivõistlused_Kreeka-Rooma_maadluses	265296
Eestimaa_sõjakuberneride_loend	159807
Eesti_Koolinoorsoo_Keskliit	314779
Nõukogude_okupatsioon_Eestis_(1918–1919)	151595
Eesti_pokkerimängijate_loend	198178
Eesti_Noorte_Teadlaste_Akadeemia	245757
Eesti_Kirjanduse_Selts	22624
Eesti_Muinastaideselts	292423
Eesti_meeste_33._meistrivõistlused_rahvusvahelises_kabes_(1988)	101677
Nõmme_Eesti_Kodanike_Komitee	86769
Eesti_kirjandus_(toetusprogramm)	393859
Eesti_valimised	51873
Eesti_ajakirjade_loend	11333
Eesti_jõgede_loend	308
Eesti_Astronoomia_Selts	316912
Eesti_meeste_55._meistrivõistlused_rahvusvahelises_kabes_(2010)	227359
Välis-Eesti_Ühing	317570
Eesti_Leegioni_Sõprade_Selts	159568
Eesti_Metsamajanduse_ja_Looduskaitse_Teadusliku_Uurimise_Instituut	317301
Adelaide'i_Austraalia_Eesti_Maja	102860
Eesti_jalgpalli_kõrgliiga_1928	378915
Eesti_kolhooside_loend	48625
Eesti_NSV_Pioneeriorganisatsioon	306605
Valio_Eesti_AS	312638
Eesti_Lepidopteroloogide_Selts	120015
Eesti_Memento_Liit	315554
Eesti_Entsüklopeedia	82178
Eesti_Draamateater	34939
Eesti_jalgpalli_kõrgliiga_1925	378866
Eesti_erakonnad_vasak-parem-skaalal	6583
Lääne-Eesti_madalik	122376
Eesti_Spordileht	314200
Eesti_Maakarja_Kasvatajate_Selts	317736
Enics_Eesti	373742
Eesti_Muusikakogude_Ühendus	317791
Prostitutsioon_Eestis	393592
Eesti_poide_loend	247679
Eesti_sotsiaalhoolekandeminister	365093
Eesti_Sepp	250262
Eesti_Teadlaste_Liit	318205
Eesti_NSV_Riiklike_Kunstiansamblite_Džässorkester	20498
Eesti_poliitikute_loend	10275
Eesti_limused	169987
Eesti_lastekirjandus	22513
Eesti_1992._aasta_taliolümpiamängudel	400950
Eesti_Maaülikooli_mahekeskus	298466
Eesti_Joonisfilm	270627
SK_Eestimaa_Kasakad	343123
Eesti_vallavanemate_loend	374188
Eesti_Ehitusettevõtjate_Liit	318142
Tunnustatud_Eesti_Maitse_päritolu-_ja_kvaliteedimärki_kandvate_toodete_loend	274727
Eesti_Tagavara_Jalaväepataljon	272353
Eesti_Vabadusliit_(1945)	316711
Eesti_meeste_41._meistrivõistlused_rahvusvahelises_kabes_(1996)	101689
Eesti_lahtede_loend	7979
Eesti_Bibliograafia_Asutis	381993
Eesti_Loodusmuuseum	112275
Lõunaeesti_murded	309041
Eesti_sadamate_loend	309420
Sydney_Eesti_Teater	311687
Eesti_spordi_biograafiline_leksikon	292218
Eesti_Õigeusu_Kirik	108389
Eesti_novellivara	340941
Põhjasõda_Eesti_alal	342105
Eesti_Rahvapank	317127
Eesti_Roheline_Partei	152227
Eesti_NSV_Ministrite_Nõukogu_juures_asuv_Riikliku_Julgeoleku_Komitee	130375
Eesti_Kristlike_Arstide_Ühing	232247
Eesti_Metsamees_Eksiilis	317309
Indoiraani_laenud_eesti_keeles	355615
Eesti_kanalite_loend	105846
Eesti_noorte_olümpiamängudel	399754
Eesti_NSV_teeneline_koor	400901
Eesti_puhkpilliorkestrite_loend	96879
Manifest_kõigile_Eestimaa_rahvastele	25136
Eesti_jalgrattasport	349110
Eesti_Skautide_Ühing	132043
Eesti_Digiraamatute_Keskus	399217
2._Eesti_Politseirügement	108277
Eesti_saarte_loend	364
Eesti_saksakeelsete_kohanimede_loend	31593
Eesti_Turbatööstused	316888
Eesti_meistrivõistlused_Rubiku_kuubiku_lahendamises	190012
Harju-Jaani_Eesti_Kodanike_Komitee	257787
Eesti_Ühiskonnaõpetajate_Selts	401521
Eesti_Sõnumid	251624
Eesti_Kennelliit	370190
Baltisaksa_laenud_eesti_keeles	355510
Eesti_1994._aasta_taliolümpiamängudel	400951
Sillamäe_Eesti_Põhikool	393042
Eesti_Põllumajandus	310894
Eesti_Straussi_Ühing	294568
Eesti_Humanitaarinstituut	306
Eesti_Vabariigi_meenemündid	85644
Eesti_Turismifirmade_Liit	318099
Eesti_Keskkonnauuringute_Keskus	130553
Eesti_kaitsejõudude_ajalugu	304304
Värvid_Eesti_omavalitsuste_vappidel	53251
1980._aasta_Eesti_meistrivõistlused_Kreeka-Rooma_maadluses	265318
1922._aasta_Eesti_meistrivõistlused_Kreeka-Rooma_maadluses	265232
Saksa_Majanduse_Auhind_Eestis	267836
Vabamüürlus_Eestis	346122
Eesti_meeste_34._meistrivõistlused_rahvusvahelises_kabes_(1989)	101678
Eesti_Kodanike_Komiteede_mälestusmärk_registreerijaile_tehtud_töö_eest	86604
Eesti_Päevaleht	86927
Eesti_Klaasikunstnike_Ühendus	122207
VELK_Eestimaa_konsistooriumiringkond	341276
Eesti_NSV_hümn	6928
Eesti_Evangeeliumi_Luteriusu_Koguduste_Liit	264522
Suur_Karujärv_(Eesti)	313590
2._Eesti_jalaväepolk	168077
Põhja-Eesti_rannikumadalik	15188
Toeta_Eesti_Maadlust	357043
Eesti_raadiojaamade_loend	44646
Eesti_piirivalve_ajalugu	252320
1942._aasta_Eesti_meistrivõistlused_Kreeka-Rooma_maadluses	265263
Eesti_Filmiamatööride_Liit	317913
Eesti_Naislaulu_Selts	79032
Eesti_Natura-alade_loend	220998
Eesti-Saami_Ühendus	314603
Eesti_meistrivõistlused_jääpallis	399725
Eesti_Projekt	318167
Eesti_Raudteemuuseum	295240
Eesti_Filatelist	383967
Eesti_Terioloogia_Selts	111409
Eesti_Vabariigi_aastapäev	114091
Eesti_Fed_Cupi_koondis	399397
Eesti_spordi_taskuentsüklopeedia	208880
Konstantin_Pätsi_annetatud_Eesti_Punase_Risti_teenetemärkide_loend	165781
Eesti_punane_veis	394240
Eesti_põllumajandusministrite_loend	185432
Tunnustatud_Eesti_Maitse	180407
Eesti_Kindlustuse_Muuseum	330716
Jõgeva_Eesti_Kodanike_Komitee	257968
2013._aasta_Eesti_meistrivõistlused_Kreeka-Rooma_maadluses	314826
Eesti_imetajad	292351
Eesti_geograafia	311569
Ülemaaline_Eesti_Noorsoo_Ühendus	313102
Lõuna-Eesti_Teater	315526
Eesti_Maanteemuuseum	314567
Eesti_Hoiuraamatukogu	317799
Eesti-Prantsusmaa_suhted	394243
GITIS-e_eesti_stuudio	315064
AS_Eesti_Gaas	317144
Eesti_Lauljate_Liit	317049
Eesti_Muusikute_Ühing_Stockholmis	314792
Eesti_filoloogia	315509
Eesti_Põlevloodusvarad_ja_-jäätmed	383479
16._sajand_Eestis	320851
Tšehhi-Eesti_Klubi	183325
Eesti_sport	284645
Hävituspataljonid_Eestis	269311
Eesti_koolmeistrite_kool	318025
2000._aasta_Eesti-Soome_maavõistlus_poksis	252920
Eesti_Haridusliit	318024
Eesti_Vabaduse_Risti_III_liigi_kavaleride_loend	153604
Eesti_soojuselektrijaam	102426
Eesti_meeste_50._meistrivõistlused_rahvusvahelises_kabes_(2005)	101697
Eesti_Pank	47219
Eesti_rahvausund	22178
Eesti_Maaviljeluse_Instituut	79189
Eesti_NSV_teeneline_õpetaja	227250
Eesti_Kalatööstus	370174
Eesti_Omanike_Keskliit	313793
Eesti_Rahvuslaste_Erakond	150531
Vahe-Eesti	122619
Eesti_Loomaarstlik_Ringvaade	199335
Eesti_Vabariigi_Põhiseadus_(1938)	15448
Eesti_(täpsustus)	350790
MTV_Eesti	211073
Savoy_ball_(Eesti_film)	195231
Eesti_Teadeteagentuur	318300
Eesti_venelased	139281
Golem_(Eesti_ansambel)	128872
Eesti_Põhiüksus_Narvas	265983
Õigeusu_kirik_Eestis	330693
1968._aasta_Eesti_NSV_–_Soome_sõpruskohtumine_poksis	256806
Eesti_transport	390352
Eesti_Konsultantide_Assotsiatsioon	133189
Eesti_Suursaatkond_Moskvas	390682
Eesti_Kirjandusmuuseumi_folkloristika_osakond	339556
2014._aasta_Eesti_meistrivõistlused_Kreeka-Rooma_maadluses	359459
Eesti_kultuuriajakirjade_loend	49472
Eesti_Kultuurfilm	317935
Eesti_Pimedate_Muuseum	337922
Eesti_NSV_teeneline_kultuuritegelane	383880
1928._aasta_Eesti_rahareform	86351
Eesti_rannajalgpalli_koondis	343020
Eesti_Ülikoolide_Kirjastus	349623
Eesti_tuletornide_loend	7523
Eesti_Radikaaldemokraatlik_Erakond	313747
Eesti_NSV_lipp	8720
Eesti_Evangeeliumi_Kristlaste_ja_Baptistide_Koguduste_Liit	274616
Fazer_Eesti_AS	337785
Eesti_Teise_Polgu_Selts	368601
Eesti_Akadeemiline_Helikunstnike_Selts	314762
Eesti_poolsaarte_loend	4833
Lääne-Eesti_vesikond	186540
Eesti_mõttelugu	158454
Eesti_Looming	316983
186._Eesti_julgestusgrupp	105729
Eesti_peakonsulaat_Peterburis	185081
Eesti_Rahva_Muuseumi_näitusemaja	337263
Eesti_meeste_39._meistrivõistlused_rahvusvahelises_kabes_(1994)	101685
Eesti_Ehitusmälestised	318182
Eesti_Abi-_ja_Teraapiakoerte_Ühing	241579
Eesti_Rahvuskultuuri_Fondi_tänuauhinnad	353031
Eesti_notarite_loend_(1938)	133777
Suveräänsus_Eesti_põhiseaduses	58207
1941._aasta_Eesti_meistrivõistlused_Kreeka-Rooma_maadluses	265262
Eesti_Hobuse_Kaitse_Ühing	232855
Eesti_Arhitektuurimuuseum	230855
Eesti_Raudtee_erastamine	310611
Eesti_kinode_loend	226248
Haapsalu_Eesti_Kodanike_Komitee	356263
Eesti-Mordva_Selts	313903
Eesti_Rahvusliku_Sõltumatuse_Partei	316
Eesti_(on_My_Mind)	342381
Eesti_Suursaatkond_Stockholmis	393109
Lahkme-Eesti	163489
Eesti_Kujurite_Ühendus	353753
Eesti_sõnajalgtaimede_süstemaatiline_nimestik	96168
Eesti_Põllumajandus-Kaubanduskoda	180405
Eesti_arhitektuur	406361
New_Yorgi_Eesti_Naiskoor	313373
Eesti_Kultuurkapitali_aastapreemia	87548
1947._aasta_Eesti_meistrivõistlused_Kreeka-Rooma_maadluses	265269
1940._aasta_kergejõustiku_Eesti_meistrivõistlused	305798
Eesti_majandus-_ja_taristuminister	365099
Eesti_Maaparandajate_Selts	317480
Eesti_kohtusüsteem	274003
Geislingeni_Eesti_Rahvuskoondise_Teater	315045
Eesti_Naisüliõpilaste_Selts_Ahava	259854
Eesti_Maaülikooli_majandus-_ja_sotsiaalinstituut	291758
Eesti_Rahva_Muuseumi_Postimuuseum	130905
Eesti_Loodus	114708
Eesti_rahapoliitika	12383
Eestis_kaitstavate_taimede_loend	17565
Tallinna_Keskraamatukogu_eestikeelse_kirjanduse_osakond	359070
Eesti_politsei_(1918–1940)	168459
Eesti_Ehitusinseneride_Liit	318143
Eesti_pärismaised_põõsad	120271
22._Eesti_Territoriaalne_Laskurkorpus	124226
Los_Angelese_Eesti_Täienduskool	353324
1992._aasta_Eesti_presidendivalimised	140026
1976._aasta_Eesti_meistrivõistlused_Kreeka-Rooma_maadluses	265313
Eesti_lood	263975
Eesti_relvajõud	307962
Eesti_Kristlik-Demokraatlik_Erakond	80906
Eesti_Mets	317295
2007._aasta_Eesti_meistrivõistlused_Kreeka-Rooma_maadluses	265357
Eesti_NSV_Riikliku_Julgeoleku_Komitee_Tartu_osakond	165375
Tartu_Ülikooli_Lõuna-Eesti_keele-_ja_kultuuriuuringute_keskus	203846
101_Eesti...	214292
Eesti_Vabariigi_President_Arnold_Rüütel	59726
Eesti_Üliõpilaste_Keskkonnakaitse_Ühing_"Sorex"	122485
Eesti_lipp_(laul)	285768
Eesti_Jahimees	358549
Eesti_Vabakehakultuuri_Ühing	250686
Eesti_Komitee_koosseis_(1990)	141530
Eesti_pagulaskirjandus	91017
Eesti_Lennuakadeemia	273809
Eesti_Majanduse_Teataja	392474
1957._aasta_Eesti_meistrivõistlused_Kreeka-Rooma_maadluses	265291
Eesti_poistekooride_loend	79039
Eesti_president	24895
Eesti_Infotehnoloogia_Selts	318199
Eesti_haldusjaotus	120302
Eesti_vapp	3724
Eesti_Tervise_Fond	233707
Ida-Eesti	383370
Eesti_Linnajooksud	361583
Julgeolekupolitsei_ja_SD_Eestis	176411
1964._aasta_Eesti_meistrivõistlused_Kreeka-Rooma_maadluses	265301
Eesti_Goethe-Gümnaasium	75114
Eesti_Spordiajaloo_Selts	385831
Eesti_meeste_54._meistrivõistlused_rahvusvahelises_kabes_(2009)	227358
Eesti_Piiritusetööstuse_Muuseum	337219
Eesti_meistrivõistlused_kiiruisutamises	399539
Eesti_rahvakultuur	22353
Eesti_loodus	155226
Kõrg-Eesti_allprovints	122606
Eesti_Eluteaduse_Hoidja	110307
Eesti_venekeelsed_kohanimed	254897
Eesti_Richard_Wagneri_Ühing	317045
Kodavere_Eesti_Kodanike_Komitee	257974
Eesti_ID-kaart	213193
Hageri_Eesti_Kodanike_Komitee	86772
Eesti_lennukompaniide_loend	42544
Eesti_keraamikute_loend	102513
Eesti_õigus	390645
Eestimaa_rüütelkonna_arhiiv	381898
Eesti_meeste_19._meistrivõistlused_rahvusvahelises_kabes_(1974)	77615
Eesti_Kalaliit	317335
Eesti_Rahvuslik_Mehaanika_Komitee	314799
2012._aasta_Eesti_Popmuusika_Aastaauhinnad	311519
Eesti_lugu	307258
Teises_maailmasõjas_osalenud_eesti_väeosade_loend	107082
Eestimaa_kindralkuberneride_loend	11500
Eesti_Teaduste_Akadeemia_Looduskaitse_Komisjon	120025
Eesti_Taimefüsioloogide_Selts	268708
Eesti_21	165195
20._eesti_diviisi_veteranide_kokkutulek	347651
Eesti_sihktiivaliste_nimestik	16474
2005._aasta_Eesti-Soome_maavõistlus_poksis	253074
Toronto_Eesti_Ühispank	201043
Eesti_Sotsiaaldemokraatlik_Partei	328727
Eestimaa_Rammumees	398441
Eesti_tähestik	349
Mandri-Eesti	298770
Eesti_Bioloogiaõpetajate_Ühing	261634
Eestimaa_Nõukogude_Täitevkomitee	150465
Eesti_TA_Energeetika_Instituut	289117
Eesti_jugade_loend	363
Eesti_meeste_38._meistrivõistlused_rahvusvahelises_kabes_(1993)	101683
1927._aasta_Eesti_meistrivõistlused_Kreeka-Rooma_maadluses	265243
Eesti_Vabariiklik_Turismi-_ja_Ekskursiooninõukogu	318117
Eestimaa_Kommunistliku_Partei_piirkondlikud_asutused	154060
Eesti_maavägi	84989
Eesti_meeste_46._meistrivõistlused_rahvusvahelises_kabes_(2001)	101693
YFU_Eesti	353030
Vene_Tehnika_Seltsi_Eesti_Osakond	313257
Eesti_Kool_Hollandis	353350
Eesti_Koonderakond	27652
Eestimaa_rüütelkond	40962
Eesti_Maaülikooli_põllumajandus-_ja_keskkonnainstituut	207595
Eesti_Kunstnikkude_Liit	318035
Eesti_Lugemisühing	166172
Eesti_regionaalareng_üleminekuperioodil	283185
Eesti_Keel_ja_Kirjandus	400712
Eesti_Akvarellistide_Ühendus	353540
2006._aasta_Eesti_Teatriliidu_aastapreemiad	86153
1928._aasta_Eesti_meistrivõistlused_Kreeka-Rooma_maadluses	265245
Eesti_Ungari_Selts	314608
Hamburgi_Eesti_Kool	308886
Eesti_Sõna	317040
Eesti_talent	219749
Eesti_Spordiselts_Põhjakotkas	368652
Eesti_ohvitseride_ülendamine_24._veebruaril_1940	143355
Rootsi_laenud_eesti_keeles	320615
Eesti_Punase_Risti_teenetemärk	58237
Eesti_Kalur	197848
Euroopa_Inimõiguste_Kohtu_lahendite_loend_Eesti_riigi_suhtes	364439
Eesti_Keele_Kaitse_Ühing	267798
1969._aasta_täiendav_Eesti_NSV_–_Soome_sõpruskohtumine_poksis	257107
Eesti_muusikakoolide_loend	119421
Eesti_Mitmekultuuriline_Assotsiatsioon	260290
Eesti_Advokatuur	339808
Eesti_Nyingma_ajalugu	63673
Eesti_kullafond_(Mait_Maltis)	251233
Peterburi_Eesti_Haridusselts	281043
Vaba_Eesti_(väljaanne)	108732
Eesti_Interpreetide_Liit	169330
Eesti_Akadeemiline_Kutseõiguslikkude_Kunstnikkude_Koondis	314763
Eesti_vigur	356255
Eesti_Roheline_Liikumine	121202
Eesti_jalgpalli_1999/2000._aasta_karikavõistlused	199222
Eesti_keele_ortograafia	303924
Nõukogude_Liidu_luuretegevus_Eestis	133094
Eesti_kullafond_(Tarmo_Pihlap)	251213
Eesti_Kunstiakadeemia	42694
Eesti_Tantsujuhtide_Rahvatantsurühm	318064
Eesti_Punane_Rist	317754
Eesti_Koorijuhtide_Naiskoor	317163
Eesti_Kütus	276144
Eesti_meeste_44._meistrivõistlused_rahvusvahelises_kabes_(1999)	101691
Eesti-Saksa_mittekallaletungileping	217637
Eesti_Kutseliste_Tantsijate_Loomeliit	314234
Eesti_jalgpallikarikas	161127
Eesti_Vabariik_90	393428
1._Eesti_jalaväediviis	272029
Eesti_meeste_meistrivõistlused_rahvusvahelises_kabes	101698
1959._aasta_Eesti_NSV_–_Soome_sõpruskohtumine_poksis	256008
1939._aasta_kergejõustiku_Eesti_meistrivõistlused	305797
Eesti_siseminister	275916
Geislingeni_Eesti_Gümnaasium	143353
Eesti_Meremees	197829
18._sajand_Eestis	324878
Ühtne_Eesti	236956
Eesti_Meteoroloogia_ja_Hüdroloogia_Instituut	106503
Melbourne'i_Eesti_Naiskoor	315561
Eesti_Panga_auhind	154349
Eesti_Kunstnike_Koondis_Torontos	318030
Eesti_jalgpalli_superkarikas_2014	379193
Hargla_Eesti_Kodanike_Komitee	257795
Eesti_geoloogiline_ehitus	305559
Eesti_NSV_teeneline_kunstnik	329526
Eesti_meedia	212594
Eesti_Raadioamatööride_Ühing	391226
Eesti-Soome_maavõistlused_poksis	221536
Eesti_aasta_auto	242927
Eesti_Akrediteerimiskeskus	313869
Eesti_kirjanduse_biograafiline_leksikon	388986
Microsoft_Eesti	223477
Eesti_NSV_Siseasjade_Rahvakomissariaadi_banditismivastase_võitluse_osakond	186554
Eesti_veksel	266871
20._eesti_diviis	85537
Kambja_Eesti_Kodanike_Komitee	257971
Eesti_tsiviillennukite_loend_(1921–1940)	141938
Eesti_Vabaõhumuuseum	5868
Eesti_Kodu-uurimise_Selts	313884
Pagulase_reisidokument_(Eesti)	408124
Eesti_haridus-_ja_teadusminister	352813
Eesti_Fonogrammitootjate_Ühing	231427
Eesti_U-19_jalgpallikoondis	291986
Eesti_Kirjandusmuuseumi_etnomusikoloogia_osakond	339554
Eesti_dirigentide_loend	137939
Pärnu_Eesti_Kodanike_Komitee	356268
Elva_Eesti_Kodanike_Komitee	257966
Eesti-Läti_ja_Läti-Eesti_tõlkeauhind	325575
Eesti_Teatri_Agentuuri_näidendivõistlus	353095
Eesti_mütoloogia	296
Eesti_Ajutine_Valitsus	35426
2._Eesti_Piirikaitserügement	262278
Eesti_Klassiõpetajate_Liit	306159
Eesti_Raadio	30317
Eesti_raehärrad_1943–1944	376465
Korruptsioonivaba_Eesti	349574
Eesti_Vabariigi_Ülemnõukogu	45593
2005._aasta_Eesti_meistrivõistlused_Kreeka-Rooma_maadluses	265354
Eesti_NSV_teeneline_kunstitegelane	383879
Eesti_Geoloogiakeskus	217186
Vastupanuliikumine_okupeeritud_Eestis_1941–1944	164689
Eesti_Keelpilliõpetajate_Ühing	316765
Eesti_Maanaiste_Keskselts	370187
Eesti_juunioride_meistrivõistlused_sulgpallis	399731
Põhja-Eesti_Päästekeskus	242495
Eesti_Linnuharulduste_Komisjon	233007
Eesti_Intellektuaalomandi_ja_Tehnoloogiasiirde_Keskus	321114
Eesti_kütiväed	162561
Eesti_muinasjutud	113309
Eestimaa_ametiühingute_I_kongress	125743
Eesti_Apostlik-Õigeusu_Kiriku_koosseis_1943	276486
Eesti_Mereturismi_Assotsiatsioon	318107
Eesti_jalgpalli_2002/2003._aasta_karikavõistlused	199219
Eesti_Vähiliit	314631
Eesti_Vabariigi_Kodanike_Tartu_Linna_Komitee	356280
Sergei_Ivanov_(Eesti_poliitik)	402684
Eesti_ettevõtjate_loend	176046
Eesti_Filmitootjate_Liit	284928
Tartu_ja_kogu_Lõuna-Eesti_piiskop	131480
Eesti_biograafiline_leksikon	391115
Eesti_Biokeskus	341684
Eesti_70ndad	318602
1937._aasta_kergejõustiku_Eesti_meistrivõistlused	305796
Eesti_Teaduste_Akadeemia_(1938–1940)	39770
2012._aasta_R2_Eesti_müügitabel	270118
Adelaide'i_Eesti_Meeskoor	314292
Eestimaa_alammaakohus	254950
Eesti_U-21_jalgpallikoondis	204093
Taanlased_Eesti_Vabadussõjas	321479
Tuleviku_Eesti_Erakond	346401
Eesti_Interneti_Sihtasutus	261731
Eesti_Harrastusteatrite_Liit	316745
30._Eesti_Politseipataljon	106200
Eesti_euromündid	226147
Eesti_Rahvuspartei	108823
Eesti_NSV_täitevkomiteede_loend	165690
Eesti_Muusika_Infokeskus	317401
Eesti_Konservatiivne_Rahvaerakond_(1990)	285168
Eesti_Antarktika_Ekspeditsioon	314768
Eesti_Sulgpalliliit	399195
Tartu_Ülikooli_Eesti_Geenivaramu	303954
Eesti_NSV_külanõukogude_loend	255140
Maailma_atlas_(Eesti_Entsüklopeediakirjastus)	81802
Erakond_Eestimaa_Rohelised	78499
Eesti_1932._aasta_suveolümpiamängudel	400945
Stockholmi_Eesti_Naiskoor	317459
2000._aasta_Eesti_meistrivõistlused_Kreeka-Rooma_maadluses	265349
Eesti_regionaalarengu_strateegia	283004
Eesti_2009._aasta_taliuniversiaadil	399764
Eesti_imetajate_süstemaatiline_nimestik	15287
Eesti_entsüklopeedia	81922
Eesti_kuritegevus	390609
Eesti-Ma_Rahwa_Kalender	158959
Eesti_sõjaväe_ja_Sõjaministeeriumi_organisatsioon_(1939)	191846
Eesti_Liberaaldemokraatlik_Partei	383652
1953._aasta_Eesti_meistrivõistlused_Kreeka-Rooma_maadluses	265286
5._Eesti_Piirikaitserügement	262297
Eestimaa_talimängud	339110
Eestimaa_hertsog	46880
Eesti_Ajaloomuuseum	108068
Eesti_punkansamblite_loend	18841
Eesti_kultuuriminister	353561
Eesti_NSV_siseministrite_loend	218895
Eesti_Kennelliidu_aastaraamat	144272
Eesti_(kindlustusselts)	350793
Eesti_NSV_teeneline_sporditegelane	363764
Eesti_sotsiaalminister	364771
Eesti_Korpus	128087
Eesti_kullafond_(Kuldne_Trio)	286090
Eesti_kirikute_loend_haldusüksuste_kaupa	6626
Adelaide'i_Eesti_Seltsi_Teater	314293
Eesti_muusika_päevad	317412
Väike-Maarja_Eesti_Vabadussõjas_langenute_mälestussammas	102813
1972._aasta_Eesti_meistrivõistlused_Kreeka-Rooma_maadluses	265309
Eesti_Spordimuuseum	41287
Eesti_Vabariigi_valitsuste_loend	61863
Eesti_Suursaatkond_Varssavis	389932
Eesti_Fotopärand	290845
Eesti_Kirjastuste_Liit	313922
Eesti_Ekspressi_Kirjastus	65339
Eesti_vandeadvokaatide_loend	259121
2004._aasta_Euroopa_Parlamendi_valimised_(Eesti)	171199
Stockholmi_Eesti_Meeskoor	317457
Eesti_disainerite_loend	135500
Tallinna_Eesti_Kirjastus-Ühisus	379006
1965._aasta_Eesti_NSV_–_Soome_sõpruskohtumine_poksis	256719
Eesti-Soome_kirjandussuhted	273386
Eesti_soode_loend	11260
Lõunaeesti_keel	27126
Eesti_Betooniühing	205549
Suurtükiväepataljon_(Eesti_kaitsevägi)	163203
Eesti_valitsejad	23866
SA_Eesti_Välispoliitika_Instituut	381892
19._sajand_Eestis	324874
Eesti_U20_jäähokikoondis	399000
Eesti_jalgpalli_2012/2013._aasta_karikavõistlused	324415
Elektrooniline_hääletamine_Eestis	385446
Eesti_Päevaleht_(Stockholm)	87295
Hinduism_Eestis	390723
Eesti_korvpallikoondis	249880
Eesti_1937._aasta_Pariisi_maailmanäitusel	391683
1993._aasta_Eesti_meistrivõistlused_Kreeka-Rooma_maadluses	265342
2003._aasta_Eesti_rahvahääletus_Euroopa_Liitu_astumiseks	393814
Eesti_samblikud	168147
Eesti_justiitsminister	383657
Eesti_talude_loend	137789
Eesti_Rahvameelne_Eduerakond	275392
Eesti_jalgpalli_2010/2011._aasta_karikavõistlused	263976
Eesti_naiste_käsipallikoondis	399310
Eesti_Vabaharidusliit	314661
Eesti_Langevarjuklubi	139784
Eestimaa_piiskop	406731
Eesti_Piimaliit	317019
2011._aasta_Eesti_rahareform	284643
1955._aasta_Eesti_meistrivõistlused_Kreeka-Rooma_maadluses	265288
Eesti_Kirjanike_Liit	28134
A._H._Tammsaare_muuseum_(Eesti_Aiake)	349875
Eesti_hobune	15384
Eesti_Biodünaamika_Ühing	225705
Soome-Eesti_Barokkorkester	317096
Eesti_Ringhäälingumuuseum	88114
Eesti_Etendusasutuste_Liit	319051
Eesti_Naine	165825
Eesti_filmide_loend	98860
Eesti_valgepealine_lambatõug	372518
Eesti_1._Tagavararügement	269690
Eesti_laskesuusatamiskoondis	399739
Eesti_Komitee_Asemike_Kogu_valimised_1966	279662
Eesti_maavolinike_loend	171374
Eesti_vanimate_ettevõtete_loend	224326
Eesti_monoklinaal	318991
1961._aasta_Eesti_NSV_–_Soome_sõpruskohtumine_poksis	256103
Eesti_kindralkomissariaat	151554
Eesti_2011._aasta_rahvaloendus	164137
Eesti_Komitee_Asemike_Kogu_valimised_1968	279644
1921._aasta_Eesti_meistrivõistlused_Kreeka-Rooma_maadluses	265231
Eestimaa_Päästekomitee	35418
1946._aasta_Eesti_meistrivõistlused_Kreeka-Rooma_maadluses	265268
Eesti_Füüsika_Selts	226217
Eesti_alevike_loend	126787
658._Eesti_Pataljon	141412
4221._Eesti_Vahikompanii	205783
Saksa_laenud_eesti_keeles	312986
1996._aasta_Eesti-Soome_maavõistlus_poksis	253082
Eesti_presidentide_loend	24896
Eesti_Keraamikute_Liit	353542
Eesti_Majandusteaduse_Selts	264490
Eesti_Maaülikooli_metsandus-_ja_maaehitusinstituut	291757
Eesti_meeste_48._meistrivõistlused_rahvusvahelises_kabes_(2003)	101695
Eesti_1996._aasta_suveolümpiamängudel	400964
Eesti_Partisaniliikumise_Staap	369999
Eesti_Tarbekunsti-_ja_Disainimuuseum	39087
Eesti_Energia_Tehnoloogiatööstus_AS	348678
Eesti_kirjastuste_loend	246026
Riigiarhiiv_(Eesti)	254334
Eesti_mõisate_loend	33937
Eesti_NSV_ministeeriumide_loend	259287
Eesti_Naisüliõpilaste_Selts_Ilmatar	353648
Eesti_filmimuuseum	330582
Eesti_saalijalgpalli_koondis	343019
2011._aasta_Eesti_presidendivalimised	249410
Eesti_Ettevõtlike_Naiste_Assotsiatsioon	274540
Eesti_Geograafide_Rahvuskomitee	314805
Eesti_Eripedagoogide_Liit	201958
Eesti_kunstnike_loend	19398
Eesti_kommunistliku_liikumise_ajalugu	273442
1937._aasta_Eesti-Soome_maavõistlus_poksis	221782
Eesti_jõed	54978
Eesti_NSV	6114
Eesti_meistrivõistlused_jäähokis	399239
UNESCO_maailmapärand_Eestis	392569
Eesti_Karskusliit_AVE	316938
Eesti_tulepaakide_loend	15074
Eesti_riiklik_e-tervise_projekt	94533
Eesti_juudid	153866
Eesti_Budistlik_Kogudus	32851
Eesti_Elektroonikaühing	316926
182._Eesti_Laskurdiviis	125680
Eesti_meeskondlikud_meistrivõistlused_sulgpallis	399732
1._Eesti_Üksik_Tagavara_Laskurpolk	269344
Vene_Föderatsiooni_Suursaatkond_Eesti_Vabariigis	182709
Eesti_Maksumaksjate_Liit	189919
Eesti_Tantsuagentuur	318063
Turismi_Keskkorraldus_Eestis	318116
Eesti_Vabariigi_välispoliitika	265693
Eesti_2030+	282664
Eesti_Näitemänguagentuur	43014
Eesti_Instituut	48873
Eesti_Toiduainetööstuse_Liit	295947
Eesti_Teatriuurijate_ja_-kriitikute_Ühendus	353900
Eesti_punk	19114
Eesti_NSV_Riiklik_Teatriinstituut	319057
Eesti_Riiklik_Sümfooniaorkester	86124
Eesti_Kongressi_esimene_istungjärk	195608
Eesti_Kohtuekspertiisi_Instituut	337404
Eesti_Panga_muuseum	90697
Mustlased_Eestis	347787
Eesti-Soome_maavõistlus	291103
Eesti_raskeveohobune	15387
Eesti_Kunstnike_Liit	201307
1934._aasta_Eesti-Soome_maavõistlus_poksis	250934
Eesti_Rahva_Muuseumi_Sõprade_Selts	278942
Hoia_Eesti_Merd	123575
Eesti_meeste_20._meistrivõistlused_rahvusvahelises_kabes_(1975)	101669
Eesti_Rahvahariduse_Selts	275277
Setumaa_Eesti_Üliõpilaste_Selts	259840
Tartu_Ülikooli_Eesti_Mereinstituut	123606
Eesti_Arboristide_Ühing	143963
Eesti_Roheline_Rist	122341
Eesti_Koorijuhtide_Liit	349647
I_Eesti_naiste_tantsupidu	305303
Eesti_Teaduste_Akadeemia_Naiskoor	317109
Eesti_Meremuuseum	87127
Eesti_NSV_Ülemnõukogu_Presiidium	151683
Eesti_otsib_superstaari_(viies_hooaeg)	299154
Eesti_Rahvusliku_Sõltumatuse_Partei_(2009)	190374
Eesti_Kergejõustikuliit	267485
Eesti_Muuseumide_Infosüsteem	339187
Eesti_Põllumajandusmuuseum	42818
Eesti_NSV_Siseministeeriumi_7._osakond	393124
Põhja-Eesti_Regionaalhaigla	121474
Eesti_poolakeelsed_kohanimed	64948
Eesti_Akadeemiline_Seksuoloogia_Selts	20189
Eesti_Reformierakonna_Noortekogu	353023
Eesti_Maapank	317130
Eesti_Informaatikakeskus	318198
Eesti_Erametsaliit	317286
Eesti_1936._aasta_suveolümpiamängudel	400947
Eesti_Karismaatiline_Episkopaalkirik	23234
Eesti_Lambakasvatajate_Selts	317733
Saksa_okupatsioon_Eestis_(1917–1918)	137973
Eesti_jalgpalli_2013/2014._aasta_karikavõistlused	330020
Eesti_Paeliit	318824
Eesti_Tehnilise_Järelvalve_Selts	318224
Eesti_arhitektide_loend	65037
Eesti_NSV_rahvakunstnik	368545
Eesti_tudengisatelliidi_programm	135175
Ida-Eesti_Päästekeskus	242496
Eesti_Vabariigi_kultuuripreemia	41581
4._Eesti_jalaväepolk	272344
Eesti_rahvaleksikon	190802
Eesti_Õdede_Liit	405897
Eesti_Eurovisiooni_lauluvõistlusel	144459
1999._aasta_Eesti-Soome_maavõistlus_poksis	252962
Eesti_Geoloogia_Selts	207004
Eesti_Dolomiit	215856
Eesti_Inseneride_Liit	318147
Eesti_Pildileht	368524
Eesti_Lavastuskunstnike_Liit	319075
Eesti_Personalitöö_Arendamise_Ühing_PARE	180222
Eesti_ohvitseride_ülendamine_24._veebruaril_1929	275143
Augustiputš_Eestis	100342
Eesti_koolihoonete_loend	137752
Nõukogude_Eesti_preemia	378191
Eesti_äärmuspunktid	390520
Eesti_Matemaatika_Komitee	314800
Stockholmi_Eesti_Segakoor	399266
184._Eesti_julgestusgrupp	142301
Eesti_Pedagoogika_Arhiivmuuseum	317466
1962._aasta_Eesti_NSV_–_Soome_sõpruskohtumine_poksis	256173
Eesti_Rahvuslaste_Keskliit	346172
Eesti_PEN-klubi	204410
Eesti_Entsüklopeediakirjastus	48614
Eesti_Sõjaväelaste_Ülemkomitee	165686
Eesti.pl	377458
Holokaust_Eestis	159387
Eesti_omavalitsuste_kantseleimaksu_margid	361521
Eesti_Aleksandrikool	235340
Eesti_NSV_floora	168532
Türi_Eesti_Kodanike_Komitee	257804
Eesti_NSV_jalgpalli_kõrgliiga_1985	314374
Eesti_tervise-_ja_tööminister	365094
Wikimedia_Eesti	221417
Eesti_rahvaluule	113291
Eesti_ohvitseride_ülendamised	164522
Eesti_Muusikakoolide_Liit	317681
Eesti_Ornitoloogiaühing	13561
Eesti_keele_grammatika	353
Eesti_NSV_ettevõtete_loend	164151
Eesti_Kirjanik	318356
Eesti_sportlaste_loend	349406
Eesti_Filmi-_ja_Videoamatööride_Ühing	354206
Eesti_Muuseumide_Aastaauhinnad	390189
Eesti_Televisioon	49008
Abort_Eestis	309928
Eestimaa_Ajutine_Revolutsioonikomitee	228122
Eesti_Kabeliit	241920
Eesti_Rahva_Muuseumi_peamaja	337266
Eesti_looduslike_pühapaikade_loend	366418
Eesti_2002._aasta_taliolümpiamängudel	400954
Eesti_Kunstimuuseum	38262
Eesti_Teaduste_Asutus	184492
Eesti_Tööandjate_Keskliit	314755
Välis-Eesti_(ajakiri_1929)	369309
Eesti_Suursaatkond_Kiievis	393039
Eesti_riigipühad	319639
Lääne-Eesti_Päästekeskus	242497
Eesti_Komitee_Asemike_Kogu_valimised_1970	279635
Eesti_meistrivõistlused_sulgpallis	399730
Eesti_tumedapealine_lambatõug	372441
Eesti_2010._aasta_noorte_suveolümpiamängudel	399757
Eesti_NSV_Vabariiklik_Rahukaitsekomitee	370442
Tulnukas_(Eesti_film)	73798
Eesti_külad_välismaal	372
G4S_Eesti	232547
Eesti_Sünnitoetajate_Ühendus	185406
Eesti_valitsus	51920
Eesti_Punase_Risti_mälestusmärgi_kavaleride_loend	176383
Eesti_naiste_meistrivõistlused_võrkpallis	399734
Eesti_kalade_süstemaatiline_nimestik	15290
Eesti_Omavalitsuse_Sisedirektoorium	384617
Tegusad_Eesti_Noored	78234
Eesti_Raudteelane	377351
Välismaa_eesti_koolide_loend	81432
