Passeriformes_ordenako_Euskal_Herriko_hegaztien_zerrenda	128002
Nafarroako_Gorteak	59247
Ines_Nafarroakoa	229509
Euskal_Herria_(argipena)	368970
1997ko_Euskal_Herriko_Itzulia	224964
Polizia_eta_Larrialdietako_Euskal_Akademia	142666
Euskaltzainen_zerrenda	85233
2007ko_Euskal_Bizikleta	221383
Euskal_Pilotaren_Nazioarteko_Federakuntza	146086
Euskal_Herriko_Berdeak-Euskal_Berdeak	93685
Euskal_Irrati_Telebista	3420
Zuria_Nafarroakoa_(1333-1398)	124475
Antzinaro_Berantiarra_Euskal_Herrian	395970
Euskal_Herriko_gizonezko_futbol_selekzioaren_partidak	73820
2000ko_Euskal_Bizikleta	221564
Nafarroako_handiki_lehenak	152635
Nafarroako_Ikastetxea	239233
Euskal_Herriko_gertakari_meteorologikoak	82351
2000ko_Euskal_Herriko_Itzulia	225138
Frantzisko_I.a_Nafarroakoa	45862
Euskal_Herriko_Karlista_Alderdia	54956
Ipar_Euskal_Herria	6969
Arabako_euskara	57238
Nafarroako_udalerrien_anexio_eta_desanexioen_zerrenda	141206
1978ko_Euskal_Herriko_Itzulia	222542
Turismoa_Euskal_Autonomia_Erkidegoan	238010
Joana_Nafarroakoa_(1339-1403)	229510
Euskal_Herria_(aldizkaria)	289406
Araba_Euskaraz	17911
Euskarabila	45932
Euskal_etxeak	5532
Kable_bidezko_nekazaritza_garraioa_Euskal_Herrian	433502
Nafarroako_kultura_ondasunak	436060
Euskal_Herria_Bai	48642
Nafarroako_Bertsolari_Txapelketa	10879
2013ko_Nafarroako_Bertsolari_Txapelketa	505286
1998ko_Euskal_Herriko_Itzulia	225014
Nafarroako_Gerra_Zibila	59180
1948ko_Udako_Olinpiar_Jokoetan_parte_hartutako_euskal_herritar_kirolariak	339787
1992ko_Neguko_Olinpiar_Jokoetan_parte_hartutako_euskal_herritar_kirolariak	339271
1985eko_Euskal_Herriko_Itzulia	224071
1988ko_Udako_Olinpiar_Jokoetan_parte_hartutako_euskal_herritar_kirolariak	341214
Euskararen_Nazioarteko_Eguna	83259
Espainiako_Kritika_Saria_euskarazko_narratiba_eta_poesiari	97755
Euskal_Batasuna	149642
Euskalerriaren_alde	374205
Euskal_jaiak	331564
Nafarroako_Comptos_Ganbera	117081
Bai_Euskal_Herriari	102021
Dokumentalak_Euskal_Herrian	388837
Nafarroako_zainzuria	228330
Irainka._Euskal_irainen_bilduma	367147
1996ko_Udako_Olinpiar_Jokoetan_parte_hartutako_euskal_herritar_kirolariak	341431
Euskarabidea	64387
Euskararen_Etxea	60048
Poliziaren_gehiegikeria_kasuen_zerrenda_Euskal_Herrian	301868
Nafarroako_Gobernuko_lehendakari	42938
Euskal_mexikar	573170
Euskal_Herriko_hiri_nagusien_zerrenda	413565
Nafarroako_Gobernadore_Zibilen_eta_Espainiako_Gobernuaren_ordezkarien_zerrenda	117922
Joana_III.a_Nafarroakoa	15213
Euskal_Herriko_urbanizazioen_zerrenda	117891
Euskal_Herriko_aktoreen_zerrenda	70503
2005eko_otsaileko_elurtea_eta_hotzaldia_Euskal_Herrian	521096
Maria_Nafarroakoa_(1329-1347)	124471
Euskarazko_agirien_baliokidetza	76390
Baiona-Donostia_Euskal_Eurohiria	67953
Hego_Euskal_Herria	8699
Euskal_estatubatuar_ospetsuen_zerrenda	228992
Anarkismoa_Euskal_Herrian	541892
2007ko_Nafarroako_lau_eta_erdiko_txapelketa	165535
Euskal_Herriko_Naziotasun_Aitormena	25240
Euskal_hizkuntzalaritza	292232
Euskal_Autonomia_Erkidegoko_udalerrien_zerrenda	24298
Agur_Euskal_Herriari	117452
Euskal_diaspora	62458
Euskal_Pizkundea	76769
Euskal_Autonomia_Erkidegoko_epai-barrutien_zerrenda	48747
Euskal_herritar_ospetsuak	47905
1971ko_Euskal_Herriko_Itzulia	221631
Euskal_Herriko_demografia	50195
1992ko_Udako_Olinpiar_Jokoetan_parte_hartutako_euskal_herritar_kirolariak	341385
Euskal_Preso_Politikoen_Kolektiboa	107410
Nafarroako_Erresumako_kronologia	92006
Euskal_Herriko_mendiak	40491
Euskal_Herria_geltokia	376547
Antso_VII.a_Nafarroakoa	45857
Nafarroako_Gorteen_Ereserkia	51049
1989ko_Euskal_Herriko_Itzulia	224436
Urraka_Nafarroakoa	229378
Euskal_blogosfera	49844
Procellariiformes_ordenako_Euskal_Herriko_hegaztien_zerrenda	128086
Euskalkien_eta_azpieuskalkien_zerrenda	44931
Nafarroako_errege-erreginen_zerrenda	51
Lehen_Mundu_Gerra_Euskal_Herrian	239508
1987ko_Euskal_Herriko_Itzulia	224271
Euskal_Herriko_Arkitektoen_Elkargo_Ofiziala	14068
1927ko_Euskal_Herriko_Itzulia	205352
Euskal_Jai_Gaztetxea	45154
Euskal_Herriko_geografia_fisikoa	40324
Euskal_Herriko_arraun_taldeak	49983
Baiona-Euskal_Herriko_Merkataritza_Ganbara	238903
Euskaldunon_Egunkariaren_itxiera	69446
Euskal_idazleen_zerrenda	222004
1930eko_Euskal_Herriko_Itzulia	213901
Euskaltzaleen_Topagunea	34249
Euskal_Herriko_gizonezko_futbol_selekzioaren_jokalarien_zerrenda	73839
Kimetz_-_Euskal_Herriko_Erakunde_Komunista	334345
Leonor_I.a_Nafarroakoa	45871
Euskal_Museoa_(Baiona)	155018
Euskal_Herriko_musika_klasikoa	44610
Euskal_Herriko_emakumezkoen_futbol_selekzioa	579527
Euskal_Herriko_arkua	40510
Astoa_euskal_mitologian	432325
2012ko_irailaren_26ko_Hego_Euskal_Herriko_greba_orokorra	342079
Euskal_Sozialistak_Elkartzeko_Indarra	45692
2001eko_Euskal_Herriko_Itzulia	225230
Nafarroako_Unibertsitateko_Campus_Teknologikoa	120242
Euskal_Herriko_muturreko_puntuak	104131
Euskal_Haziak	116555
Nafarroako_Foruen_plaza	373985
Kantari_euskalduna	149689
Euskal_Irratiak	116669
Ahozko_euskal_literatura	3905
Liburuklik_:_Euskal_Liburutegi_Digitala	375589
Euskal_Autonomia_Erkidegoko_parke_eolikoak	225341
Industrializazioa_Euskal_Herrian	39919
Euskal_Herriko_lurrikarak	140933
Nafarroako_konpainia	69245
Euskal_Herria_museoa	62677
Espainolak_eta_euskaldunak	103243
Nafarroa_Garaiko_euskarazko_irratiak	47654
Nafarroako_historia	43630
Araba_Euskaraz_Bandera	341998
Euskal_toponimia	66682
Filipe_III.a_Nafarroakoa	45944
Euskal_Herritar_Unibertsala_Saria	221586
Euskal_Herria_krisian	103638
Euskal_Herriko_Erlijio_Gerrak	381289
Euskal_Autonomia_Erkidegoko_Ekonomia_Ituna	123224
Epidemiak_Euskal_Herrian	79306
Euskal_Autonomia_Erkidegoko_ahaldun_nagusien_zerrenda	46065
Euskal_Herriko_metropoli_eremuak	144690
Arabako_eta_Nafarroako_abizen_konposatuak	202653
Euskal_Sozialista_Biltzarrea	42866
Gerra_zikina_Euskal_Herrian,_1977	106107
Gerra_zikina_Euskal_Herrian,_1976	106105
Euskal_Herriko_baleazale	104866
Gerra_zikina_Euskal_Herrian,_1974	106097
Euskal_Herriko_basiliken_zerrenda	67068
Gerra_zikina_Euskal_Herrian,_1972	106090
Gerra_zikina_Euskal_Herrian,_1971	106073
Euskal_Herriko_gizonezko_waterpolo_kopa	140595
Euskal_artzain_txakur_iletsua	344413
1969ko_Euskal_Herriko_Itzulia	221393
Gerra_zikina_Euskal_Herrian,_1979	107084
Gerra_zikina_Euskal_Herrian,_1978	106140
2014ko_Neguko_Olinpiar_Jokoetan_parte_hartutako_euskal_herritar_kirolariak	457399
2011ko_azaroko_uholdeak_Euskal_Herrian	239418
Euskal_Herriko_historiaurreko_zeramika	127157
Luis_I.a_Nafarroakoa	45934
Euskal_Kulturgileen_Kidegoa	573312
Herri_barbaroen_inbasioak_Euskal_Herrian	56281
1983ko_Euskal_Herriko_Itzulia	223548
Nafarroako_Foru_Aldundia	43640
Euskal_adizki	225393
1974ko_Euskal_Herriko_Itzulia	222144
Ipar_Euskal_Herriko_literatura_XIX._mendean	3776
Euskararen_Irakaskuntzarako_Baliabide_Zentroa	386843
Nafarroako_erregeorde	91435
Euskal_Herriko_Agintaritzaren_Aldizkaria	142874
Euskal_Herriko_geologia	44380
Remiro_Nafarroakoa	290845
Medikuntza_eta_Zientzia_Historiaren_Euskal_Museoa	114648
Nafarroako_Unibertsitate_Publikoa	15333
Punto_y_Hora_de_Euskal_Herria	238432
Euskal_Herriko_historiaurrea	44238
Euskal_Herriko_futbol_selekzioa	19956
2012ko_Udako_Paralinpiar_Jokoetan_parte_hartutako_euskal_herritar_kirolariak	339120
Tibalt_I.a_Nafarroakoaren_monumentua	587079
Emakumezkoen_Euskal_Herriko_Futbol_Kopa	580063
Euskarazko_irrati_kateak	64791
Mediku_euskaldunak_historian	289428
2002ko_Euskal_Herriko_Itzulia	225331
Euskal_Herriko_erle_beltza	161740
Euskal_Herriko_udalerri_jendetsuenen_zerrenda	144669
Euskalerriko_Eskautak	56574
Euskal_Y-a	34128
2015eko_Nafarroako_Parlamenturako_hauteskundeak	583635
Euskal_Herriko_mendateen_zerrenda	54845
Euskal_Herriaren_barnealdeko_Done_Jakue_bidea	571869
Euskal_Herriko_Jardunaldi_Feministak	66882
Gerra_zikina_Euskal_Herrian,_2008	108861
Euskalterm	64517
Euskal_Herriko_gertakarien_zerrenda	103929
Euskal_alfabetoa	20871
Euskara_batu	12
Nafarroako_pirinioaldea	341835
Euskal_hiztegien_zerrenda	297083
Katalina_I.a_Nafarroakoa	46480
Bigarren_Mundu_Gerra_Euskal_Herrian	98818
Higiezinen_burbuila_Euskal_Herrian	92198
Etxepare_Euskal_Institutua	202859
1991ko_Euskal_Herriko_Itzulia	224514
Euskalki	5203
Euskal_Herriko_armeria	413465
Euskal_Herriko_garaiak	587213
Nafarroako_Orkestra_Sinfonikoa	79027
Nafarroako_Erribera	44882
Euskal_Herriko_behi_arrazak	159242
Euskararen_normalizazio	146795
Euskal_Herriko_Ahotsak	435099
1993ko_Euskal_Bizikleta	221377
IKER_euskara_eta_euskal_testuen_ikerketa-zentroa	577521
Herri_Arduralaritzaren_Euskal_Erakundea	377812
Uholde_historikoak_Euskal_Herrian	97875
1999ko_Nafarroako_Parlamenturako_hauteskundeak	93594
1995eko_Euskal_Herriko_Itzulia	224783
Euskal_Herritarrok	11921
Euskara_Bigarren_Mundu_Gerran	122853
Bartzelonako_Euskal_Etxea	342560
Euskaldunon_Egunkaria	8405
1929ko_Euskal_Herriko_Itzulia	212801
Euskalduna_jauregia	22578
Euskal_Herriko_Giza_Eskubideen_Babeserako_Batzordea	571310
Euskal_Herriko_santuen_zerrenda	130346
1968ko_Udako_Olinpiar_Jokoetan_parte_hartutako_euskal_herritar_kirolariak	341070
Euskal_Herrialdeetako_Alderdi_Komunista	4086
2010eko_Nafarroako_lau_eta_erdiko_txapelketa	165532
Nafarroako_Ezkurran	79836
1980ko_Euskal_Herriko_Itzulia	223091
Euskal_Autonomia_Erkidegoko_armarria	150698
Eremu_euskaldunak	44216
Tibalt_Nafarroakoa	229380
Gerra_zikina_Euskal_Herrian,_1986	147382
Gerra_zikina_Euskal_Herrian	44851
Euskal_Herriko_Meatzaritzaren_Museoa	41161
Gerra_zikina_Euskal_Herrian,_1982	107367
Euskararen_historia	5533
Gerra_zikina_Euskal_Herrian,_1981	108803
Eskeko_ordenak_Euskal_Herrian	283576
Euskal-Erria	289380
Euskal_Herriko_hizkuntzak_Antzinaroan	396148
Gerra_zikina_Euskal_Herrian,_1988	147383
Bilboko_euskara	65231
Euskalduna	22579
Nafarroako_Fusilatu,_Eraildako_eta_Desagertuen_Senitartekoen_Elkartea	140236
1998ko_Euskal_Bizikleta	221408
Euskal_Herriko_Laborantza_Ganbera	84660
1960ko_Udako_Olinpiar_Jokoetan_parte_hartutako_euskal_herritar_kirolariak	340136
Euskal-Erria_elkartea	291423
Euskal_Herriko_urtegien_zerrenda	43750
Euskal_Herriko_golf_zelaien_zerrenda	103834
1926ko_Euskal_Herriko_Itzulia	205192
Inauteriak_Euskal_Herrian	49308
2011ko_Euskal_Herriko_Itzulia	382472
Filipe_Nafarroakoa	229033
1990eko_Euskal_Herriko_Itzulia	224450
Nafarroako_Pabilioi_Unibertsitarioa	335266
Sareko_Euskal_Gramatika	165261
Euskal_Encounter_14	22768
Baionako_eta_Euskal_Herriko_Institutu_Unibertsitario_Teknologikoa	113317
Euskal_Herriko_tximeleten_zerrenda	161643
Nafarroako_Euskal_Elkargoa	66170
Euskal_Kanta_Berria	60480
Maria_Nafarroakoa	229511
1952ko_Udako_Olinpiar_Jokoetan_parte_hartutako_euskal_herritar_kirolariak	339796
Nafarroako_parlamentarien_zerrenda_2011-2015eko_legegintzaldian	579641
1964ko_Udako_Olinpiar_Jokoetan_parte_hartutako_euskal_herritar_kirolariak	340148
Euskal_Herriak_Bere_Eskola	66413
Euskal_Herria_plaza_(Tolosa)	573521
Jaiak_Euskal_Herrian	330512
Euskal_Konfederazioa	116627
Eguzki-energia_Euskal_Herrian	102781
Ipar_Euskal_Herriko_idazleak	12210
Euskal_Herrian_euskaraz_(abestia)	117443
Nafarroako_barruti_judizialen_zerrenda	139548
1973ko_Euskal_Herriko_Itzulia	222039
1928ko_Euskal_Herriko_Itzulia	209855
Euskalduna_zubia	35498
Goi_Paleolitoa_Euskal_Herrian	396452
1977ko_Euskal_Herriko_Itzulia	222415
2002ko_Euskal_Bizikleta	221633
Luis_Nafarroakoa	229576
Nafarroako_Alderdi_Popularra	81747
Euskal_Herria_Kirola	380713
1986ko_Euskal_Herriko_Itzulia	224149
Euskal_Herriko_bertako_etxabereen_arrazak	148906
Euskal_Herriko_pertsonarik_zaharrenen_zerrenda	97342
Euskal_artzain_txakurra	147578
Euskal_Herriaren_independentziari_buruzko_galdeketak	521477
2013ko_Euskal_Herriko_Itzulia	382475
Udalerri_Euskaldunen_Mankomunitatea	7574
Euskal_Herriko_portuak	47324
1996ko_Euskal_Herriko_Itzulia	224919
Luis_Nafarroakoa_(1341-1376)	69253
Euskal_idazle	21041
Euskal_Herrian_Euskaraz	15699
Euskal_Herriko_mendiko_zaldi	148215
Lantzelot_Nafarroakoa_(Iruñeko_apezpikua)	291404
Hego_Euskal_Herriko_narratiba_XIX._mendean	3786
1972ko_Euskal_Herriko_Itzulia	221886
1980ko_Udako_Olinpiar_Jokoetan_parte_hartutako_euskal_herritar_kirolariak	341158
1995eko_Euskal_Bizikleta	221402
Podicipediformes_ordenako_Euskal_Herriko_hegaztien_zerrenda	128379
Bai_Euskarari_(1998)	148647
Nafarroako_Kutxaren_afera	481873
Nafarroako_errege-erreginen_jauregia_(Lizarra)	480264
Bai_Euskarari_(argipena)	148643
Euskal_Herriko_Alderdi_Komunista_Iraultzailea	334357
Euskal_eleberrien_kondaira	79839
Petri_II.a_(Nafarroako_mariskala)	90084
Euskal_abeslari	140904
Euskal_Herriko_emakumezko_waterpolo_kopa	140594
2002ko_Nafarroako_lau_eta_erdiko_txapelketa	165541
Strigiformes_ordenako_Euskal_Herriko_hegaztien_zerrenda	128384
Euskarazko_literatura_idazlan_nagusien_zerrenda	49113
Zuria_Nafarroakoa_(1177-1229)	138157
Euskal_Herriko_musika_garaikidea	5552
2008ko_Euskal_Bizikleta	221384
Karlos_IV.a_Nafarroakoa	46311
Euskal_preso_politikoak_(1978-egun)	297384
Berengela_Nafarroakoa	92893
Beatriz_Nafarroakoa	229038
Nafarroako_Itzulia	105019
Arantzazu,_euskal-sinismenaren_poema	63971
Bai_Euskarari_Akordioa	276645
2006ko_Nafarroako_lau_eta_erdiko_txapelketa	165536
Gurien_Bai_Iurretako_Euskara_Elkartea	282837
Mozorro_(euskal_mitologia)	139321
Euskal_Herriko_matriarkatua	57680
Euskal_argentinarrak	63761
Gizotsoa_euskal_mitologian	113350
Bai_euskarari_(abestia)	117872
Euskal_izaki_mitologikoen_zerrenda	35527
Nafarroako_merindadeen_zerrenda	10886
Bidabarri_euskara_taldea	89053
Euskal_Herria_Zuzenean	163232
Lantzelot_Nafarroakoa_(Longuevilleko_kondea)	291402
Euskal_Gastronomia_Museoa	230740
2004ko_Euskal_Herriko_Itzulia	225414
Euskal_Herriko_demografia_XI_eta_XIX._mendeen_artean	46569
France_3_Euskal_Herri_Pays_Basque	139664
Euskaldunen_badia	383951
Euskal-Asturiar_trenbidea	296373
Now_Euskal_Herrira	580156
Nafarroako_Parlamentua	47792
1328ko_Nafarroako_pogroma	520847
Nafarroako_Hermandadeak	278604
Euskalmet	14097
Euskaldunia	582910
Henrike_I.a_Nafarroakoa	45860
Sabindarren_euskara_garbia	82096
1994ko_Euskal_Bizikleta	221381
Euskal_Encounter	19830
Euskal_Herriko_Komunistak	60983
Euskaltzaletasun	80546
Joana_II.a_Nafarroakoa	45939
Udako_Euskal_Unibertsitatea	14115
Nafarroako_Ospitalea	46414
Euskal_Herriko_artisten_zerrenda	3378
2011ko_udal_eta_foru_hauteskundeak_Hego_Euskal_Herrian	202527
2008ko_Udako_Olinpiar_Jokoetan_parte_hartutako_euskal_herritar_kirolariak	74587
Euskaraz_egindako_telesailen_zerrenda	40554
2005eko_Euskal_Herriko_Itzulia	225477
Euskarazko_aldizkarien_zerrenda	4633
Bikuinen_eta_euskaldunen_arteko_gerra	121157
Agur_Euskal_Herriari_(abestia)	117537
Euskaltzain_urgazleen_zerrenda	549327
Orotariko_Euskal_Hiztegia	140362
2007ko_Euskal_Herriko_Itzulia	300671
Nafarroako_Erresuma	21272
Euskal_Herriko_zinema_zuzendarien_zerrenda	71112
2015eko_udal_eta_foru_hauteskundeak_Hego_Euskal_Herrian	589791
Gerra_zikina_Euskal_Herrian,_1969	117676
Luis_Nafarroakoa_(1402)	229575
Euskal_Herriko_tunelik_luzeenen_zerrenda	98832
Gerra_zikina_Euskal_Herrian,_1960	145316
2008ko_Euskal_Herriko_Itzulia	381835
Laudioko_Euskaltzaleen_Batzarra	282192
Gerra_zikina_Euskal_Herrian,_1963	145321
Euskal_Herriko_saskibaloi_selekzioa	334952
Gerra_zikina_Euskal_Herrian,_1965	147095
Espainiako_Gerra_Zibila_Euskal_Herrian	8048
Gerra_zikina_Euskal_Herrian,_1967	147098
Euskal_Herria_erromatarren_garaian	44945
1928ko_Udako_Olinpiar_Jokoetan_parte_hartutako_euskal_herritar_kirolariak	339733
Gorbeiako_euskal_artzain_txakurra	344414
Euskal_Herriko_margolaritza	270108
Boiseko_euskal_etxea	190855
Euskal_estatubatuarrak	93028
Nafarroako_korridorea	34129
Euskal_Herriko_Idazleen_Biltzarra	587404
Zuria_II.a_Nafarroakoa	46310
1994ko_Euskal_Herriko_Itzulia	224694
Nafarroako_Filmoteka	574172
Euskal_Arkeologia,_Etnografia_eta_Kondaira_Museoa	119692
Aitzineuskara	43437
Euskal_Herriko_prentsa	585979
Demokrazia_Euskal_Herriarentzat	289590
Euskal_Herriko_Antzerkizale_Elkartea	239860
Euskal_Herriko_telebista	585983
Errugbiaren_Historia_Euskal_Herrian	93328
Euskal_Unibertsitatea	24861
Anseriformes_ordenako_Euskal_Herriko_hegaztien_zerrenda	128166
Napoleondar_Gerrak_Euskal_Herrian	131792
Karlos_II.a_Nafarroakoa	45940
Euskal_Y-aren_tarteak	60495
Nafarroako_Errege-Kontseilua	200332
Falconiformes_ordenako_Euskal_Herriko_hegaztien_zerrenda	128006
1988ko_Neguko_Olinpiar_Jokoetan_parte_hartutako_euskal_herritar_kirolariak	339269
Joana_Nafarroakoa	124458
2012ko_Nafarroako_lau_eta_erdiko_txapelketa	384324
Nafarroako_Bandera_(estropada)	238644
Nafarroako_armarria	124749
Margarita_Nafarroakoa	86141
Nafarroako_Arartekoa	279902
Maria_Nafarroakoa_(1355-1420)	229512
Columbiformes_ordenako_Euskal_Herriko_hegaztien_zerrenda	128095
Euskal_Herriko_historia	36306
Energia_eolikoa_Euskal_Herrian	102780
Euskal_Herriko_Unibertsitatea	5851
Behi_euskaldun_baten_memoriak	57197
PSOE_eta_euskal_abertzaletasuna_(1894-1934)	103663
1993ko_Euskal_Herriko_Itzulia	224609
Petri_Nafarroakoa_(1366-1412)	229571
Euskal_substratuaren_teoria	136937
Euskal_Herriko_diskoetxeen_zerrenda	85249
Galtzaundi_Euskara_Elkartea	282189
Alemanian_euskaraz	58707
1979ko_Euskal_Autonomia_Erkidegoko_Estatutua	35929
Euskal_Hiritarren_Egitekoak	571793
Nafarroako_Aizkolari_Txapelketa	160549
Joana_Nafarroakoa_(1370-1437)	124464
Nafarroako_Urrezko_Domina	366658
Nafarroako_herri_errepideen_zerrenda	101611
Joanes_I.a_Nafarroakoa	45936
1999ko_Euskal_Bizikleta	221562
Euskal_derbia	145647
Surfa_Euskal_Herrian	342339
Coraciiformes_ordenako_Euskal_Herriko_hegaztien_zerrenda	128103
Euskal_ehiztariak	73601
Euskararen_Interpretazio_Zentroa	128551
Art_Nouveau_Euskal_Herrian	150968
Euskal_Telebista	7440
Elisabet_Nafarroakoa_(1513-1560)	229075
Euskal_Bizikleta	12413
Euskal_Herriko_museoen_zerrenda	42653
Izan_bainintzen_Nafarroako_errege	139286
Euskal_Pilota._Larrua_harriaren_kontra	33603
Euskal_oilo	98157
Hego_Euskal_Herriko_hauteskundeak_Espainiako_Bigarren_Errepublikan	240298
2004ko_Nafarroako_lau_eta_erdiko_txapelketa	165539
Euskal_Herriko_arrantzaren_historia	371332
Euskal_Jai_pilotalekua	119027
Nafarroako_Unibertsitatea	8984
Nafarroako_Lege_Hitzartua	118713
Euskal_atsotitzak	79908
Euskal_Herriko_matxinadak_(XVII_-_XIX._mendeak)	46397
Illati_euskara_elkartea	45047
Euskal_Herriko_gatazka	432878
Euskal_Herriko_onomastika	94382
Maizpide_euskaltegia	149847
Petri_I.a_(Nafarroako_mariskala)	589609
Euskal_estiloko_arkitektura	50220
2011ko_Nafarroako_lau_eta_erdiko_txapelketa	238317
Laneko_Segurtasun_eta_Osasunerako_Euskal_Erakundea	541347
Euskal_Herriko_piratak	65105
Euskal_Herriko_bertako_txakur_arrazak	345013
Brontze_eta_Burdin_Aroak_Euskal_Herrian	397911
Euskararen_Herri_Hizkeren_Atlasa	520082
Euskal_folkloreko_XXII_abesti	32732
Euskal_Herriko_Bertsozale_Elkartea	129728
Sakonki_maite_zaitut_Euskal-Herria	591513
Euskararen_Aholku_Batzordea	118737
Nafarroako_ereserkia	117117
Euskal_Herriko_historiaren_kronologia	44171
Euskal_Herriko_hizkuntzak	122001
Euskal_Herriko_aireportuak	129132
Euskal_Hiria_sutan	135211
Euskal_Ezkerra	45690
Euskal_Herriko_artea_Paleolitoan	578644
Karlos_Nafarroakoa_(1397-1402)	229574
Gruiformes_ordenako_Euskal_Herriko_hegaztien_zerrenda	128329
Euskal_Herriko_ardoak	61595
Nafarroako_Diputazioa	270621
Euskal_Herrian_diharduten_segurtasun_indarrak	86396
2012ko_Udako_Olinpiar_Jokoetan_parte_hartutako_euskal_herritar_kirolariak	336282
Euskal_herritartasuna	492853
1924ko_Euskal_Herriko_Itzulia	204903
Nafarroako_lantzariak	131557
2009ko_A_gripearen_pandemia_Euskal_Herrian	103506
1996ko_Euskal_Bizikleta	221403
Euskal_Herriko_ekonomia_erromatar_garaian	376461
Nafarroako_Ezker_Batua	44514
Sahats_euskaltegia	301222
Euskal-Esnalea	376152
Nafarroako_Foru_Erkidegoko_bandera	150695
Filipe_(Nafarroako_mariskala)	589611
Euskal_Herriko_piraguismo_taldeak	159876
Linares_(Nafarroako_ibaia)	520527
Euskal_erbi_txakurra	157919
1997ko_Euskal_Bizikleta	221406
Maxixatzen_Euskara_Ekartea	281841
Euskalduna_geltokia	376476
Euskal_Birusa_Elkarte_Kulturala	281585
1900eko_Udako_Olinpiar_Jokoetan_parte_hartutako_euskal_herritar_kirolariak	339181
Espainiako_borboien_berrezarkuntza_Euskal_Herrian	396082
Barrokoa_Euskal_Herrian	383877
Gerra_zikina_Euskal_Herrian,_1959	145315
1975eko_Euskal_Herriko_Itzulia	222204
2012ko_martxoaren_29ko_Hego_Euskal_Herriko_eta_Espainiako_greba_orokorra	297925
Euskal_serie_kosmogonikoa	118674
Zuria_Nafarroakoa_(1226-1283)	229096
Euskal_Herriko_Unibertsitateko_Euskara_Institutua	149826
Epipaleolitoa_Euskal_Herrian	397781
Nafarroako_aldundiburuen_zerrenda	46637
Euskal_antzara	152509
Euskal_aditz	310086
Hego_Euskal_Herriko_foruak	14302
2003ko_Euskal_Bizikleta	221637
Euskal_Herriko_literaturak	4531
2005eko_Nafarroako_lau_eta_erdiko_txapelketa	165538
Gerra_zikina_Euskal_Herrian,_1980	107117
Nafarroako_parlamentarien_zerrenda_1999-2003ko_legegintzaldian	49827
Musulmanen_okupazioa_Euskal_Herrian	147023
1981eko_Euskal_Herriko_Itzulia	223180
1987ko_Nafarroako_Parlamenturako_hauteskundeak	93547
2010eko_Euskal_Herriko_Itzulia	381837
Euskalerria_irratia	46422
Nafarroako_Foru_Erkidegoaren_Eguna	366568
Euskara-islandiera_pidgina	73714
Euskal_Herriko_mendien_zerrenda	4663
Nafarroako_Foru_Orokorra	94526
2009ko_Nafarroako_lau_eta_erdiko_txapelketa	165533
Belaiki_euskara_elkartea	89052
1999ko_Euskal_Herriko_Itzulia	225084
Nafarroako_errege-erreginen_ezkontideen_zerrenda	80114
Euskal_Herriko_eraikinik_garaienen_zerrenda	21964
Nafarroako_Demokraten_Elkargunea	42201
Euskaltube	53594
Euskal_Herriko_mitologia	3405
Euskal_antzerkigintza	79610
Euskaldunen_ingurugiroan_(espazioa_eta_denbora)	45087
Euskararen_ahaideak	139215
1935eko_Euskal_Herriko_Itzulia	218015
Ipar_Euskal_Herriko_udalerrien_elkargoak	124552
1983ko_Nafarroako_Parlamenturako_hauteskundeak	93544
Filipe_I.a_Nafarroakoa	45876
Euskal_Lore_Jokoak	76623
Nafarroako_Foru_Hobekuntza	44561
Euskal_egutegia	21622
Beatriz_Nafarroakoa_(1392-1407)	82651
Euskal_Herriko_artea_Neolitoan	579498
Zutik_Euskal_Herria	290467
Ekialdeko_nafar_euskalkia	46338
Nafarroako_eper_txakur	148898
Nafarroako_parlamentarien_zerrenda_2007-2011ko_legegintzaldian	48251
Uraren_Euskal_Agentzia	93018
Euskal_Herriko_futbol_maila_erregionalak	157577
Arnasa_Euskara_Elkartea	282851
Euskaldun	4511
Euskal_Herriko_artzainen_historia	228981
Euskal_Dantzarien_Biltzarra	80459
Euskal_Herriko_erdal_idazleak	24267
Euskal_Herriko_gaztetxe_eta_gazte_asanbladak	151125
Euskal_Herriko_Kale_Erabileraren_Neurketa	71328
Euskal_Herriko_irratia	585984
Tibalt_I.a_Nafarroakoa	45858
Euskaraz_Berbetan	282166
Euskal_Herriko_ugaztunen_zerrenda	156435
1984ko_Udako_Olinpiar_Jokoetan_parte_hartutako_euskal_herritar_kirolariak	341204
Energiaren_Euskal_Erakundea	161185
Ciconiiformes_ordenako_Euskal_Herriko_hegaztien_zerrenda	128256
Eixu!_Zaldibarko_Euskara_Taldea	282796
Apodiformes_ordenako_Euskal_Herriko_hegaztien_zerrenda	128176
Euskal_Herriko_ospitaleak	46594
Nafarroako_Unibertsitatea_Klinika	46388
Herri-Kontuen_Euskal_Epaitegia	141039
Euskararen_Berripapera	518046
Filipe_II.a_Nafarroakoa	45937
Euskal_errefuxiatuak_(1961-)	396377
Euskal_Iraultzarako_Alderdia	15638
2001eko_Euskal_Bizikleta	221566
Pelecaniformes_ordenako_Euskal_Herriko_hegaztien_zerrenda	128369
2013ko_urtarrileko_uholdeak_Euskal_Herrian	374175
Euskararen_debekua	202717
Euskaltzaindia	5523
Nafarroako_futbol_taldeen_zerrenda	142046
1976ko_Udako_Olinpiar_Jokoetan_parte_hartutako_euskal_herritar_kirolariak	341147
Euskal_Herriko_klima	114355
Euskara	3092
Euskaltzaleak	82083
Euskal_Zuzentasuna	82229
Errege-erregina_Katolikoen_politika_eta_Euskal_Herriko_ontzigintza	586001
Gerra_zikina_Euskal_Herrian,_1966	146960
Euskal_Trenbide_Sarea	21616
Karlos_Nafarroakoa	229573
2012ko_Euskal_Herriko_Itzulia	382474
Nafarroako_Erresumako_Gortearen_ofizioak	292285
Ekologistak_Martxan_(Euskal_Herria)	64885
Euskal_Herriko_argitaletxeen_zerrenda	56546
Loramendi_Euskara_Elkartea	282421
1972ko_Udako_Olinpiar_Jokoetan_parte_hartutako_euskal_herritar_kirolariak	341073
1984ko_Euskal_Herriko_Itzulia	223721
1968ko_Neguko_Olinpiar_Jokoetan_parte_hartutako_euskal_herritar_kirolariak	339264
Euskal_herritarrak_Munduko_Futbol_Txapelketan	292030
Euskal_filologia	78336
Euskal_Herriko_ontzigintza_enpresen_zerrenda	112958
Biomak_Euskal_Herrian	380253
Margarita_Nafarroakoa_(1240-1307)	229040
Euskaldunak_(Orixeren_poesia)	591568
Zuria_Nafarroakoa_(1133-1156)	53602
Nafarroako_Gobernua	40930
Euskal_Herriko_selekzioa	72117
Euskal_Herriko_Gazteriaren_Kontseilua	14619
Euskal_Hiria	372790
Henrike_III.a_Nafarroakoa	21736
Euskal_Herria	3367
Euskal_Herriko_zinemaldiak	4584
Nafarroako_Kontseilua	200481
1979ko_Nafarroako_Parlamenturako_hauteskundeak	93539
Euskal_Aktoreen_Batasuna	276855
2009ko_Euskal_Herriko_Itzulia	381836
2009ko_Nafarroako_Bertsolari_Txapelketa	90042
Antso_VI.a_Nafarroakoa	45856
Elisabet_Nafarroakoa	229072
1976ko_Euskal_Herriko_Itzulia	222337
Euskalerriaren_Adiskideen_Elkartea	5659
Euskal_Herriko_hiriburuen_zerrenda	431567
Zelta_hizkuntzak_eta_euskara	202735
Euskal_Herria_Bildu	339681
Euskal_Herriko_ibaiak	44176
2008ko_Udako_Paralinpiar_Jokoetan_parte_hartutako_euskal_herritar_kirolariak	339107
1982ko_Euskal_Herriko_Itzulia	223314
Euskal_Herriko_sukaldaritza	99291
2003ko_Euskal_Herriko_Itzulia	225380
Euskararen_liburu_zuria	74432
Algonkin-euskara_pidgina	104498
Euskal_Herriko_musika	44393
Nafarroako_Kutxa	41629
1988ko_Euskal_Herriko_Itzulia	224377
2003ko_Nafarroako_lau_eta_erdiko_txapelketa	165540
Euskal_Herriko_arrainen_zerrenda	157980
Oihaneder_Euskararen_Etxea	573132
Joana_Nafarroakoa_(1382-1413)	82653
Bizarra_Lepoan_Euskara_Elkartea	282760
Anolis_euskalerriari	422562
Zorrotzako_Euskal_Txokoa	61565
Euskararen_Erakunde_Publikoa	116638
Dobera_Euskara_Elkartea	59252
Erromanikoa_Euskal_Herrian	68503
Zuria_Nafarroakoa_(argipena)	53617
Alfabetatze_Euskalduntze_Koordinakundea	10976
Euskal_Herriko_Unibertsitatearen_Gipuzkoako_Campusa	375885
Zizurko_Euskaldunok	32943
Jardun_Euskara_Elkartea	47164
Euskal_tipografia	70283
Traineruen_Euskal_Liga	222172
Ipar_Euskal_Herriko_narratiba_XIX._mendean	3777
Euskarazko_Wikipedia	43986
Energia_berriztagarriak_Euskal_Herrian	101597
Frances_Beaumont_Nafarroakoa	166015
1956ko_Neguko_Olinpiar_Jokoetan_parte_hartutako_euskal_herritar_kirolariak	339267
Lantzelot_Nafarroakoa	291400
1956ko_Udako_Olinpiar_Jokoetan_parte_hartutako_euskal_herritar_kirolariak	339804
2010eko_Neguko_Olinpiar_Jokoetan_parte_hartutako_euskal_herritar_kirolariak	339285
Beatriz_Nafarroakoa_(1242-1295)	229039
Nafarroako_museoa	117605
Pizkundea_Euskal_Herrian	588219
Henrike_II.a_Nafarroakoa	45865
Euskara_Kultur_Elkargoa	41140
Euskal_Herriko_baleazaleen_Red_Bayko_gunea	388974
Santurtziko_Udal_Euskaltegia	71705
Frankismoa_Euskal_Herrian	95970
Erdi_Aroko_krisialdia_Euskal_Herrian	395944
Garraxi_Euskara_Elkartea	282975
Euskal_nazionalismoaren_hastapenak	62757
Bai_euskarari_(diskoa,_1978)	148697
Paueko_Nafarroako_Legebiltzarra	301152
Ulibarri_euskaltegia	100508
2003ko_Nafarroako_Parlamenturako_hauteskundeak	93596
Euskal_Idazleen_Elkartea	8696
Euskal_musika_tradizionala	5553
1970eko_Euskal_Herriko_Itzulia	221548
Euskal_Herriko_erdigunea	79776
Abaraska_Euskara_Elkartea	281413
2000ko_Udako_Olinpiar_Jokoetan_parte_hartutako_euskal_herritar_kirolariak	341483
Euskal_Herriko_Hautetsien_Kontseilua	107938
Euskal_Herriko_kosta	40327
Nafarroako_zirkuitoa	112348
Euskal_Herriaren_Alde	99757
Made_In_Euskal_Herria	222592
Euskal_Herriko_kazetaritza	585980
Euskal_Herriko_itsasargiak	102911
Euskal_presoen_sakabanaketa	60930
2013ko_maiatzaren_30eko_Hego_Euskal_Herriko_greba_orokorra	383499
Euskal_Herriko_Laborarien_Batasuna	135207
2002ko_Neguko_Olinpiar_Jokoetan_parte_hartutako_euskal_herritar_kirolariak	339281
Euskal_makila	142813
Nafarroako_lau_eta_erdiko_txapelketa	164665
Hizkuntz_borroka_Euskal_Herrian	88821
Euskaltegi	14108
Tibalt_II.a_Nafarroakoa	45859
Euskal_Kostaldeko_Nazioarteko_Erakustazoka	376628
Euskaltel-Euskadi	11426
Helduen_Alfabetatze_eta_Berreuskalduntzerako_Erakundea	42480
Alfontso_I.a_Nafarroakoa	7719
Euskal_Kosta-Aturri	8542
2004ko_Udako_Olinpiar_Jokoetan_parte_hartutako_euskal_herritar_kirolariak	341485
Erriberriko_Nafarroako_Erregeen_Jauregia	92828
2006ko_Neguko_Olinpiar_Jokoetan_parte_hartutako_euskal_herritar_kirolariak	339283
Arturo_Campion_euskaltegia	225091
Euskal_Herriko_Ziklo-kros_Txapelketa	7704
Nafarroako_ubidea	586203
Nafarroako_jota	78947
Arrasate_Euskaldun_Dezagun	15940
Unibertsitateko_Euskal_Irakasleen_Elkartea	74873
2010eko_Nafarroako_Bertsolari_Txapelketa	129410
Euskalduna_naiz_eta_maite_dut_herria	101539
1998ko_Neguko_Olinpiar_Jokoetan_parte_hartutako_euskal_herritar_kirolariak	339278
Nafarroako_Ardoa	57157
Immigrazioa_Euskal_Herrian	139535
Euskal-bearnotar_ardi	151985
Beisbola_Euskal_Herrian	121741
Tanttaka_Euskara_Taldea	582250
Euskal_Herriko_futbol_entrenatzaileak,_Espainiako_Ligako_lehen_mailan	291379
Nafarroako_konkista	91024
Nafarroako_errepideak	101593
Euskal_Herriko_Giza_Eskubideen_Behatokia	83621
Euskal_Herriko_hiri_eta_udalerri_senidetuak	228051
1994ko_Neguko_Olinpiar_Jokoetan_parte_hartutako_euskal_herritar_kirolariak	339274
Euskal_Herriko_bertako_ardi_arrazak	345014
Euskal_Herriko_hedabideak	48157
Nafarroako_Aldizkari_Ofiziala	238699
Osasungoa_Euskalduntzeko_Erakundea	5624
Nafarroako_parlamentarien_zerrenda_1995-1999ko_legegintzaldian	49829
Nafarroako_Autonomia_Erkidegoko_Auzitegi_Nagusia	574114
Berdeak_(Euskal_Herria)	93679
Ganoraz_Arratiako_Euskara_Taldea	282053
Euskalzale	85527
Nafarroako_musika	78895
1979ko_Euskal_Herriko_Itzulia	222843
Nafarroako_errege-erreginen_jauregia	117595
Bai_Euskarari_(1978)	399127
Euskararen_Gizarte_Erakundeen_Kontseilua	138161
Euskal_Herriaren_banaketa_administratiboa	18311
Euskal_Herriko_Garapen_Kontseilua	100020
Euskaltel	14098
Euskal_Herriko_gizonezko_waterpolo_Liga	140585
Euskalduna_Andoaindarra_Kirol_Elkartea	573571
Euskalduna_ontziola	368920
Euskal_Itzultzaile,_Zuzentzaile_eta_Interpreteen_Elkartea	45182
Gaviiformes_ordenako_Euskal_Herriko_hegaztien_zerrenda	128322
Euskal_Kristau_Demokrazia	93692
1992ko_Euskal_Herriko_Itzulia	224567
Euskal_Herriko_kastroen_zerrenda	153157
1920ko_Udako_Olinpiar_Jokoetan_parte_hartutako_euskal_herritar_kirolariak	339684
Antonio_I.a_Nafarroakoa	45866
1991ko_Nafarroako_Parlamenturako_hauteskundeak	93587
Galliformes_ordenako_Euskal_Herriko_hegaztien_zerrenda	128310
Artez_euskara_zerbitzua	141229
Euskal_elaberrien_kondaira_-_2	79909
Euskal_elaberrien_kondaira_-_3	79910
Euskal_Herriko_industrializazioaren_enpresak	202835
Euskal_deklinabide	283577
2004ko_Euskal_Bizikleta	221907
Euskal_Herriko_musika_klasikoa_XX._mendeko_sarreran	32673
Euskal_Herriko_narrastien_zerrenda	159796
Euskaldunek_munduan	354364
Primo_de_Riveraren_diktadura_Euskal_Herrian	433832
Cuculiformes_ordenako_Euskal_Herriko_hegaztien_zerrenda	128010
Egungo_Euskararen_Hiztegia	292238
2005eko_Euskal_Bizikleta	221909
Euskal_Mendizale_Federazioa	329449
Euskal_Herriko_anfibioen_zerrenda	157107
1995eko_Nafarroako_Parlamenturako_hauteskundeak	93590
Euskal_Kopa	335047
Euskararen_Foru_Legea	85894
Euskal_Herriarentzako_Sortaraua	118693
Neolito_eta_Kalkolitoa_Euskal_Herrian	397836
Karlos_III.a_Nafarroakoa	45941
Euskalbar	33735
Itsas-energia_Euskal_Herrian	296756
Muturreko_tenperaturak_Euskal_Herrian	112859
Neoklasizismoa_Euskal_Herrian	346964
Bizirik_dauden_Euskal_Herriko_pertsonarik_zaharrenen_zerrenda	164803
Atzerriko_eta_Euskal_Herriko_polizia_eleberria	79906
Euskal_Herriko_Itzulia	7829
Etsai_(euskal_mitologia)	15007
Nafarroako_Erresumako_Aldundia	117863
1924ko_Udako_Olinpiar_Jokoetan_parte_hartutako_euskal_herritar_kirolariak	339689
Euskal_Kultur_Erakundea	116674
Nafarroako_gidariak	131556
Euskal_Herriko_udalerrien_zerrenda	24299
Euskal_Jai_Berri_pilotalekua	119032
2007ko_Nafarroako_Parlamenturako_hauteskundeak	93599
Nafarroako_txakolin_gorria	311667
Bai_Euskarari_Ziurtagiriaren_Elkartea	76378
Ipar_Euskal_Herriko_abeslariak	12204
Euskara_Jendea	564510
2008ko_Nafarroako_lau_eta_erdiko_txapelketa	165534
Nafarroako_Alderdi_Sozialista	15642
Euskal_hizkuntzak	136954
Bai_Euskarari_ziurtagiria	12245
2006ko_Euskal_Bizikleta	221921
Charadriiformes_ordenako_Euskal_Herriko_hegaztien_zerrenda	128253
Jauziak_(euskal_dantza)	482817
Zuria_I.a_Nafarroakoa	45942
Informatikari_euskaldunen_bilkurak	329128
2006ko_Euskal_Herriko_Itzulia	298238
Trenbidearen_Euskal_Museoa	204740
Espainia_eta_Euskal_Herriko_historia_garaikidea	40299
Euskalkien_sorguneei_buruzko_teoriak	580469
Hogeitalau_Euskara_Elkartea	89054
Euskal_Herriko_Unibertsitateko_paraninfoa	222188
Euskararen_Gaitasun_Agiria	22433
Euskal_Herriko_medikuntzaren_historia	41274
Hego_Euskal_Herriko_gaztelania	148438
Nafarroako_Comptos_Ganbera_(egoitza)	117110
Atzeraldi_Handia_Euskal_Herrian	92196
Gerra_zikina_Euskal_Herrian,_1975	106103
Euskal_Herria_(Frantziako_herrialdea)	139792
Berbaizu_Euskara_Elkartea	59694
Gerra_zikina_Euskal_Herrian,_1973	106096
Euskal_Herriko_hondartzak	53357
Nafarroako_herri_hustuen_zerrenda	21048
Karlos_Nafarroakoa_(1510–1528)	229615
Euskal_mendiak_(webgunea)	200189
Euskal_senaren_mintzoa	46448
Euskal_Nortasun_Agiria	8504
Euskal_Herriko_natura_parkeak	54840
Euskal_Herriko_bertako_zaldi_arrazak	429062
Euskal_Herriko_artea	578643
Nafarroako_Liburutegia	574167
Elisabet_Nafarroakoa_(1395-1435)	229073
Euskal_txerri	148980
Euskal_Herriko_zinema	68622
Euskal_Rock_Erradikala	10519
Karlos_I.a_Nafarroakoa	45938
Euskal_Kantagintza_Berria	140930
Nafarroako_futbol_selekzioa	84739
Euskal_Autonomia_Erkidegoa	4359
Euskal_literatura	60327
Joanes_III.a_Nafarroakoa	45864
1925eko_Euskal_Herriko_Itzulia	204932
2014ko_uztaileko_uholdeak_Euskal_Herrian	525346
Piciformes_ordenako_Euskal_Herriko_hegaztien_zerrenda	128373
Euskal_Kulturaren_Batzarreak	272154
Euskal_Nekazarien_Batasuna	282493
Euskal_Herriko_Bakearen_Aldeko_Koordinakundea	58294
Euskal_dantzak	47371
Euskal_Herriko_emakumezko_waterpolo_Liga	140593
2011ko_Nafarroako_Parlamenturako_hauteskundeak	204781
Les_Verts_du_Pays_Basque-Euskal_Herriko_Berdeak	564463
Nafarroako_parlamentarien_zerrenda_2003-2007ko_legegintzaldian	11359
Euskal_Autonomia_Erkidegoko_Auzitegi_Nagusia	111805
Joana_I.a_Nafarroakoa	45861
Euskal_Billera	591139
Zaldia_euskal_mitologian	75588
Nafarroako_Gazte_Sozialistak	204249
Nafarroako_jauregia	118386
Sare_(euskal_presoen_aldeko_gizarte_mugimendua)	520468
Britainiar_eta_irlandarren_euskal_jatorriaren_teoria	188344
Euskal_Autonomia_Erkidegoko_Arartekoa	210550
Euskal_Herriko_Alderdi_Sozialista	129219
Hezkuntza_Euskal_Herrian	78880
Euskal_Herriko_naturagune_babestuak	56712
