Barrundia	6987
Barajuen	13236
Barakaldo_Antzokia	591318
Basauriko_espetxea	230831
Bilbao_Exhibition_Centre	14284
Obekuri	55292
Azpeitiko_zezen_plaza	573495
Eskamelo	42506
Mendizabala	383391
Agilu	57682
Altzolaras_jauregia	568082
Arratia-Nerbioi	9534
Urtsuaran	21304
Mendiondo	119618
Inoso	15496
Erruki_etxea_(Bilbo)	549411
Saiatz	119892
Otxarkoagako_geltokia	99120
Zuhatzu_Donemiliaga	21797
Santurtziko_geltokia_(Adif)	98279
Andollu	15614
Etxaguen_(Aramaio)	13238
Erronda_(Bilbo)	49441
Ibarguen	119340
Irun	5307
Elduainalde	70439
Hondarribiko_kirol-portua	238867
Loinazko_Andre_Mariaren_baseliza	160606
Elgea	15381
Olaran_fabrika	54368
Luzarre	104103
Abanto_(auzoa)	84925
El_Mazo	386867
Aitzarte_(Ataun)	165376
Arriola_(Asparrena)	15360
Martioda	15680
Sestao	6950
Kexaako_monumentu_multzoa	121675
Urtemondo	72444
Etxezarreta_Jauregia	99503
Ergoien_(Gamiz-Fika)	119583
Miribillako_geltokia	537247
Garai	6887
Ordizia	6496
Pasaiako_segada	482132
Alde_Zaharra_(Zarautz)	13485
Gamiz_(Mungialdea)	115904
Galindo_(Sestao)	104031
Legazpiko_udaletxea	586563
Portugalete	6946
Etxabarri_(Kuartango)	15578
La_Canillako_geltokia	386934
Alonsotegi	6521
Azkue_baserria	101277
Egiako_zubia	336499
Erbera	119196
Aixerrota	60065
Iturritxualde	49301
Elgezabal	225791
Espejo	15527
Boluetako_geltokia	64298
Arropain	108595
La_Arena	17840
Eusko_Jaurlaritzaren_Bizkaiko_ordezkaritza	548545
San_Migel_eliza_(Zumaia)	569009
Aita_Mariren_monumentua	374356
Markola	60557
Jai_Alai_pilotalekua_(Urduña)	229793
Altzagarate	590857
San_Migel_(Garai)	119586
Borda-Txiki_etxea	395795
Lourdes_Txiki_(Donostia)	91675
Gabiria	6463
Arrieta_(Iruraitz-Gauna)	21801
Palacio_(Villaverde_Turtzioz)	589956
Ereaga	17842
Gorbeia	34695
Otxanda_Andrearen_dorrea	111946
Santa_Luzi	119930
Aia_(Ataun)	69378
Elexalde_(Barrika)	119163
Maitasunaren_zuzen	128520
Tologorri	60185
Usategieta	110361
Albiz	119630
Okina	15565
Aulesti	6533
San_Joan_Txiki	68524
Ibarbengoa-Getxoko_geltokia	99243
Urduliz	6959
Toletxegaingo_geltokia	376285
Botiola	119568
Donostiako_Justizia_Jauregia	574061
Abali	591373
Ondarreta	17855
San_Adriango_baseliza	131794
Antzuola	6335
Bachicabo	50826
Aurrekoetxe	119617
Andre_Mariaren_Jasokundearen_eliza_(Aretxabaleta)	573791
Aguraingo_kuadrilla	8038
Uribitarteko_geltokia	376472
Ipar-mendebaldeko_Nekazaritza_Eremua_(Gasteiz)	428878
Guggenheim_Bilbao_Museoa	34512
Olamuño	73470
Artzamendi_dorretxea	99825
Miracruz-Bidebieta	13143
Jurisdicción_de_San_Zadornil	122135
Done_Jakue_atea_(Hondarribia)	586364
Mendibil_(Araba)	19073
Hayal_de_Ponata	142677
Sagasta	16202
Mirandatarren_etxea	591390
Arriola_(Deba)	56286
Golernio	57697
Cadegal	67796
Izozkogañe	77145
Mendiola_(Abadiño)	16199
Deustuko_geltokia_(Euskotren)	525334
Ametzaga_(Zuia)	15395
Otoio	65394
Leintz_Gatzaga	6491
Petronorren_kaiak	137992
Mendazoa	108607
Mugitzagaina	119891
Actualidades	120288
Txurdinaga	13123
Orconera	67798
Amara_kalea_(Donostia)	330586
Itziar	56283
Erriberako_geltokia	376468
Pasaiako_geltokia_(Euskotren)	376597
Arrillaga_Haundi_baserria	101000
San_Kristobal	13111
La_Altura	589949
Villanueva_etxebizitza_merkeen_sozietate_kooperatiboa	140534
Elexalde_(Amoroto)	68426
Montaño	79757
Demiku	68776
Areetako_geltokia	99208
Altamira	13216
Lopetedi_baserria	116802
Agirre_(Bermeo)	68772
Markeskua_jauregia	112489
Mirakontxa	13261
Pico_de_la_Cruz	77219
Lanestosa	6905
Itxasmendi	13489
Montalivet_jauregia	573286
Zurriola	17853
Untzillatx	39713
La_Perla_bainuetxea	376096
Pititurri	145066
Ibarguen_dorretxea	573774
Mundaka	6934
Berreño	119303
Bilbo_plaza_(Donostia)	142305
Santa_Maria_Magdalena_eliza_(Hondarribia)	586351
Oriol	50829
Leginetxe	283100
Arakaldoko_geltokia	580929
Erreitzu_baserria	54096
Okendo_plaza	374318
Zubiarte_(merkataritza-gunea)	23022
Buskando	423763
Asua_(Erandio)	46952
Oizko_parke_eolikoa	225339
Zazpikaleak	13127
Gongeda	386857
Errotaburu	429607
Santi_Mami_(Leioa)	62040
Aitzorrotzeko_gaztelua	161729
Ozaeta_jauregia	100565
Abando_(auzoa)	13188
Erriberako_Merkatua_(Bilbo)	14071
Aiestaranerreka	165282
Mamut_(merkataritza-gunea)	336558
Antxieta_jauregia	111972
Kurpidea	69056
Etxebarriko_geltokia_(Bilboko_metroa)	64262
Anaka	57333
Ondiz	62039
Gebara_gaztelua	111910
Elorregi	13088
Enparan_dorretxea	120726
Beibalea	69109
San_Pedro_Atxarre_baseliza	241058
Iberdrola_dorrea	21965
Epele	56499
Orozketa	98042
Basauriko_geltokia_(Bilboko_metroa)	373938
Deskargako_gudua	130541
Olalde	119572
Etxepare_Euskal_Institutua	202859
Abadiño	6518
Mugarra	39721
Olazabal_jauregia_(Zumaia)	568076
Erroilbide	241658
Koroatzea	13106
Aretxabaleta	6337
Lore_Toki	120018
Gaztelubide_elkartea	375556
Tuesta	15543
Dura	15483
Arroiabe	15480
Erriberako_zubia	103640
Lendoñobeiti	82388
Areatza_(Arraia-Maeztu)	54791
Ergoien_(Oiartzun)	56402
Astigarragako_bentak	69361
Pio_XII.a_plaza	375986
Santa_Lutzi-Anduaga	70798
Quejo	15541
Azkoitiko_udaletxea	365905
Etxaburu_dorretxea	121335
San_Pedro_baseliza_(Elkano)	576695
Lasarte-Oriako_geltokia	376278
Traslaviña	104072
Foruko_erromatar_herrixka	226516
Ozeka	15445
Basarrateko_geltokia	65528
Eako_kirol-portua	238880
Ziortzako_monasterioa	57145
Nabarniz	6940
Berretin	591637
Leagi	119627
Ezkerekotxa	21804
Erandio	6876
Zigoitia	5512
Aitzarte_Aldea	72641
Andoain	6219
Okamika	119696
Baliarrain	6355
Selandiar	80137
Mugarriluze_(Elgea)	69421
El_Progreso_etxebizitza_merkeen_sozietate_kooperatiboa	140535
Arexola	13232
Aiete	3376
Lasao	56296
Akorda-Bollar	119562
Stadium_Gal	148266
Frantziako_ibilgunea	375998
Aitzorrotz	54748
Arrubigaña	71747
Artzain_Onaren_plaza	142304
Lezama-Leguizamon_etxea	119560
Sestaoko_geltokia_(Adif)	98226
Baserri-Santa_Ana	119169
Itsaso_(Ezkio-Itsaso)	70792
Barrio_(Gaubea)	15524
Balmasedako_udal_pilotalekua	229761
Francisco_Escudero_Kontserbatorioa	329115
Atano_III.a_pilotalekua	57061
Arbelaitz	80053
Gueñes	6895
Armintzakale	17877
San_Martin_kaleko_1_zenbakidun_etxea	127167
Andetxa	15613
Kurtzezar	80037
Larrañaga_baserria	115535
Bagatzako_geltokia	98942
Kizkitzako_Ama_Birjinaren_baseliza	122137
San_Andres_(Arrasate)	13063
Berrozpe_baserria	573437
Bargondia	16344
Larrangoiti	70474
Erbi_(Aiara)	15431
Andra_Maria_eliza_(Galdakao)	120579
Campijo	120008
Billa_Tobera	57713
Biderdi_(Ganekogorta)	71750
Narrondo	97862
Los_Fueros_Boulevard	128673
Andre_Mariaren_Jasokundearen_eliza_(Beasain)	117209
Euskal_Billera	591139
Isurieta	13072
Bidarte_(merkataritza-gunea)	23012
Olaran_(Gasteiz)	143626
Arrateta	69388
Ideal_Cinema	120207
Aizkorriko_galtzada	146637
Europa_parkea_(Bilbo)	23830
Ametzagaina	336005
Lasarte-Oria	6487
Sopela	6952
Ekialdeko_Nekazaritza_Eremua_(Gasteiz)	428874
Bilboko_portua	22523
Jesusen_Bihotza_(Urgull)	117815
La_Puente_dorrea	395780
Solapeña_errota	127768
Carlos_Santamaria_zentroa	374194
Katea_(Irun)	57338
San_Mames_geltokia	64469
Talaimendi	13495
Sallobente_(Berriz)	119184
Elgoibar	5651
Arriona	69857
Matura	15390
Ego	95125
Balmaseda	6535
Ega	44123
San_Roman_(Muxika)	119636
Txurrumurru	241656
El_Pontón_okindegia	120666
Salmanton	15447
Arriaran_(ibaia)	69493
Legutioko_gudua	95424
Landetxo_Goikoa_baserria	119833
Martiartuko_San_Antonio_baseliza	576847
Ezozi_(Soraluze)	50194
Laxier	119695
Aiztunalde	70388
Baxauri	57690
Mendibile_jauregia	363144
Amorotoena_etxea	119680
Mioma	15537
Andre_Mariaren_Jasokundearen_eliza_(Bastida)	397938
Sarrikoko_geltokia	65670
Ibarra_(Bedia)	68761
Mello_(mendia)	67763
Altzaga_(Erandio)	44725
Corpus_Christi_eliza_(Tolosa)	573527
Toloño	14044
Ertzilla,_18._zenbakiko_eraikina	573971
Abadiñoko_gudua	270035
Puppy_(eskultura)	573853
Memerea	67777
Abaroa-San_Miguel_geltokia	579488
Lea-Artibai	5631
Gernikako_Arbola	33236
Abanto	6519
Lotza_(Urizaharra)	15452
Kristinaenea	142285
Aretxabaleta-Gardelegi	382645
Errigoiti	6879
Astigarragako_Benta	42930
Lumo	45194
Barria	71847
Bilbao_La_Naja_geltokia	567756
Gaztelumendi_(Intxorta)	335516
Baranbio	48629
Bikarregi	16345
Bermeoko_kirol-portua	238861
Kukullaga	119187
Olarizu	142717
Lanteno	15438
Hagineta	77133
La_Iglesia	589953
Carlton_hotela	119645
Aberasturi	49093
Belako	107645
Torre_(Trebiñu)	57710
Zubikoa_pilotalekua	237864
Platako_lurmuturra	382872
Hirumugarrieta_(Aiako_harria)	241648
Sanz_Enea	292583
Agirre_Andra_Mariren_baseliza	576760
Beotibar_pilotalekua	57063
Elgoin	151046
Burdin_zubia_(Donostia)	186218
Iturriotz_(Oiartzun)	56405
Larratxo	527590
Portugaleteko_geltokia_(Bilboko_metroa)	98987
Errenga	63548
Zuhatzu-Galdakao_geltokia	376459
Ametzaga_(Asparrena)	116332
Andre_Mariaren_Jasokundearen_eliza_(Legazpia)	586566
Ederrena_pilotalekua	237865
Ilso	386860
San_Migel_baseliza_(Bergara)	100556
Garibai	52189
Areatzako_zubia	103503
Soroborda	423764
Katadiano	15576
Beasaingo_udaletxea	365815
Kolon_Larreategi_kalea	573713
Aratz_(Beasain)	69429
Larrondo-Loiu_geltokia	376714
Billela	49807
Aldeacueva	119308
Mirakontxa_pasealekua	376095
La_Equitativaren_egoitza	120147
Alen_(auzoa)	368613
Ugarte_(Laudio)	53694
Berrozi	95804
Meaka_(Irun)	336562
Abandoko_Indalecio_Prieto_geltokia	33029
Gaubea	7003
Butroeko_gaztelua	58398
Olakua	52193
Meaga	70801
Arkauti	15619
San_Roke_kaleko_12._zenbakidun_eraikina	127246
Los_Hoyos_(Villaverde_Turtzioz)	589952
Atxuri_(Bilbo)	13202
Bollain	119310
Amaitermin	16193
San_Mames	112752
Egia_(Donostia)	13144
Arantzazu_(ibaia)	95218
La_Calzadako_geltokia	377508
Laidatxu	17838
Asa	59770
Iturreta_(Markina)	16387
Gran_Via_(zinema)	115752
Zaldiaran	14093
Solobarria	104104
Erlo	72453
El_Pobal	67775
Usurbe	77093
Andre_Mariaren_Jasokundearen_eliza_(Lekeitio)	112225
Narros_jauregia	70659
Aiboako_geltokia	99214
Calero_labea	395760
La_Casilla	113987
Rivas_(Portugalete)	57321
Kanpanzar	61326
Zestafe	15520
Isuntza_Bekoa_baserria	119826
Euskadiko_Artxibo_Nazionala	548274
Ibarra	6481
Bidasoa	5870
Okango	119183
Saratxo	48634
Bakio	6534
Iraule	80054
Pipaon	55212
Alde_Zaharra_(Tolosa)	573529
Arriurdin	80045
Zubialde_(Bizkaia)	100711
Txikierdi_(Usurbil)	119949
Gurutze_(Oiartzun)	56404
Kueto	104032
Zabalburuko_dorreak	23008
Alde_Zaharra_(Bergara)	573584
Abandoibarra	13167
Altzaa	119195
Tolosako_zezen_plaza	573491
Araka	108804
Andoaingo_gudua	130680
Abandoibarra_geltokia	376474
Rioseco_(Karrantza)	56060
Santa_Klara_uhartea	3368
Aitxuri	61686
Urrutia_(zinema)	120206
Labraza	69029
San_Jose_komentua_(Zumaia)	568077
Ibiurreko_urtegia	43752
Malkorburu	73263
Erriberagoitia	7002
Arrate	63541
Costa_Vasca_hotela	376099
Obako_Atxa	72445
Elexalde_(Galdakao)	75701
2_gaineko_1,_multzo_hirukoitza	570806
Aspiuntza	119134
Azpilgoeta	77364
Iturrialde	13210
Garagartza_(Arrasate)	13066
Ganeran	50016
Kalezar	119947
Eusko_Legebiltzarraren_eraikina	366796
Kutzemendi	70264
Ibarra_(Gamiz-Fika)	119582
Lexartzu	15435
Arrazola_ibaia	80014
Arkaiate	143623
Armentia_Trebiñu	59468
Zurbaran	13197
Alde_Zaharra_(Segura)	586577
Trauko	582248
Burbustu-Altamira	100708
Kobeta	73204
Arditurri	241661
Foru_plaza_(Gasteiz)	335897
Galeako_itsasargia	103118
Altzola_(Elgoibar)	80081
Arlutz	66853
Mezkia	21791
Corro	15536
Lumentza	65395
Portalea_(Gasteiz)	337142
Deustuko_ubidea	516148
Fanderiako_geltokia	376600
San_Migel_eliza_(Zalla)	239041
Irun_plaza	590846
Estibalitz	94386
Sodupe	48014
Oleta_(mendia)	223710
Durruma	21787
Larrinoa	15513
Sandinderi	383427
Arrolatza	386854
San_Andres_eliza_(Eltziego)	127719
Zuatzu_baserria	117006
Hendaiako_geltokia	98577
Mendiola_(Gasteiz)	15682
Oriamendi	131566
Mutrikuko_udaletxea	573290
Begoñako_Andra_Mari_Haur_Kolonia	395756
Aldamin	39653
Argantzun	6977
Gurea_pilotalekua	237833
Olatxua-Olabarri	85330
Akondia	95131
Desertu-Barakaldo_geltokia	98219
Igeldoko_behatokia	386700
Milpiribil	70248
Bidebietako_parkea	375974
Gazume	80123
Ziortza-Bolibar	6968
Larrabetzu	6906
Zerkausia	573487
Jesusen_Bihotza_(Bilbo)	14073
Pilar	13114
Bolibar_(Ziortza-Bolibar)	16381
Gamiz	15664
Arraño	119593
Guadalupeko_baseliza	122142
Uzkuiti	74231
Karrantzako_geltokia	377469
Belandia	82386
Artatza_(Leioa)	61981
Begoñako_igogailua	549328
Musitu	54801
Arana_(auzoa)	13113
Sorgintxulo_(Hernani)	56518
Doniene_atea	74200
Uribarri_Gaubea	15530
Lekeitio	6223
Harategi_Zahar_kalea	22609
Itzurun	17851
Turtzioz	6956
Mikel_Laboa_pasabidea	336496
Alegia	6215
Bilboko_gudua	95357
Elkar	56530
Berrikao	15506
Mendibile_(Leioa)	61992
Consulado_(zinema)	120302
Mendelu	47296
Aitzabal_(Aizkorri)	66319
Astola	16194
Barinatxe	17862
Arabako_Teknologia_Parkea	367906
Gorgolas	104070
Leungane	39708
Arriluzeko_itsasargia_(barnekoa)	103120
Otazu_jauregia	127174
Teledonosti	143188
Neguriko_geltokia	99212
Uribarri_(Kuartango)	15588
Madaria_(Aiara)	15439
Karobieta	56506
Kuartango	7010
Ahedo	119307
Almirantearen_gotorlekua_(Pasai_San_Pedro)	591204
Aranobaltza	110409
Untzuetako_gaztelua	239865
Malmasin	49279
Egilegor	165285
Mutrikuko_kirol-portua	238868
Goya_gasolindegia	127643
Santa_Marina_eliza_(Bergara)	101559
Ganguren	49203
Eusko_Jaurlaritzaren_egoitza	366603
Elorriaga_(Lemoa)	119598
Landarbaso	283093
Avellaneda_(Sopuerta)	57514
Aldaia	143612
Getxo	6891
Eustasio_Amilibia_parkea	375985
Ezkurra	7149
Goiuria	98041
Ariz-Basauri_geltokia	376460
Leitzadi	73016
Legizamon	119190
Larreinetako_funikularra	34505
Cadagua	42274
Arratzain	80119
Larraondoko_zerrategia	395749
Makatzaga_jauregia	568118
Ermuko_Andre_Mariaren_santutegia	226525
Bengoetxea	90307
Turtziozko_Villaverde_geltokia	377468
Santa_Barbara_baseliza_(Zarautz)	123577
Bedoña	13067
Quadrako_geltokia	376971
Amara_(Donostia)	13139
Banderas_(zinema)	115701
Ariz	104084
Zaldibar	6962
La_Tejera_(Karrantza)	119319
Martiartu	119135
Artekale	22602
Santuaren_jauregi-etxea	127166
Arrieta_(Bizkaia)	6528
Goitana	78933
Atxipi	77122
Zamudioko_geltokia	376718
Mendizorrotza	13224
Atxega_jauregia	590273
Arbigano	15779
Azurmendi_(jatetxea)	577023
Errementerikoa,_Kokotenetxea_eta_Fragua_baserriak	226524
Euskal_Herriko_Idazleen_Biltzarra	587404
Zierbena	15158
Elexalde_(Gamiz-Fika)	119578
Palatu_kiroldegia	237820
Peñalta	386874
Urkijo_jauregia	395748
Goialdea	119907
Goiatz	70568
Aizkoate	70972
Lazkaoko_herrigune_historikoa	101139
Irikaitz	226424
Begoñako_basilika	120784
Erauskin	146431
Latsunbe	56507
Aprikano	15573
Añorga	13140
Elexalde_(Laukiz)	119621
Onddi_dorrea	142646
Cotobasero	386866
Pormetxeta_dorrea	23004
Murgia	15402
San_Marko-Txoritokieta	302564
Sarastarri	70904
Matximenta_(Ezkio-Itsaso)	70796
Azkuna_Zentroa	59760
Oiangu	300997
Durango	6873
Landa_(Arratzua-Ubarrundia)	15484
Bilbo-Loiu_aireportua	35406
Iturbe_Haundi_baserria	114962
Usansolo	8422
Elorrio	6877
Jokano	15580
Murueta_(Abadiño)	16200
Amarotz	119927
Portua_(Zierbena)	104080
Langraiz_Oka	15826
Astoreka	56127
Gaintxurizketa	159532
Añes	15425
Basetxeta-Atxoste	119563
Usabal	119933
Atxartiko_Gaina	77121
Gipuzkoa	3122
Miramongo_parkea	375995
Villafranca_(Gasteiz)	15694
Intxaurrondo_(auzoa)	13149
Casilda_Iturrizar_parkea	23833
Mentxakaeta	119614
Easo_kalea_(Donostia)	589647
Deba	68577
Olako_geltokia	376709
Erdialdea_(Arrasate)	13266
La_Bilbaina	117918
Cruz_del_Castillo	42485
Sendeja_kalea	573744
Higer_lurmuturra	54456
Zallako_geltokia	377502
Uzkio_(Trebiñu)	57712
San_Kristobal_baseliza_(Erandio)	576806
Brisketa	119138
Aumategi_(mendia)	66855
Larraskitu	13211
El_Cerro_(Muskiz)	67770
Donostialdea	11507
Villaverde_Turtziozko_gudua	579636
Olazarra-Mizkia_jauregia	573294
Soloaran	119698
Euskal_Herriko_kosta	40327
Faidu	15451
Aiala_jauregia	302117
Euskal_Herriko_itsasargiak	102911
Topic	589746
Errota_Txiki	590619
Quintanilla_de_la_Ribera	15820
Bastero_Kulturgunea	573480
El_Campo	589950
Tullica	484755
San_Pedro_Abanto	84946
Buruntza_(auzoa)	119899
Gaztelu_Zahar_gaztelua	153132
Boulevard_(merkataritza-gunea)	23024
Matiko	13214
Elorretako_Haitza	68807
Mutriku	5653
Alde_Zaharra_(Durango)	585861
Upazan	69113
Añorgako_geltokia	376043
Atodo_jauregia	434891
Gerrika	119304
Zubieta_(Gordexola)	88931
Leioako_geltokia	99201
Europako_Lan_Segurtasun_eta_Osasun_Agentzia	573975
Lea	46799
Erruki_Etxeko_parkea_(Bilbo)	549413
Otalora_jauregia	573784
Majori_kiroldegia	548551
Labeongo_Punte	72801
Ferrater_etxebizitzak	548230
Aldundiaren_jauregia_(Tolosa)	573657
Oburu	70715
Natxitua	100587
Aizkomendi_(mitologia)	76663
Madalena_baseliza_(Azpeitia)	100558
Ariztegieta_baserria	77751
Lorea_(Donostia)	13151
Galdaramuño	151316
San_Salbador_eliza_(Getaria)	85599
Solartekua_jauregia	121217
Moskator	59478
Torre_Luzea	568117
Urduñako_mendatea	60180
Itxogana	77086
Luzuero	81554
Nafarroako_Unibertsitateko_Campus_Teknologikoa	120242
Donostiako_Informatika_Fakultatea	210576
Begoñatarren_etxea	127158
Larrabetzuko_udal_pilotalekua	229775
Zaldu	88930
Zubiate_buztindegiko_labea	100562
Galindo-Salcedillo	60989
Kafe_Antzokia	46941
Burdinazko_kaia_(Portugalete)	76313
Beleku_(Urraki)	77100
Picón	84930
Askorri	72443
Zabalburuko_geltokia	98197
Saturraran	17858
Berangoko_geltokia	99227
Loiolako_Santutegia	42533
Berriatua	6868
Belauntza	6357
Intxorta	46446
Astúlez	60038
Arabako_kultura_ondasunak	459473
Egirleta	49299
Adana	21783
Plaza_Berria_(Tolosa)	573667
Gorliz_(hondartza)	17879
Bolibar_(Gasteiz)	15629
Venta_Laperra_(leizea)	66094
Eltziego	6999
San_Martin_baseliza_(Orio)	123554
Erregiñenea_baserria	101383
Etxeberri_(Hernani)	56501
Artzentalesko_geltokia	377467
Jaitzubia_erreka_eta_ibarra	368153
Areta	53693
Zollo	71754
Arizabalo_jauregia	515444
Basurtu-Ospitalea_geltokia	376962
Azitaingo_baseliza	576789
Bastida_(Araba)	6988
Negorta_dorretxea	121673
Euskal_Herriko_arkua	40510
Arteaga_Derio	44199
Goroeta	13077
Igeldo	13147
Lemoa	6910
San_Antonio_hondartza	17847
Intzuntza	119601
San_Jose_Ikastetxea_(Donostia)	588735
Derioko_geltokia	376716
Idiakez_dorrea	113923
Zabalate	15841
Askiola_I	70198
Bizkaia_pilotalekua	163644
Goikuriako_San_Pedro	65126
San_Bartolome_baseliza_(Leioa)	576852
Olabarrieta_(Mutriku)	119920
Olabarri_jauregia	564460
Estepona_(ibaia)	100485
Santa_Katalinako_parkea	375991
Plaza_(Zeanuri)	119339
Elgoibarko_udaletxea	366340
Jesusen_Bihotza_eliza_(Bilbo)	120778
Irura	6484
Bustu	57691
Izturitzaga_dorretxea	573441
Sukarrieta	6954
Eteneta_I_(multzo_megalitikoa)	156296
Etxaguen_(Zigoitia)	15511
Navaridas	7021
Elkano_(Aia)	69054
Usabarri_pilotalekua	237831
San_Pedro_Galdames	77216
Portugaleteko_mareometroa	140570
San_Joan_Bataiatzailearen_eliza_(Aulesti)	120551
Lasesarre_estadioa	148264
Txagorritxu	13101
Gaztaño	42876
Artxube	576676
Trintxerpe	14063
Judimendi	13099
Aranbizkarra	13100
Debako_udaletxea	366287
Imeleku	77136
Ertzillako_garaia	587258
Tolosaldea	10186
Kutunegieta	226465
Egia_(Deba)	56285
Zurbao_(Arratzua-Ubarrundia)	15490
Osakidetzaren_egoitza_(Bilbo)	366351
San_Frantzisko_Asiskoaren_eliza_(Bilbo)	120550
Donostiako_Eskola_Politeknikoa	227061
Enderika	98202
Derio	6871
Santa_Maria_eliza_(Tolosa)	573499
Ipurua_Futbol_Zelaia	63073
Sangrices	119330
Euskal_Autonomia_Erkidegoa	4359
Senpere_(auzoa)	86758
Lasierra	15787
Las_Llanas_Udal_Zelaia	143386
San_Lorentzoko_geltokia	376293
Gornutz	47294
Mendoza_(Gasteiz)	15683
Buia_(Bilbo)	73220
Jacques_Cousteau_plaza_(Donostia)	142319
Albaola_Itsas_Kultur_Erakundea	521126
Gaztelumendi	49201
Debako_kirol-portua	238864
Elexalde_(Zaratamo)	100660
Santanape_pilotalekua	229773
Goiuriko_ur-jauzia	41379
Isozaki_Atea	21963
Hurtado_Ametzaga_jauregia	121005
Langarika	21809
Pobes	15793
Zumeltzegi_dorrea	68274
Zubillaga_(Oñati)	52197
Gantzaga	13239
Okariz	21794
BBVAren_Dorrea	22081
Urruzuno	80084
Arostegieta	16343
Abrisketako_San_Pedro_ermita	120487
Arrabako_zelaiak	62068
Jainko-Oleaga	85331
Erretana	15658
Berreaga	49178
Ihurre	15670
Kursaal_jauregia	40632
Zorrotzako_eliza	552143
Tigrearen_eraikina	296927
Munain	21792
Matienzo	56055
Alde_Zaharra_(Elorrio)	585832
Goierri_(Aulesti)	60101
Aiestaran_baserria	395911
Debako_Udal_Azoka	54301
Bilborock	23939
Bergarako_Errege_Mintegia	128555
Arlabango_lehen_gudua	130638
San_Joan_Bataiatzailearen_eliza_(Hernani)	101492
Orexa	6498
Busturia	6870
Bizkaia_Plaza_eraikina	548652
Etzegarate	14972
Praileaitz	111819
Portugaleteko_geltokia_(Adif)	98274
Sansomendi	13112
Fermin_Kalbeton_kalea	426187
Santa_Koloma	120012
Mallutz	77097
Tuyo	15796
Ikastetxeko_geltokia	377503
Ormaiztegiko_gudua	130531
Dorletako_santutegia	57101
Harriako_parkea	375977
Sopelako_geltokia	99233
Arzubiaga	15481
Zuloaga_museoa	568080
Eusko_Jaurlaritzaren_Gipuzkoako_ordezkaritza	548542
Hernaniko_udaletxea	366296
Mendibil_(Bizkaia)	57605
Institutu_Onkologikoa	58570
Ereñozar	50790
Katalunia_plaza_(Donostia)	226297
Loja_Zaharra_(Mutriku)	573292
Horcasitas_dorrea	395720
Bidezabalgo_geltokia	99223
Gaboño	69680
Unamuntzaga	119197
Dendarikale	22607
Bidania-Goiatz	6457
Gazteeta	59997
Idotorbe-San_Pedro	80083
Euskararen_Etxea	60048
Carasta	398010
Urbinaga	104034
Arrigorriagako_udal_pilotalekua	229758
Arabako_Natura_Zientzien_museoa	226830
Karmengo_eliza_(Trintxerpe)	589109
Mungia	6935
Lañu	57699
Villabona-Amasa	6505
Eskibelgo_atxa	103023
Indusi_(ibaia)	16048
Lanbarketa	119137
Araia	15355
Urduña	6960
Muntsaratz	16201
Ergobia	69359
Etxebarriko_udal_pilotalekua	229769
Santo_Kristo_Oparoaldikoaren_eliza_(Pasai_Donibane)	591328
Gaztelua	16195
Indautxu	13132
Ariñiz	15617
Gipuzkoako_Artxibo_Orokorra	573655
San_Mames_(1913-2013)	421444
Zelaia_(Mendexa)	119624
Galindoko_geltokia	98282
Donostiako_elizbarrutia	67537
Apold-Fleisner_labea	120511
Lili_jauregia	146997
Arrola	151604
Lovaina_(Gasteiz)	13098
Pablo_Alzola_jaunaren_burdinazko_zubia	103629
Aguraingo_geltokia	374349
Artatzagana	61988
Ibaizabal	17814
Leitzalde_(Berastegi)	70383
Mendizorrotza_(futbol_zelaia)	13222
Altzania_(erreka)	15162
Itzubaltzeta	57142
Ereño	6878
Nuvilla	15790
Abaltzisketa	6210
Hernaniko_udal_pilotalekua	237848
Larrea_(Larra)	241869
Abando_(barrutia)	13131
Santa_Barbara_(Hernani)	56517
Zabale_dorretxea	421994
Gardea	53695
Sallobente-Ermuaran	80085
Endoia_(Deba)	56288
Ibarguren	15364
San_Blas	119926
Armentia	15620
Antiguoko_pilotalekua	237838
Txingudi_(merkataritza-gunea)	336557
Santa_Klara_komentua_(Portugalete)	140565
Artxubeko_geltokia	377456
Lizarrate	101979
Zubiaurrealde	119162
Laukariz	49808
EITB_Iurreta	374104
Urakorri	74005
Elbarren_(Ataun)	228109
Sestaoko_geltokia_(Bilboko_metroa)	98948
Aneja	120289
Jaitzubia	47295
Lauztierreka	69384
Leanitz	60000
Askartza_(Gasteiz)	15623
Postetxea_(Gasteiz)	336433
Bodovalle	115516
Tertanga	48635
Florida_(Hernani)	56502
Otxokiko_parkea	375980
Lazarraga_dorrea	127222
Angostoko_santutegia	60058
Ermuko_geltokia	376295
Elosua	13087
Abornikano	15493
Burguko_19._zenbakia_duen_etxea	127170
Elgeta	6459
Otsabio	73696
Musakola	13065
Kurtziaga	108602
Axarte	59470
Argorri	77118
Santurtziko_kirol-portua	238882
Egilatz	21788
Arrospide_etxea	576819
Umandia	56031
Andra_Maria_eliza_(Busturia)	120574
Andre_Mariaren_Jasokundearen_(Iruraitz-Gauna)	127731
Errotabarriko_geltokia	376294
Arboligaina	69853
Ganekogorta	39725
Basauri	6865
Ozilla-Ladrera	57703
Oñatiko_udaletxea	366334
La_Tejera_(Portugalete)	57318
Eusko_Abertzaletasunaren_Museoa	585533
Barrenaldea	119905
Atxuriaga	77213
Aldapa_(Zierbena)	104074
Jungitu	15673
Alegia_(Gabiria)	119910
Legarda_(Gasteiz)	15676
Larraitz	70729
El_Haya_(Muskiz)	67774
San_Ignazio_(Bilbo)	13060
Atxuri_(Mungia)	107644
Armintza	42814
Bizkaiko_Foru_Liburutegia	573708
Erletxe	49289
Listorreta	42928
San_Migel_eliza_(Oñati)	101524
Illaun	77099
Argentaria_dorrea	120504
Acebedo_(Gaubea)	15522
Portugaleteko_udaletxea	140567
Elorriaga_(Deba)	56290
Quintanilla_(Gaubea)	15535
Antziola	56497
Erregina_Erregentearen_kalea	374352
Alde_Zaharra_(Gasteiz)	13092
Gautegiz-Arteaga	6889
Donostia_Unibertsitate_Ospitalea	46408
San_Pelaio_baseliza	74899
Izarraitz	72451
Capitol_(Bilbo)	138381
Uranzu_pilotalekua	237851
Merelludi	119174
Sabando	54802
Lurgorri_(mendia)	151311
Bilbondo	23023
Sarria_(Zuia)	15403
Villanueva_(Villaverde_Turtzioz)	589957
Armiñon	6978
On_Diego_Lopez_Haroko_kale_nagusia	119555
Mantibleko_erromatar_zubia	225182
San_Agustin_Etxebarria	60007
Iturraran	45643
Goikoelexalde	56135
San_Vicentejo	59486
Debako_hondartza	18646
Fruiz	6882
Etitzegi	72456
Concha	56053
Ilarduia	15365
San_Martin_eliza_(Sorabilla)	573478
Koba_Errota	120647
Auntzizegi	71807
San_Roke_kalea_(Donostia)	23813
Mollarri	383451
Morillas	15789
Andatza	69052
Andre_Mariaren_Jasokundearen_eliza_(Galarreta)	533535
Bidebarrietako_Udal_Liburutegia	573796
Ezama	70622
Iramendi_(Altzania)	77137
Santa_Maria_eliza_(Moreda_Araba)	395747
Zengotita	78935
Balentzegi_jauregia	586622
Santurtzi	6949
Bilboko_bigarren_setioa	130552
Euskal_Herriko_artea_Paleolitoan	578644
Jesús_Muñoz_pilotalekua	229777
Sandamendi	88927
Estaziñoa	119600
Igartubeiti_baserri-museoa	56820
Uribe_(Zeanuri)	119346
Matxitxakoko_itsas_gudua	49290
Euskalduna_jauregia	22578
Gernikako_Batzarretxea	167851
Villa_Oyon	380897
Zerain	6508
Deusto_(zinema)	120296
Andre_Mariaren_Jasokundearen_eliza_(Errenteria)	101496
Aizpea_baserria	395913
Garai_(Arteaga)	68447
Donostiako_udaletxea	114021
Vista_Alegre_zezen_plaza	335212
Gazteluzar_jauregia	569019
Artatza_Foronda	15622
San_Ignazio_eliza_(Donostia)	226044
Izaskungo_baseliza	576801
Igartza_jauregia	111845
Sendadiano	15584
Momoitio	119585
Aperregi	15396
Portu_Zaharra_(Algorta)	59967
Euskal_Herriko_Meatzaritzaren_Museoa	41161
Arragua	56401
Rivaguda	15821
Espartxoko_zubia	336546
Berrio	59995
Isuntza_Goikoa_baserria	119830
Eguzki_dorrea_(Arrasate)	161863
Beasain	6356
Vista_Alegre_(Bastida)	120024
Las_Llanas_pilotalekua	229790
Amilleta_baserria	395764
Bizkaiko_jolas-parkea	239838
Txomin_Enea	336547
Cotorrio	84937
Joxemiel_Barandiaran_Udal_Kiroldegia	237852
Albaita	57684
Gasteizko_harresia	576897
Urarte_(Gordexola)	88929
Lamiako	62037
Arrondo	69382
Gaztelako_atea_(Tolosa)	573683
Lutxana-Enekuri	44714
Aia-Orioko_geltokia	376276
Arangurengo_geltokia	377463
Ibarra_(Orozko)	100726
Deobriga	76024
Gordoa	15363
Arrigunaga	17841
Murgoitio	119182
Elorriaga-Santa_Ana	98203
Ondarretako_futbol_zelaia	62289
Salbarregi_baserria	77720
Mendeika	82392
Iturritza_jauregia	122164
Menagarai	15441
Cerca	119314
Eibarko_udaletxea	146723
Etxabarriko_bentaren_gudua	131541
Campillar	55828
El_Suceso	119334
Joan_Santuen_eliza_(Bilbo)	120723
Etxezarreta	119890
Ajuriaenea	100063
Errenteria	3395
Sarria_(Berriz)	119186
Higerko_itsasargia	102902
Berdura_plaza_(Tolosa)	573525
Donostiako_Teknologi_Parkea	227060
Erandiogoikoa	49176
Igeldo_(Donostia)	434230
Iturralde_(Lizartza)	77362
Oion	7022
Bakiolako_geltokia	580178
Aratz	55993
Agarre	119589
Zabala	13208
Elurzuloak	77130
Barakaldes_pilotalekua	229763
Alluitz	36320
Solarte	108608
Itola_baserria	56583
Fika	115905
Atxikorre	104093
Santa_Kruz_baseliza_(Elkano)	576645
San_Antongo_zubia	103670
Urdaneta_(Aia)	69060
Iruña-Veleia	44933
Egoarbitza	151315
Mandoia	50017
Bidasoa_(Irun)	57337
Larrino	54741
Andoaingo_udaletxea	365897
Morgaondo	119708
Batiz	119574
Santiagomendi_baseliza	518558
Loiola_(Donostia)	13150
Erdialdea_(Errenteria)	42932
Likona	119628
Enkarterri	5638
Amezketa	4705
Ulia_(auzoa)	513765
Torresol_(Ordizia)	301099
Abendaño_(Zarautz)	13483
Bediako_geltokia	376456
Artzamendi_etxea	127154
Andra_Mari_(Morga)	119704
Solatxi	119357
Urbinagako_geltokia	98944
San_Pedro_eliza_(Zumaia)	101497
Mendiola_(Eskoriatza)	54776
Mendieta_ontziola	395791
Urdanibia_jauregia	226761
Urkitzaurrealde	119161
Manzanos	15823
Zeberio	6967
Larraitzeko_baseliza	576794
Imiruri	57698
Gazeo	21806
San_Kristobal-Busturia_geltokia	376389
Bakh	576899
Harino_Panadera	120498
Arbiskoa	56289
Lazarragatarren_jauregia	69751
Arriaga_(Elgoibar)	80082
Derioko_udal_pilotalekua	229765
Altza	13138
Etxepintxoa	99624
Kakueta_(Urola_Erdia)	72452
Allaitz	56030
Zikuñaga	56519
Bedia	6866
Orube_plaza	591190
Asterrika	119171
Suessatio	484753
Villaverde_(Lagran)	71722
Punta_Luceroko_itsasargia	103123
Barakaldo	6536
Araiko	59465
Aritzbatalde_(auzoa)	13486
Santa_Maria_basilika	101454
Zaragoza_plazako_parkea	375999
Derioko_seminarioa	77502
Kolitza	39723
Irun-Ficoba_geltokia	376609
Margarita	15679
Munitibar	6936
Ibarruri	49286
Segura	6501
Astarloa_kalea	573706
San_Esteban_Trebiñu	59484
Lanbarriko_geltokia	377459
Lardizabal_jauregia	586581
Garaio	60063
Carral_(Sopuerta)	107745
Galindo_(ibaia)	62107
Itsasondo	6485
Gasteizko_Udala	119400
Donostia_International_Physics_Center	374184
Bernales	119309
Zubieta_(Lemoa)	119611
Erkiagabekoa_baserria	119818
Izoria	15433
Astui	68442
Lapatza_baserria	115216
Landako_Gunea	433301
Done_Bikendiko_dorreak	23009
La_Cadena	119327
Bernagoitia	49242
Ormaiztegiko_bidezubia	54143
Buenos_Aires_kalea_(Bilbo)	573711
Presalde	56298
Toña	17848
Berbikiz	370568
Amoroto	6522
Santiago_(Astigarraga)	69360
Kasinoa_(Bermeo)	227021
Erribera_(Berriatua)	119177
Gasteizko_zezen_plaza	335208
Antigua_(Donostia)	3410
Murtatza	68754
Gazteleku	13213
Indusi	16346
Txatxarramendi	50118
Urkiolako_santutegia	121489
Legazpi	3867
Gallarraga	71739
Gometxa	15669
Abatxoloko_geltokia	98985
Lariz	119694
Astigarreta_(Beasain)	63751
Ilarratza	15672
Aizarnazabal	6213
Hotel_Meliá_Bilbao	573918
Montehermoso_jauregia	121230
Iruntxur	77090
Izarra_(Gasteiz)	141998
La_Peñako_geltokia	545685
Jose_Antonio_Agirre_(Laukiz)	119615
Ganboa_(mendia)	70892
Plaza_Berria_(Gasteiz)	335893
Azeta	57317
Arrietara	18889
Las_Cortes	84948
Goierri_(Garai)	119587
San_Bizente_eliza_(Donostia)	101438
Arteta_(Galdakao)	100476
Arriaga_antzokia	23927
Otalora-Gebara_jauregia	127774
Mizkia	119919
Amiltzu	71556
Euskal_Herriko_Unibertsitatea	5851
Hesperia_Bilbao_hotela	551564
Aretako_pilotalekua	237818
Gauna	21805
Soxoguti	120013
Urkiolamendi	151048
Portutxo_(Astigarraga)	69357
Santa_Klarako_itsasargia	102922
Arespalditza	15429
Zeanuri	6966
Zubierreka_(auzoa)	86756
Irungo_geltokia	98497
Arza_etxea	127152
Udondoko_zubia	374279
Arranotegi	68775
Hondarribia	3509
Ondar-txuri	73522
Argisain	70641
Usparitxa	119637
Behobia	57335
Corral-Ipeñarrieta_jauregia	121119
Areitio	78937
Abitigarra	58107
Muxika_dorretxea	117005
Irzaola	16198
Oiankas	67781
Elexalde_(Bakio)	119157
Abetxuku	13096
Arrikibar_plaza	548704
Bóveda_(Gaubea)	15526
Euskararen_Interpretazio_Zentroa	128551
Bartzelona_hiribidea_(Donostia)	590536
Mañaria	6914
Salburu_bulebarra_31	142338
Agirre_baserria	226395
Plaza_Barria	377671
Izaro_(zinema)	120298
Peñotako_geltokia_(Bilboko_metroa)	98994
Diputazio_kalea_(Bilbo)	573716
Trespondeko_zubia	54556
Bilboko_udaletxea	119437
Arno_(mendia)	80077
Txabarri_(Sestao)	141083
Berna_(Zornotza)	49241
Amara-Donostia_geltokia	376721
Ganeta	71748
Letona	16051
Oleta_(Aramaio)	13240
Kurtzea_pilotalekua	229771
Trañako_geltokia	376339
Sarrikolea	56143
Basalgo	13089
Aistra	150739
Debako_geltokia	376280
Artubi	71792
Santa_Katalina_komentua_(Mutriku)	573297
Lizartza	6492
Zubialde_(Aizarnazabal)	119884
Bidebieta-Basauri_geltokia	579487
Aiboa	57314
Bergara	5660
Monterron_jauregia	22650
Olabezar	15446
Kukutza_gaztetxea	147286
Mendraka	60003
Otxaran	104040
Andra_Mari_eliza_(Deba)	586409
Hurtado_de_Andatarren_dorrea	577031
Plaza_Biribila	377668
Montorra	49246
Santa_Juliana	84931
Ergoena	165563
Neguri	57315
Artika_(Ispaster)	108598
Gardelegi	15665
Langraiz_Okako_espetxea	230828
Donostiako_Hizkuntza_Eskola_Ofiziala	590533
Santa_Klara_komentua_(Azkoitia)	117219
Ondarroako_itsasargia	103088
Eretza	49446
Urigoiti	100723
Santuenea	119944
Jugo	15399
Pasai_Donibane	14061
Etxebeste_dorretxea	586304
Ugane	119577
Bizkaiko_Labe_Garaietako_1._Labe_Garaia	120508
Laurgain	69057
Alkiza	6216
Bilbo_Zaharra	13209
Mimetiz_pilotalekua	229795
Mañueta	7020
El_Once	84942
Gereña	15667
Ollargan	49300
Aitzabal_(Altzania)	77112
Trapagako_geltokia	98352
Gorosta	70606
Berastegiko_udaletxea	395794
Hermua	15386
Gazalbide	13115
Untza_mendia	77500
Gereñu	21807
Urko_ibaia	123542
Amezketarren_kalea	590534
Orkatzategi	54745
Santa_Isabel_eliza_(Arbigano)	395839
Mendarozabal	77363
Arrieta_(Trebiñu)	57689
Elexabeitia	68444
Ollerieta_baserriko_labea	127644
Elotxelerri-Loiu_geltokia	376715
Hondarribiko_portua	47336
La_Hoya	280003
Mendieta_(Ajangiz)	86635
La_Arenako_biaduktua	103683
Errotaldea	119894
Garellano_dorreak	161718
Azkue-San_Roke	80086
Andre_Maria_erreginaren_eliza_(Zangoza)	576885
Eusko_Jaurlaritzaren_Arabako_ordezkaritza	548548
Andagoia	15572
Elkano_(Zarautz)	13488
San_Juan_Muskiz	67784
Plentzia	6945
Bizkaia_Arena	113997
Iturreta_(Mendexa)	119626
Zubi_Zaharra_(Balmaseda)	366349
Zurbao_jauregia	127794
Subilla_Morillasko_jauregia	395784
Artaleku_kiroldegia	335205
Aita_Karmeldarren_eliza_(Donostia)	589570
Bilboko_metroko_geltokien_zerrenda	98887
Eguen_(Gizaburuaga)	119690
Gosetu	119360
Zumalakarregi_Museoa	121840
Galdona_jauregia	573263
Dulantziko_gudua	131496
Santa_Barbara_(Zarautz)	13493
Elbarren_(Lizartza)	77361
Aiete_kultur_etxea	578853
Oñatiko_Unibertsitatea	39570
Arkolla	47293
Andoin-Luzuriaga_jauregia	69732
Molinar	56058
Berastegi_dorrea	586624
Arangiz	13682
Arastortzeko_gaina	71694
Lekeitioko_itsasargia	103092
Munarrikolanda	50030
Baluga	75648
Aletxa	54789
Aranburu_jauregia_(Tolosa)	573514
Barroeta	68751
Arrigorriagako_geltokia	579037
Abuztuaren_31_kalea	226002
Indiagana	77087
Maldako_Punta	73215
Molinao	146277
Balmasedako_geltokia	377507
Mikoleta	73228
Karraspio	17844
Eduegi_baserria	101284
Olabarrieta-Txistulanda	100475
Akartegi	44036
Sopuerta	6953
San_Leon	71707
Muntsaratz_dorretxea	121053
Arantzazuko_santutegia	12790
Apatamonasterio	50794
Enekuri	49281
Barrika_(herria)	6864
Artzalde	119153
Gorlizko_itsasargia	103113
San_Martzialgo_gudua_(1813)	132015
Manzaneda_de_Biañez	56057
Izurtza	6900
Zumaia_jauregia	568075
Erdoizta	70619
La_Casilla_geltokia	376481
Arcco_Amara	112974
San_Martin_(Gasteiz)	13104
Colón_(zinema)	120295
Bizkaiko_Zubia	14988
Gipuzkoako_foru_jauregia	589296
Kurtzebarri	54749
Bermeoko_udaletxea	74201
Arizko_geltokia_(Bilboko_metroa)	161966
Vista_Alegre_hilerria	132046
Berango	6867
Burgu	6995
Lobiano_jauregia	121325
Lekanda	39707
Murrieta	84944
Lekeitioko_kirol-portua	238872
Ametzola_(Zeberio)	119349
Ugalde_(Okondo)	88903
Aketegi	63994
Hernani	5315
Axpe-Martzaa	49306
Luiaondo	15437
Lutxanako_gudua	130673
Thanetiar	80173
Udondo	61991
Araitz	7066
Zekuiano	54803
Artzain_Erreka	119915
Kanalape	17846
Maria_Cristina_hotela	142320
Arluzea	15559
Eskerika	119705
Basozabal_jauregia	586505
Iraeta	56293
Santa_Katalina_baseliza_(Bergara)	100557
Uzturre	63632
Antonio_Elortza_belodromoa	227221
Otsemendi	119342
Nazioarteko_zubia	376629
Colavidas	231253
Indianoaren_etxetzarra	127245
Santutxu	13125
Salturri_baserria	127240
Arriluzeko_itsasargia_(kanpokoa)	103119
Arkulanda	119347
Iraeban_baserria	395793
San_Martin_(Orozko)	146326
Gerrikaitz	115910
Murgiaran_baserria	116954
Astigarraga	6340
Burgüeno	56115
Arenao	368615
Urriola	60106
Estela_(eskultura)	577250
Tullonium	485667
Tortura_(Kuartango)	15585
Etxezuri_dorreak	43573
Goierri_(Erandio)	49177
Zuia	5513
Lengokoaitz	70252
Santa_Maria_eliza_(Agurain)	397945
Quadra-Lakabex	65123
San_Pedro_eliza_(Turtzioz)	120554
Ibarrola_Haundi_baserria	114953
Nocedal	67797
Armeria_Eskola	295530
Ibarrola_(Aulesti)	60102
Petrinaitz	70716
Larraul	6486
Menoio	15442
Urabain	15367
BBK_dorrea	161626
Bitoriano	15397
Dolomitas_del_Norte_enpresaren_instalazioak	120640
Artklass_eraikina	547143
Uribarri_Dibiña	15692
Biosnar_lurmuturra	510334
Bolibar_(Eskoriatza)	54771
Zurkuntz	69891
Trapagaran	6955
Basara	56129
Andikoa	119178
Olano_(Zigoitia)	15517
Ariltza-Olatzar	119354
Eskutxi	60183
Irungo_udaletxea	573660
Dordoniz	59473
Iguria	59999
Lermanda	15677
Soreasuko_San_Sebastian_eliza	586506
Untzueta_jauregia	586206
Ormaiztegi	6500
Donostiako_Enpresa_Ikasketen_Unibertsitate_Eskola	104576
Mentxu_Gal_lorategiak	589098
Hesperia_Zubialde_hotela	571919
Santa_Ana_baseliza_(Pasaia)	589107
Lotina	119576
La_Herrerako_geltokia	377506
Baronatarren_dorretxea	79743
Andre_Mariaren_Jasokundearen_eliza_(Bilar)	127653
Melledes	15819
Arabako_Elizbarrutiko_Arte_Sakratuaren_Museoa	226841
Arriagaren_monumentua	573847
Salvador_Allende_parkea	375984
Bildosola	68443
Igorre	6897
Pasaia	6454
Igara	13146
Zumaia	6512
Euba	49245
Betolatza	59537
Eribe	15508
Loinatz	69745
Laudio	7016
Lartzabal	42906
Berano	78936
Euskal_Herriko_Unibertsitateko_paraninfoa	222188
Zuatzu_Enpresa_Parkea	552811
Uribarri_(Aramaio)	13242
Jauregi_(Hernani)	56504
Arretxe_baserria	100999
Urkabustaiz	5511
Aiako_Kaskoa	77593
Andre_Mariaren_Jasokundearen_eliza_(Gasteiz)	127697
Askartza_(Trebiñu)	59469
Beluntza	15494
Moreda_Araba	6990
Akarregi	56496
Gaintzorrotz	72429
San_Emeterio_eta_San_Zeledonio_eliza_(Larrabetzu)	120547
Santa_Klara_komentua_(Zarautz)	11357
Urgull	32376
Astrabudua	49175
Morlans	13152
Aozaratza	13071
Leaburu	6489
Agirre_baserriko_garaia	587121
EITB_Donostia	374106
Ipuliño	70443
Aranguren_(Zalla)	104037
Valpuesta	587598
Langatxo	397294
Eubako_geltokia	376342
Errekalde_(Bilbo)	13133
Arizgoiti	104085
Ubera	13084
Likona_dorretxea	119713
Pozueta	119607
Lamiakoko_geltokia	99205
Alde_Zaharra_(Hernani)	585785
Eldua	70335
Castillo_Sopeña	15785
Ordiziako_enparantza_nagusia	160651
Gibraltarko_aireportua	242192
Mespelerrekako_urtegia	104001
Atxu	77124
Martiartu_dorretxea	63473
Bilbao_World_Trade_Center	120507
Urbieta_kalea_(Donostia)	5668
Caicedo_Sopeña	15784
Burguko_bolatokia	127133
Zurbaranbarriko_geltokia	99124
Putreaizko_Punta	73899
Laukiz	6907
Santiago_Aurrea	383461
Izurtza_dorretxea	121327
Aldape_(Elorrio)	59992
Gasteiz	3885
Zumetxaga	49802
Agaotz	70901
Iurreta	6899
Menagarai-Beotegi	395919
Uarrain_I	74097
Portillo_txaleta	395725
Santxosolo	65125
Sollube	44124
Elexalde_(Getxo)	16333
Elantxobe	6875
Gueñesko_geltokia	377461
Bergarako_udaletxea	365813
Etxebarri_erretegia	231249
Errekaldeko_geltokia_(Euskotren)	376044
Basinagre_errota	120652
Maria_Kristina_zubia	129909
Narbaxa	21793
Muxikako_geltokia	376384
Aldai	119569
San_Pedro_eliza_(Gasteiz)	162745
Puntalea	47298
Mandiola	70607
Lastur	50824
Lutetiar	80176
Durangaldea	5636
Opellora	15444
Lekamaña	48632
Udaletxeko_zubia_(Bilbo)	103568
Hereña	15786
Iturritxe	119602
Ganbe	119710
Berostegi	591428
Aizarna	56292
Saldiaran	119352
Atotxako_futbol_zelaia	33431
Altube	15394
Bachicabo_(kontzejua)	302678
Etxabe	119887
Gorostiza_baserria	114945
Santa_Barbara_gotorlekua_eta_baseliza_(Hernani)	123645
Alaitza	21800
Kanpezu	7008
Bermeoko_geltokia	376394
Lagran	7012
San_Pedro_Ariznoakoa_eliza	240356
Zabalgune_plaza_(Bilbo)	549421
Gernikako_geltokia	376386
Bentalde	119158
Telleria_(Leioa)	61986
Gernikako_bonbardaketa	57406
Ogeta	59480
Martin_Ugalde_Kultur_Parkea	420384
Aurtola_burdinola	127641
Estarroa	15660
Santurtziko_geltokia_(Bilboko_metroa)	98999
Gorozika	48662
Akaitz_Txiki	71212
Donostiako_Realaren_zubia	336495
Errepelega	57320
Gasteizko_sekuoia_erraldoia	591223
Zumarraga	3535
Grandival	59474
Ekain_(leizea)	56275
Konpantzia	290711
Meñaka	6930
Altzolako_Lonja_etxea	112962
Laranga	94502
Arbelaitz_jauregia	573659
Ikaztegieta	6483
Laudio_Institutua	85694
Zalduondo	7028
Eitzaga	70804
Iztieta	42899
Izarra_(Urkabustaiz)	15497
Abusu	13207
Ibaigane_jauregia	59693
Busturialdea	5639
Añanako_kuadrilla	8045
Urdinarrain	70442
Andra_Maria_eliza_(Gueñes)	120630
Lekeitioko_talaia	165206
Goya_(zinema)	120301
Foronda_jauregia	568021
Berriatua_dorretxea_(Mutriku)	573270
Gopegi	15512
Cardeo	104082
Karrantza	6903
Pagoetako_natura_parkea	55128
Uribe	40613
Krispiña	15674
Karpin_Abentura	157086
Legazpi_dorrea	112235
Los_Arcos	8355
Madariaga_(Deba)	56287
Miramar_jauregiaren_parkea	376079
Karrika_(Oiartzun)	56406
Marin_(Eskoriatza)	54773
Karrantza_(ibaia)	123522
Coliseo_Albia	120201
Zarauzko_Real_Golf_Kluba	433168
Franku_(Trebiñu)	57695
Idiakez_jauregia	122478
Urtubiaga	395108
Oikia	97861
Anoetako_kirolgunea	376103
Ilunbe_baserria	88033
Arratzu	5510
Arkaia	15618
Ebro_Etxea	302088
Gipuzkoako_kanpaina	95618
Albiztur	6214
Alde_Zaharra_(Oñati)	573606
Areeta_(hondartza)	17890
Kai_Barria_(Portugalete)	61323
Mundakako_geltokia	376392
Plaiaundiko_Parke_Ekologikoa	367999
Olabeagako_geltokia	98211
Larrabeiti	119603
Lacorzana	64105
San_Inazioko_geltokia	65691
Montellano	239090
Bedaio	40559
Ungino	60184
Urtsuerreka	165299
Zarauzko_hondartza	20834
Santa_Marina_Haundi_baserria	77565
Trokoniz	21810
Axpe-Busturia_geltokia	376390
Portu_(Hernani)	56514
Adarra	61971
Narea	60103
Salburuko_parkea	66174
Solokoetxe	13203
Undurraga	119343
Gamarragutxia	15663
Axpuru	21784
Armentiako_basilika	68362
Saratsu_(Trebiñu)	57708
Bizkaiko_Foru_Aldundiaren_jauregia	119561
Langara_Ganboa	15485
Euskal_Telebista	7440
Zuhatzu_(Gasteiz)	15696
Izaskun	120793
Ferrertarren_etxea	591391
Meakaur	119707
Salud_e_Higiene	119152
Urbil	336553
Larrunarri	6097
Ganalto	97976
Iparragirre_baserria	114956
Katxola_baserria	77725
Etxabarri_Urtupiña	15383
Morga	6933
Murinondo	13086
Uribitarte_pasealekua	573777
Bizkaia	4028
Lebario	16197
Araba	3385
Jaizkibel	43253
Mazmela	54775
Barakaldoko_geltokia_(Bilboko_metroa)	98939
Galea_lurmuturra	15154
Eroso-Ugarte	68753
Aketxe_(Leioa)	61993
San_Marko_gotorlekua	227088
Basurtu	13136
Legutio	5507
Zanbrana	7029
Santa_Maria_Magdalena_eliza_(Plentzia)	120635
Campuzano_plaza	573695
Ugarana_(Dima)	16350
Egurtegi	71963
Altxerri	72643
Aramaio	5506
Malpika_dorretxea	119654
San_Ciprián	119328
Triano_(Abanto)	84935
Larrako_dorretxea	565995
Dallo	15379
Galtzaur	69354
Campos_Eliseos_antzokia	115748
Durangoko_Azoka	7424
San_Migel_eliza_(Gasteiz)	127730
Udalatx	10123
Padul	62651
Erroitegi	54798
Loroño	56141
Osma	78934
Gaztelu_(Gasteiz)	15666
Isuntza	17875
Arene	71755
Bailengo_etxe_orratza	127845
Herniozabal	80120
Ausa_Gaztelu	71844
Lanosko_gaztelua	433484
Uriarte_jauregia	135933
Dulantziko_geltokia	374341
Andre_Maria_Zuriaren_plaza	60792
Arrankudiaga	6527
Urko_mendia	80092
Gasteizko_elizbarrutia	67536
Bolunburu_(Lemoa)	119595
Eresbil	276854
Txikito_Gallarta_pilotalekua	229772
Altzagarateko_Gure_Amaren_baseliza	591376
Salazar_dorrea	140537
Mijoa	119918
Nuarbe_(Azpeitia)	70917
Ingelesen_hilerria_(Donostia)	226926
Sasiolako_komentu-ospitalea	237861
Arrieta_(mendia)	75554
Urkillaga	69387
Lurgorri-Gernika_geltokia	376385
Aketx	40423
Barrena_parkea	301096
Olarizuko_parkea	157035
Mena_Harana	57550
Ubide_(Bizkaia)	6957
Garin	69585
Jandiola	88756
Maltzaga	36228
Uribarri_(Arrankudiaga)	71756
San_Anton_eliza	14075
Villabuena_Araba	7027
Entzia-Iturrietako_Partzuergoa	64324
Malats	60104
Goitisoloalde	119159
Ariznabarra	13102
Bilboko_lehendabiziko_setioa	130548
Azkarraga_etxea	127143
Iluntzar	39722
Gerea	78931
Jarindo	146446
Txarabeltz	77091
Etxebarri-Norte_geltokia	99116
Adurtza	13109
Moiua_jauregia	100563
Gallete	108601
Donostia_Arena_2016	142250
Atxabal-Oro	97974
Elizondo_(Lemoa)	119597
Las_Ribas	368623
Algorta	39636
Matxitxakoko_itsasargia	103093
La_Matanza	589947
Ezkabarte	7148
Martin_Berasategi_(jatetxea)	231251
Miguel_Unamuno_plaza_(Bilbo)	377682
Astrabuduko_geltokia	99197
Bustuko_gana	75552
San_Joan_Iturriotzeko_baseliza	573261
Bermeo	6885
Artatza_jauregia	93686
Errekaballea	97403
Miramarreko_tunela	376084
Garagartza_(Mendaro)	77365
Ugasko_dorreak	161631
Lazkao	6488
Katalina_Erauso_kalea	590865
Betoñu	15627
Sollano-Llantada	104038
Otxarkoaga	13122
Getaria_(Gipuzkoa)	6479
Gorrotxategi_museoa	573675
Lemoiz	6911
Elbarrena_(Zaldibia)	165289
Zormendi	77094
Muñatoizko_San_Martin	67778
Bentaleku_Zaharra_(Mutriku)	573293
Napar_Basoko_Punta	70517
Asteitza	68757
Askondo	200176
Multizinemak_(Bilbo)	130094
Axtxiki	39715
Eibar	5650
Santio_Erreka	69059
Bolueta_dorreak	23003
Artomaña	48627
Amurrioko_udal_pilotalekua	237811
Donostiako_Orfeoia	44623
Gipuzkoa_plaza_(Hondarribia)	586822
Vizcaya	120287
Artxandako_funikularra	39843
Ugarritza	42873
Eguzkialde_jauregia	564491
Amorebieta_geralekua	376780
Bizkaiko_kultura_ondasunak	479155
Peruri	61982
Kubo_(Arrigorriaga)	119136
Ermitalde_(Lizartza)	77359
Gazeta_(Elorrio)	59998
La_Calera_del_Prado	119311
Urgullgo_gaztelua	344207
Birgaragoien	54795
Lasarte_(Gasteiz)	15675
Lekunbiz-Zamudio_geltokia	376717
Iparraldeko_geltokia_(Donostia)	90336
Usurbil	6504
Arlabango_bigarren_gudua	130646
Eguzki_Jaia_etxea	120669
Oteros	145062
Aranguren_(mendia)	68483
Errezil	6460
Begoña_(barrutia)	13124
Aztiria	119912
Kutxu	57692
Anoeta_estadioa	152601
Miñao	15684
Basagain	226332
Mariñamendi	77147
San_Frantzisko_komentua_eta_eliza_(Tolosa)	573484
Iturriotz_baserria	55311
Gañeta	72594
Sagastialdeberri	56516
Naizpe	77168
Akosta	15516
Konstituzio_plaza	142252
Errotabarri_(Gizaburuaga)	395143
Sabin_Etxea	65784
Kamaraka	71740
San_Migel_(Basauri)	104099
Zorrotza-Zorrozgoiti_geltokia	376966
Arastortz	64138
Dudea	49249
Salbatore	70304
Mutiloa_Bildua	165570
Sekillaga	69707
Lendiz	77088
San_Pedro_Abantoko_gudua	332315
Bilboko_Justizia_Jauregia	574054
San_Joan_eliza_(Agurain)	397942
Unión_Cerrajera	49115
Opakua	21954
Basabe	15525
Amerialde	70337
San_Agustin_komentua_(Hernani)	93341
Altzaga	6217
Azkarai	370524
Arteaga	62158
Alegiako_udaletxea	365896
Zalduondoko_udaletxea	101180
Zumeltzu	15697
Larrabasterra	98266
Leidor_antzokia	426253
Sabino_Arana_etorbidea_(Bilbo)	549404
Salingain	73933
Alde_Zaharra_(Pasai_Donibane)	585786
Mimetizko_geltokia	382738
Okendo_kultur_etxea	578822
San_Mames_(Zierbena)	104083
Rialia_industria_museoa	336050
Ondarroako_kirol-portua	238873
Okendo_jauregia_(Arrasate)	586674
Jata	49784
Lizeaga	56508
Billatxika	88753
Irukurutzeta	80093
Babcock_&_Wilcox_herria	140536
Samaniego	7024
Peñotako_geltokia_(Adif)	98276
Pobeña	39573
Fernando_Buesa_Arena	54354
Iñurritza_biotopo_babestua	63904
Etura	15382
Ozana	57704
Aita_Donostia_plaza	590831
Otuna_jauregia	120662
Gurendes	15532
Getxoko_kirol-portua	238871
Murgiondo_Aldea	165567
Ugartemendi	70306
Domaikia	13698
Abandoibarra_etorbidea	573703
Andre_Mariaren_Jasokundearen_eliza_(Mutriku)	573262
Ubillots_baserria	116983
Otalora_dorretxea	573788
Audikana	15378
Aginaga_(Usurbil)	119945
Bilboko_Merkataritza_Ganbera	161788
Pagasarri	39724
Zangroizko_geltokia	587003
Arrugaetako_atxa	146333
Agiñaga_(Aiara)	15423
Gibelorratzagako_San_Pelaio	119160
Zuloaga_jauregia	121487
Billoda	15825
Mariturri	109830
Murueta_(Orozko)	100725
Nerbioi	16019
Ardantzako_geltokia	376290
Arratzola	50795
Elorriaga_(Gasteiz)	15657
Loiu	6913
Trinitate_plaza	226038
Teofilo_Guiard,_1._zenbakian_dagoen_eraikina	395783
Oma	98201
Sondikako_geltokia	376712
Turpin_dorrea	135897
Olabarri	15828
Zaldibarko_geltokia	376334
Andra_Maria_basilika_(Portugalete)	65472
Alderdi_Eder	142275
Goiballea	97404
Txurruka_kaiko_60_zenbakidun_eraikina	120172
Mendixur	53518
Urbina_Eza	15587
Easo_plaza	374313
Galdakao	6883
Usurbilgo_geltokia	376277
Arantzibia_dorretxea	121422
Gabiria_dorrea	100624
Arrankudiagako_geltokia	579045
Artzate_Haitza	71802
Aizkorriko_mendilerroa	45811
Indautxu_garajea	395767
Luxar	386863
Bilboaldea	384671
Zelai-Ondo	13499
Abaria_jauregia	301100
Artika_(Bermeo)	68771
Gillerna	15398
Txabarri_jauregia	118356
Galeako_fortea	60904
Itsas_Aurre_zubia	374282
San_Nikolas_uhartea	40453
Arroka_kalea_(Donostia)	426190
Sagrada_Familiako_geltokia	98358
Laiseka_(Villaverde_Turtzioz)	589954
Las_Calizas	84929
Ea	6874
Bermeoko_portua	47302
Kai_Zaharra_(Portugalete)	61325
Donostiako_Tenis_Elkarte_Erreala	339714
Okondogoiena	88902
Donostiako_setioa	132060
Mendikute	80190
Urola	5873
Bikuña	21786
Anuntzeta	15778
Atxuintxa	70243
Mazarredo_zumarkalea	573739
Indautxuko_geltokia	65563
Zalla	6963
Belar_(Aloña)	80035
Ipiñaburu	119341
Gernika-Lumo	6890
Durangoko_geltokia	376340
Idiazabal	6482
Albeiz_(mendia)	77108
Lopida	15671
Bastidako_udal_pilotalekua	237812
Jasokundeko_eta_Sagarrondoko_Andre_Maria_eliza	586345
Tallerreta	119609
Mendata	6931
Eibarko_zezen_plaza	335214
Venezuela_plaza_(Bilbo)	573700
Sodupetarren_jauregia	395721
Izaro	16129
Matikoko_geltokia	99126
SAPA_fabrika	395763
Ondarretako_lorategiak	375990
Bilboko_Udala	87054
Erreztaleku	73241
Aratz-Matxinbenta	70309
Artea_(merkataritza-gunea)	23025
Oka_(ibaia)	50121
Untza_erreka	77494
Amuitz_uhartea	124750
Arriarango_urtegia	43765
Murua	16052
Lezamako_geltokia	376720
Lord_Johnen_gotorlekua	591816
Arbildu	119351
Mercadillo	75647
Pinueta	62034
Larrea_(Galdames)	77217
Ezparta	68446
Tolosako_udaletxea	365814
Donostia-Hondarribia_aireportua	43632
Etxebarria	7577
Aloña_mendi	80033
Ametzolako_geltokia	98204
Araba_parkea	375997
Mandubia	70795
Olazabal	16349
Delika	48630
Hondarribiko_gaztelua	147632
Mendiguren	13683
Uretamendi	13205
Deustuko_Doneperiaga	13215
Santi_Brouard_pilotalekua	229776
Gezala	119356
Elkano_kalea_(Bilbo)	573718
Madalensoro_pilotalekua	237862
Uribarri_Ganboa	15488
Arrigorriaga	6529
Jesusen_Andra_Maria_eliza_(Ea)	131679
Donostiako_Klub_Nautikoa	53659
Muxika	6939
Mendizorrotz	80191
Larrabasterrako_geltokia	99230
Etxetaballa	76158
San_Frantzisko_(Bilbo)	13129
Agüera	95440
Balastera	84926
San_Bizente_eliza_(Bilbo)	120728
Gebara	15384
Ortuella	6943
Ortuellako_geltokia	98359
Bidekoetxe	68758
Aiara	6974
Koldo_Mitxelena_Kulturunea	111983
Egileta	66680
Gazbide	77131
Opera-Cinema_Vesa	127770
Vega_hotela	120513
Arkotxa	100709
Olaberriko_udaletxea	165208
Txoko_Alde	119952
Otxandio	6944
Leizaola_lehendakariaren_kalea_(Bilbo)	573924
Sollubeko_gudua	49719
Olaberria_(Irun)	57340
Albeiz	15356
Megapark	23011
Mugaritz	231242
Odoriaga	110410
Sanfuentes	84947
Arrieta_(Zegama)	119904
Lemoizko_zentral_nuklearra	62270
Urarte	15567
Aizkorrandi	72640
Uribarri_(Bilboko_barrutia)	13120
Arraibi	119592
Loiolako_geltokia_(Euskotren)	376045
Antzinako_Gasteizko_babes-etxea	548647
Pardarri	73837
Garbera	336555
Elduain	6458
Elizmendi	69111
Ametzaga_(Meñaka)	85313
Zabala_jauregia_(Ordizia)	301076
Barakaldoko_udaletxea	591323
Zornotzako_geltokia	376343
Zuaznabar_Haundi_baserria	117040
Indautxu_plaza	547006
Elizondo_(Lizartza)	77360
Lezo	6452
San_Julian_(Muskiz)	67785
Soxo	15448
Avellanedako_Batzarretxea	579670
Leza	7019
Lumentza_(leizea)	150762
Basurtuko_geltokia	376961
Bedua	203809
Malmasingo_gotorlekua	120699
Lamindao	16348
Espainiako_Zerga_Agentzia_Administrazioren_eraikina_(Bilbo)	548729
Orkoien	8004
Osinaga_(Hernani)	56512
Katuxa_jauregia	100967
Andatza_(mendia)	115369
Gaztelu_(Gipuzkoa)	6478
Anoetako_geltokia_(Euskotren)	376041
Lanzas_Agudas	119321
Zabalgana	143613
Bilar	6994
Azazeta	54793
Gatika	6888
Uribitarte	42931
Otxarkoaga-Txurdinaga	13166
Gros	7435
Mendilauta	13492
Gizaburuaga	6893
Ceballos_muturra	137990
Deredia	15385
Arocena_hotela	54253
Legina	56140
Urkia_(Itsasondo)	591427
Arriagako_geltokia_(Bilbo)	376469
Odiaga	68437
Azkoitia	6353
Iturrieta	7007
Mesantza	59476
Txarlazo	50830
Palomares	14042
Etxabarri_Dibina	15510
La_Aurora_eraikina	548750
La_Ceres	100519
Vista_Alegre_(Zarautz)	13497
Irimo	7950
Altamira_(Beasain)	69397
Zerio_(Gasteiz)	15695
Zalama	39652
Bolueta	13126
Badaiako_Sierra_Bravako_Komunitatea	63679
Trebiñu	7025
Termibus	34583
Zurriolako_zubia	129903
Aritzatxu	17837
Plentzia_(hondartza)	18950
Markina_(Zuia)	15401
Elantxobeko_kirol-portua	238878
Tobillas	15542
Lierni	165568
Artxandako_Golf_Kluba	130414
Olaso_dorrea	301174
Gorliz	6894
San_Migel_Goiaingeruaren_eliza_(Lazkao)	143123
Mairuelegorreta	82140
Eitua	119181
Ugao	6958
Portu_auzoa_(Hondarribia)	47297
Gellao	54772
Alde_Zaharra_(Mutriku)	573531
Tenería_Vascongada	120505
Artziniega	6985
Basurtu-Zorrotza	13176
Raimundo_Sarriegiren_plaza	375528
Urnieta	6510
Astepe	49238
Autzagana	49240
Orozko	6942
San_Adrian_(Bilbo)	34506
Alangua	21951
Maruri-Jatabe	40946
Laga	17834
Ormijana	15791
Lete_baserria	115789
Elosu_(Ugao)	103849
FESA_pabiloia	120655
Sollana_muturra	137991
Bilbao_(zinema)	120293
Itaundieta	72682
Matico	120306
Euskadi_plaza_(Bilbo)	547005
Zuluaga	119133
Artzentales	6531
Barrenkale_(Bilbo)	22614
Basaez	61987
Agurain	6973
Larrasa	71706
Olarra	119131
San_Telmo_baseliza_(Zumaia)	123919
Lorritxo	145071
Artatzagane	72437
Alegiako_udal_pilotalekua	237828
Basauriko_geltokia_(Adif)	579543
Untzaga-Apregindana	15499
Hirukanale	383459
Ubide_pasealekua_(Bilbo)	81725
Eskoriatza	6461
Portugaleteko_hotela	140566
Muñatoizko_San_Martin_gaztelua	67759
Aranzadi_Zientzia_Elkartea	40270
Belostikale	22608
Moiordin-Barrondo	100661
Gorbeiako_natura_parkea	36321
Berrobi	6456
San_Esteban_Galdames	77214
Iralabarri	13212
Done_Jakue_(Gasteiz)	13110
Uriondo	119358
Joana_Eroaren_etxea	586354
Pinedo	15540
San_Justi	95890
Karakate	9993
Aiako_harria	14737
Aresandiaga	119350
Maroño	15440
Amunabarro_baserria	69746
San_Joan_Bataiatzailearen_eliza_(Arrasate)	24359
Rodayega	370609
Iturribide_(Bilbo)	32537
Arrate_pilotalekua	237830
Izotzalde	70322
Altzusta	119335
Alaberga	42924
Apodaka	13684
Iparragirre_kalea_(Bilbo)	573719
Gamarra_Nagusia	15661
Santiagomendi	80193
Atotxako_dorrea	22084
Pikatxo	49454
Xemein	116490
Goienkale_(Bilbo)	22569
Basquiñuelas	15783
Arabako_Arte_Ederretako_Museoa	51328
Ajangiz	6520
Zugastieta-Muxika_geltokia	376382
Florida_(Abanto)	84928
Mandaita	15827
Altzolako_geltokia	376284
Antio	69664
Axlor	150835
Marutegi	77150
San_Bizente_eliza_(Gasteiz)	397943
Arbalitza	368788
Urizaharra,_Lagran_eta_Lañuko_Komunitatea	7011
Beasainmendi	69584
Asterria	119338
Ureta_dorretxea	127149
Mallabia	5655
Burgeta	59472
Maillukate	77149
Antzoras	17891
Bilboko_Done_Jakue_katedrala	22944
Lutxanako_geltokia_(Adif)	98216
Areatza	6526
Oreitia	15687
Zuloaga_plaza	226039
Upo	50019
Haizearen_orrazia	62290
Azilu	21802
San_Nikolas_atea_(Hondarribia)	586795
Oiardo	15500
Gasteiz-Foronda_aireportua	43631
Boroa	49243
Urizar_(Lemoiz)	98208
Iruña_Oka	7005
Lehendakaritza	366604
Blas_Lezoren_jaiotetxea	591145
Etxebarri	6880
Asteasu	6339
Ibaiondo_(Bilbo)	13169
Ioia_(Itsasondo)	591419
Iruretaegia	69055
Maurga	15514
Miramar_jauregia	85795
Letamendi_baserria	115776
Aritzeta	61417
Artaun_(Dima)	92268
Luku	15486
Zestoa	6509
Galartza_dorretxea	123774
Santuchu	120304
Arbideko_geltokia	580928
Bidaso_Beherea	42781
Kontxa_pasealekua	340435
Tomasene_kultur_etxea	583196
Herrera_(Zalla)	104039
Zelaieta	16204
Ipeñarrieta_jauregia	123546
Bañez_Artazubiaga_jauregia	585826
Goikola	56137
Aierdi_baserria	87518
Gobelako_geltokia	99210
San_Prudentzio_(Getaria)	70802
San_Bizente_Arriagakoa_eliza	548648
Urkizu_(Tolosa)	119932
Barrena_jauregia	120873
Tolosa	6503
Arantzazu_(Bizkaia)	6525
Iturbaltzaga	107646
Osintxu	13085
ArcelorMittal_Sestao	113163
Uribarri_Jauregi	21796
Artagan	120290
Orioko_kirol-portua	238869
Aloña	66638
Etxaso	119359
Karkamu	15534
Sagues_(Donostia)	228757
Salburua	143614
La_Caseria	67776
Beraun	42785
Lizarrabea	77146
Belarrinaga	56126
Artadi_(Zumaia)	97860
Botreaitz	80034
Institutoa-Gernika_geltokia	376387
Pagoeta_(mendia)	76237
Triano_(Ortuella)	67799
Gobeu	15668
Doneztebe_(Etxebarri)	119188
Zabalburu_plaza	377669
Plentziako_geltokia	99238
Ama_(eskultura)	573852
Azurreka	119594
Kaputxinoak	42902
Atxuriko_geltokia	64354
Tellakaskueta	80047
San_Frantzisko_Asiskoa_eliza_(Gasteiz)	547014
Urrexola	237391
Ugao-Miraballes_geltokia	579586
Txurdinagako_geltokia	99122
Platain_etxea	515440
Trango	70726
Ozolloaurrekoa	161546
Arkarazo	13075
Iturrigorri	13204
Ametzola	13135
Pasaiako_portua	42276
Gebara_etxea	586613
Matxitxako_lurmuturra	50488
Ibañarrieta	56297
Añastro	57685
Arroa_Goia	56294
Bilboko_Arte_Eder_Museoa	82272
Unbe-Mendi	119619
Aia	6212
Ontzanburu	73635
Matauku	15681
Ugarte_(Muxika)	86866
Basondo	98200
Orio	6499
Santa_Katalina_baseliza_(Mundaka)	576704
Gladys_del_Estal_pasabidea	185585
Txorierri_(Leioa)	62041
Bikuña_jauregia	586562
Recalde	120303
Villamaderne	15550
Olaskoegia	69058
Peña_del_Moro	56122
Rucandio	58081
Jesusen_Bihotzaren_plaza_(Bilbo)	547008
Arriaran	69492
Zearsolo_jauregia	574719
Uribarri_Arratzua	15691
San_Esteban_eliza_(Oiartzun)	101558
Irauregi	68423
Sociedad_Bilbaínaren_egoitza	120165
Zeberioko_udal_pilotalekua	229803
Anda	15571
BEC_dorrea	22093
Ispaster	6898
Murgiko_eztiaren_museoa	97899
Argote	57687
Ganbo_Txiki	72512
Arzak_(jatetxea)	231247
Calderondar,_Salazatar_eta_Saltzedotarren_dorretxea	123772
Iratzagorria	88926
Larrazketa	15498
San_Martin_Tourskoaren_eliza_(Andoain)	573474
Longuitas	386876
Arrizabalaga	21952
Ugaldetxo	56407
Guadalupeko_gotorlekua	44319
Bizkaiko_Zientzia_eta_Teknologia_Parkea	367904
Iberiaren_610_hegaldia	104869
Kalbarioaren_baseliza_(Mutriku)	573202
Mandaluiz	119571
Areantza	13074
Jakes_etxea	301094
Telleriarte	119913
Zipar	386858
Miramon-Zorroaga	142348
Deustuko_zubia	35494
Foruko_geltokia	376388
Erretes_Tudela	120009
Bezi	75643
Erretes_Lanteno	15432
Dima	6872
Bilboko_itsasadarra	22642
San_Esteban_(Tolosa)	119929
Martxabaleta	73386
Madariaga_dorretxea	72757
Libao	85328
Gaztedi_Alai_pilotalekua	237819
Arrateko_Andre_Mariaren_santutegia	161766
Berrizko_geltokia	376338
Bilbo	4368
Uribitarte_kalea	573751
Cobaron	67769
Villaverde_Turtzioz	12938
Mimetiz	104036
Bizkaia_plaza_(Bilbo)	548653
Izarrako_geltokia	374345
Irauregiko_geltokia	374336
Sagastialde	56515
Toloñoko_mendilerroa	40503
Pagero	71746
Burunda_ibaia	14965
Gallartu	90291
Ehari	15656
Anglo-Vasco	13117
Bilbao-Concordia_geltokia	133612
Aretxabaleta_(Gasteiz)	15615
Uribarriko_geltokia	99125
Bilbao_Arena	146702
Gordexola	6603
Gallarta	47636
Mañe_i_Flaquer	56509
27_Poligonoa	552812
Euskal_Kostaldeko_Nazioarteko_Erakustazoka	376628
Sorabilla	113983
Villaluenga_(Erriberagoitia)	15799
Soba_(Kantabria)	13037
Boulevardeko_kioskoa	587065
Zorrotzako_geltokia	376323
Hendaia	9188
Parte_Zaharra_(Donostia)	13160
Akorda	41035
Txurruka_(Soraluze)	50078
Ibaeta	13145
Irazugoikoa_baserria	99778
Larraone	72929
Miñaogutxia	15685
Dulantzi	6997
Andarto	66849
Hego-mendebaldeko_Nekazaritza_Eremua_(Gasteiz)	428876
Platako_itsasargia	102915
Doroñu	57693
Anboto	36329
Azitaingo_geltokia	376287
Burgamendi	69496
Bihotz_Sakratuaren_eliza_(Tolosa)	573622
Mutiloa_(Gipuzkoa)	6493
Ogoño_lurmuturra	40426
Allaitz_Txiki	77114
Concha_Jenerala_kalea	573721
Boinas_La_Encartada_museoa	42650
Kiñarraga-Otaola	70605
Elexalde_(Leioa)	61990
Galdonamendi	94504
Dorrontsorogaina	77126
Gran_Hotel_Domine_Bilbao	589251
Artxanda	44496
Zumalerdi	70887
Murga	15443
Castaños_jeneralaren_kalea	591189
Araotz	52186
Aulesti_(Etxebarria)	119198
Totorika	119306
Elgetako_udal_pilotalekua	237842
Leizotz	119900
Ledesma_kalea	573736
Aretako_geltokia	579036
Iñurritza	13491
Txiriboketa	119610
Zabalguneko_merkatua_(Bilbo)	549416
Lemorieta	119604
Alde_Zaharra_(Portugalete)	57316
Oiartzun	6453
Azucarera_Alavesa	127640
Lezama_(Araba)	48633
Mendizorrotza_(auzoa)	13107
Berridi_baserria	77796
Zuhatza_uhartea	328217
Arrietabaso	39710
Aizleor	77111
Kanpantorreta	103551
Amarita	15612
Andrelorriaga	77115
Ugarte_baserria	54097
Alde_Zaharra_(Ordizia)	301085
Matxinbenta_(Beasain)	69491
Xoxote	72448
Ballonti_(ibaia)	103986
Mendaro	5652
Otazu_(Gasteiz)	15688
Artzabal_baserria	112972
Ibarbia	70639
Garellano	112773
Madalena_baseliza_(Erandio)	576805
Henao_kalea	573728
Sujetoenea	568124
Marumendi	73450
Ugaran	68438
Ibaialde	141999
Sierra_(Karrantza)	119332
Akaitz	71043
Agirre_(Arrigorriaga)	119151
Ambrosio_de_los_Heros_14_eraikina	120027
Itxaspe	56284
Deustuko_Unibertsitatea	9164
Ibarra_(Aramaio)	13243
Urkiolako_natura_parkea	5648
Zaitegi	15519
Olaran_(Zegama)	119908
Agirre_(Arrieta)	85329
Loiolako_Erriberak	142346
Elizalde_(Oiartzun)	56403
Donostiako_Irakasleen_Unibertsitate_Eskola	345023
Errekalde_zumarkalea	573742
Mendibilbarri	62038
Beleku_(Aralar)	70727
Galarreta	21789
Salete_baserria	116961
Torreoia_(Zarautz)	123663
Usabal_kiroldegia	548554
Triangulo_plaza_(Tolosa)	573666
Mesedeetako_zubia	103571
Uxama_Barca	376684
Lutxanako_geltokia_(Bilboko_metroa)	99188
Guardia	6993
Angiozar	13090
Taravero	57709
Pío_Baroja_geltokia	376471
Bidaurretako_Santa_Klara_monasterioa	101850
Luxo	15436
Alen_(mendia)	50786
Errekalde_(Lemoa)	119599
Errekalde_(Astigarraga)	69358
Altzo	6218
Kortezubi	6904
Elurretxe_mendatea	241659
Ibaiondo_(Leioa)	62036
Usansolo-Galdakao_geltokia	376458
Almika	68774
Mendexa	6932
Mollinedo	589955
Oriol_jauregia	571578
Arratzua-Ubarrundia	6980
Gabiria_etxea	591325
Gudugarreta	69743
Meana	59475
Arriandi	98040
Pasealeku_Berria_(Donostia)	226042
Amurrio	6975
Karabel	56505
Gasteizko_geltokia	374351
Berio	377908
Lugarizko_geltokia	376042
San_Telmo_Museoa	103169
Arrasate	6338
Mina_Mari	151145
San_Martin_eliza_(Bernedo)	127724
Atxondo	6532
Peru-Aitz	70720
Urkitza_(Urkilla)	71735
Balda_dorretxea	123422
Leitzaran_Institutua	480993
Prebosteen_plaza	590535
Arantzazumendi	77117
Biriatu	9189
Galdames	6884
Izazpi	73211
Elizalde_(Berastegi)	70445
Villafría	15569
Zaldibia	6506
Jado_plaza	573691
Ondategi	15518
Untzilla	13241
Barrenkale_barrena	22639
Arantzabela	13103
Motxorro	119914
Mundaiz_zubia	183761
Eraikuntza_Hutsa	152293
Zamudio	6964
Fuidio	57696
Antzizar	69398
Ibisate	54799
Ibarrako_geltokia	377504
Erroeta	54797
Leziñana_Oka	15788
Laminoria	112695
Ibarrekolanda	13059
Zurbitu	59488
Santelices	67786
Montezkue	119925
Satrustegi_dorrea	54303
Finaga	104100
Eguzkialde	70385
27_Poligonoko_zubia	336549
Gordeliz	120011
Marqués_de_Casa_Torre_jauregia	395742
Algorri_interpretazio_zentroa	568107
San_Martzial_baseliza_(Irun)	376633
Urrutume_baserria	116995
Lezama	6912
Oromiño	49247
Mimbredo	75042
San_Martin_Tourskoaren_eliza_(Iruraitz-Gauna)	127726
Oro	13079
Loiola_(Azpeitia)	15922
Hernio	50088
Astelena_pilotalekua	57060
Donibane_pilotalekua	229783
Oleta_(Amoroto)	223709
Unibertsitatea_Jai_Alai	579093
Babesgabeak	13116
Gaztelu_(Arteaga)	68448
Soraluze	5649
Trueba_zinema_(Bilbo)	120204
Tximelarre	100477
Larrauri	49804
Samiano	59483
San_Joan_eliza_(Pasai_Donibane)	515437
Askatasunaren_etorbidea	142317
Brigiden_komentua_(Lasarte-Oria)	64468
Arana_(Bermeo)	68770
Urbi	104102
Miribilla	41623
Bolueta_(zinema)	120294
Armintzako_kirol-portua	238875
Bami_eraikina	130100
Aizkorri	6119
Laudioko_geltokia	374339
Durangoko_bonbardaketa	53866
Zegamako_udaletxea	165432
Lasarteko_hipodromoa	103770
Padurako_gudua	89968
Gaztelugatxe	40397
Santiago_zubia	376630
Parada_Vieja	588035
Bergantzu	15839
Zegama	6507
Aiastia-San_Migel	80079
Salbide	13494
Anoeta_(udalerria)	6236
San_Jose_Mendikoaren_eliza	573724
Luzuriaga	21790
Elexalde_(Mendata)	119631
Olazar_(Badaia)	145075
Berastegi	6455
Santutxuko_geltokia	65530
Castaño	368618
Elbarrena_(Mutiloa)	165562
Ibarguren_garaia	587123
Valle_(Zierbena)	104081
Txintxetru	21795
Galartza_(Etxebarria)	119193
San_Antonio_komentua_(Gasteiz)	548643
Presa_(Karrantza)	119326
San_Anton_(Aulesti)	60105
Sortzez_Garbiaren_komentua_(Segura)	101685
Lapuebla_de_Labarca	7015
Luiaondoko_52_zenbakia_duen_baserria	127243
Marmiz	119634
Ugarte_(Arteaga)	68450
Letea	70640
Eltziegoko_udal_pilotalekua	237817
Asparrena	6986
Goiuri-Ondona	103884
Donemiliaga	6996
Bilboko_elizbarrutia	67535
Gaztelu_(Larrabetzu)	56138
Laida	17836
Rigada	67783
Urizar_dorretxea	129821
Markaida	49806
Oriamendiko_gudua	46396
Babesgabeen_Andre_Mariaren_eliza_(Gasteiz)	548650
Etxetxuko_dorreak	14066
Bilboko_Burtsa	34508
Hiruerreketa	13490
Sakoneta_(hondartza)	150951
Markina-Xemein	6915
Gasteizko_gudua	131980
Oxirando_dorretxea	429947
Azkoaga	13235
Untzueta	146741
Gabika	119567
San_Pedro_Apostuluaren_kapera_(Donostia)	374354
Ulia	32380
Larraña	52190
Aloria	48610
Concejuelo	378327
Aoki	71646
Albia_dorrea	161715
Artzanegi	77119
Artium_Museoa	49293
Beizama	5548
Eugenia_de_Montijo_enperatrizaren_gaztelua	79707
Los_Tornos	525934
Deustuko_geltokia_(Bilboko_metroa)	525332
Larratxoko_parkea	375976
Moilako_dorretxea	573291
Loruriko_geltokia	376868
Mañua	68778
Kurtze	75703
Areeta	39637
Karlos_VII.aren_etorbidea	591186
Kastrexanako_geltokia	376969
Arkote_Arraun_Taldea	19191
Molinos_Vascos	100781
Sabino_Aranako_geltokia	376477
Montero_etxea	119702
Irabien	88755
Magdalena_(Berriatua)	119172
Herrera_(Donostia)	13148
San_Joan_Ebanjelariaren_eliza_(Zirao)	395730
Artaungan	72440
Max_Center	21050
Kapildui	14096
Santa_Isabel_gaztelua_(Pasaia)	591386
Las_Muñecas_(Sopuerta)	368622
Zuhatza_(Aiara)	15449
Pando_(Karrantza)	119324
San_Migel_Haitza	77170
Hernialde	6480
Hurtado_Amezaga_kalea	573729
Zarate	15404
Chillida-Leku	66673
Elizatxo	56498
NanoGUNE	374189
Uriosteko_geltokia	98355
Saseta	59487
Langraizko_geltokia	374348
Anguleria_jauregia	119648
Arratabe_jauregia	365903
Zumarragako_udaletxea	366412
Agirre_jauregia	99764
Moyua_plaza	295476
La_Florida	61327
Arkupea_(Gasteiz)	295875
Oketa	58095
Mamarigako_funikularra	99013
Maria_Sortzez_Garbiaren_katedrala	119477
Aiete_jauregia	111969
Pando_(Portugalete)	57322
Zeinka-Zearregi	16391
Arraitz_(mendia)	50785
Bellojín	115099
Olatz_(Mutriku)	94434
Marieta-Larrintzar	15389
Arrue_jauregia	586576
Elgeamendi	69504
Arakaldo	6523
Mugarriluze_(Ganekogorta)	71742
Etxargi_eraikina	547995
Artzain_Onaren_katedrala	23808
Eskibel	15659
Arrigorri	17845
Txatxarromendi	576690
Basozelai	104096
Ezkio	70791
Los_Hoyos_(Portugalete)	57319
San_Tomas_(Gasteiz)	141997
Pagasarri_(Aramotz)	72441
Apotzaga-Etxebarri	13070
Arriaga-Lakua	13094
Las_Carreras	84941
Abezia	15492
Altzibar	56400
Deustuko_Unibertsitateko_liburutegia	222125
Amarako_tunela	376265
Berriozabaleta	59996
Gerediaga	16196
Martuteneko_espetxea	43154
Ellakuri_udal_estadioa	148258
Sancti_Spiritus_baseliza	148788
Anton_Koba	397791
Endoia_(Zestoa)	77371
Okondo	7023
Mugaretenea_etxea	586361
Euskal_Herria_plaza_(Tolosa)	573521
Jentilarri_(Aralarko_trikuharria)	73838
Iriarte_Azpikoa_baserria	114959
Gara	23801
Mandoia_(Gasteiz)	49094
Altzuaga	119337
Goikogane	71744
Gazteluberri_(mendia)	77132
Sondika	6951
Etxano	49244
Karmengo_eliza_(Gasteiz)	547013
Tellamendi	80062
El_Pobaleko_burdinola	127725
Donostiako_harresiak	363141
Elexalde-Zeeta	119565
Lenkaran	165566
Arroa_Behea	56295
Herrerako_geltokia_(Euskotren)	376047
Bedaroa	100586
Zorrotzaurre	14132
Fanderia	42905
Kastrexana	571901
Arrietakua_jauregia	573284
San_Esteban_(Karrantza)	119329
Santsoena	61984
Gorordo_(mendia)	68881
AZ-3_kaia	137993
Arabio	59993
Debagoiena	4509
Construcciones_y_Auxiliar_de_Ferrocarriles	24859
Debabarrena	5505
Gasteizko_autobus_geltokia	376269
Omako_basoa	225121
Zubero_(Aulesti)	60107
Sorarrain_baserria	116981
Ondartxo	42900
Ezkio-Itsaso	6462
Nafarkorta	50828
Axpe_(Erandio)	374280
Ermua	5657
Ogella	17839
Callejo	119313
San_Salbatore_baseliza_(Elgeta)	335522
Zumaiako_kirol-portua	238870
Larrinbe	48631
Autonomia_kalea_(Bilbo)	573707
Larreineta	60991
Deustuko_Unibertsitateko_Donostiako_Campusa	374246
Andre_Mariaren_Jasokundearen_eliza_(Gaubea)	127732
Txoritegi	77095
Larrein	143624
Santa_Luzia_(Gasteiz)	13108
Errota_(Tolosa)	573680
Kexaa	15434
Elortza	54796
Oromiño_erreka	103910
San_Miguel_de_Aguayo	13043
Zabalateko_gaztelua	150609
Naparzubia	573656
Sorginaren_Txabola	49677
Zuhatzu_Kuartango	15590
Gabierrota	42901
Bañez_jauregia	99827
Azkorri	17843
Mirandaolako_Santikutz_baseliza	577465
Santa_Maria_eliza_(Mundaka)	576715
Arangurengo_geralekua	377501
Josean_Gasca_pabiloia	335207
Urrabiatza	80042
Zuberoa_(jatetxea)	232014
Galtzarabordako_geltokia	376598
Picomayor	368792
Euskalduna_zubia	35498
Indamendi	576636
Unibertsitateen_etorbidea	573749
Illordo	151736
Arrese_etxea_(Bergara)	99818
Arabako_Fournier_Karta_Museoa	226483
Hurtado_de_Mendozatarren_dorretxea	127811
Añua	56593
Lapurdi_plaza_(Tolosa)	573670
Arenazako_leizea	65871
Zamalbide	42929
Elgoibarko_geltokia	376286
Santa_Katalinako_lorategi_botanikoa	157037
Arrantxe	119591
San_Miguel_de_Linares	104069
Plazaola_(Berastegi)	70446
Zuia-Gorbeialdea	5508
Arabako_Foru_Aldundia	34832
Argalario	47817
Meatzeen_eta_Herri_Lanen_Ingeniaritza_Teknikoko_Unibertsitate_Eskola_(Bilbo)	552144
Euskal_Encounter	19830
Mendizabal_(Badaia)	145078
Ibarreta	128670
Bihotz_Sakratuaren_eliza_(Donostia)	583325
Erandioko_geltokia	99194
Santa_Agedako_geltokia	376967
Bilboko_itsasadarra_Itsas_Museoa	226844
Borinbizkarra	143618
Amundarain_ibaia	366435
Santi_Mami_baseliza_(Erandio)	576862
Errekaldeberri	13201
Augustin_jauregia	127773
Jarralta	368620
Sodupeko_geltokia	376972
Guggenheim_geltokia	376473
Lezamako_dorretxea	119651
Fango_kiroldegia	342422
Puioko_parkea	375987
Urrutia_(Amoroto)	68439
Goierri	5610
Topoko_zubia	336500
Donostiako_portua	47338
Antzuzkar	77116
Traña-Matiena	16203
Asti	13487
Goierri_(Barrika)	119166
Igeldoko_jolas-parkea	126412
Betsaide	50789
Subilla_Gasteiz	13905
Saturdi	116956
Urkixo_zumarkalea	573746
Getariako_kirol-portua_(Gipuzkoa)	238866
Santa_Cruz_(Artzentales)	104071
Miota	60001
San_Andres_(Bermeo)	68773
Irungo_gudua_(1837)	130675
Malkorri	73326
Urioste	49305
Kabiezesko_geltokia	99002
Altzola_(Aia)	69050
Junkaleko_Andre_Mariaren_eliza_(Irun)	64285
Malkorra	70488
Goierri_Telebista	62683
Otobarren	15689
Zubimusuko_parkea	375992
Santimamiñe	36080
Gallartako_geltokia	98360
Ametzagainako_parkea	375982
Olaetxea_dorretxea	586560
Aranguren_dorretxea	572642
Getariako_itsasargia	103046
Ondarroa	6941
Paloma_Miranda	590824
Orendain	14585
Bilbotik_ikusgai_izan_ziren_eta_izango_diren_eguzki_eklipse_oso_eta_anularrak	586549
Itsaso-Alegia	70793
Arabako_Errioxako_kuadrilla	8049
Santa_Eufemia_eliza_(Bermeo)	120560
Lezea	82139
Uribarri_Nagusia	15693
Ergoiena_(Ataun)	69386
Durandio	119596
Vallehermoso_dorrea	142337
Kursaal_kasinoa	329056
Gurutze_Santuaren_santutxoa_(Legorreta)	64301
San_Anton_mendia_(Getaria)	92972
Putxeta	84945
Elizkaitz	72238
Gipuzkoako_kultura_ondasunak	228341
Larrotxene_kultur_etxea	578823
Auzotxikia	119924
Senekozuluako_itsasargia	102918
Etxebarriko_geltokia_(Euskotren)	376148
Oroitzapenaren_lorategia	375994
Argiñano_(Zeberio)	119353
Ibarrangelu	6896
Astigarribia	94426
Uribarri_(Bilboko_auzoa)	13194
Uzkiano	15501
Berano_Nagusi	119612
Kikunbera_etxea	54547
Foronda	15655
Txabarri_(Galdames)	77218
Olakueta	119179
Mamarigako_geltokia	99015
Lukiano	15400
Zumaiako_itsasargia	103048
Leioa	6908
Erdialdea_(Donostia)	13260
Apotzaga	54770
Marauri	57700
Monasterioguren	15686
San_Isidro_baseliza_(Errezil)	98657
Lemoako_geltokia	376455
Abatxolo	61318
Lezetxiki	50737
Muskiz	6938
Campo_de_Volantín_pasealekua	573712
Eibarko_geltokia	376288
Ramon_de_la_Sotaren_etxeak	548724
Aldekoena	61989
Kortazar	108606
Mañastegizar_baserria	116952
Amezti_(mendia)	71553
Donostia_2016_egoitza	590644
Pasai_San_Pedro	14062
San_Pedro_eliza_(Pasai_San_Pedro)	591142
Berano_Txiki	119613
Liceo_(zinema)	120305
Antso_Jakitunaren_hiribidea	590971
Ergobiko_zubia	336551
Bolunburuko_geltokia	377505
Uliako_parkea	376000
Castaños_ibaia	103992
Kalamua	80090
San_Andres_(Soraluze)	50058
Serantes	15157
Etxebarri_baserria	127227
Bermeoko_gudua	49941
Bolinkoba	117137
Lazkanotarren_jauregia	92195
Pedruzo	59482
Guardiako_udal_pilotalekua	237815
Kanpantxu	86633
Kaletxiki_(Urretxu)	517747
Gipuzkoa_plaza_(Donostia)	142302
Portugaleteko_itsasargia	103121
Erdoña	21782
Tolare_baserria	100628
Ipurua_kiroldegia	335210
Euskalduna_geltokia	376476
Almurrain	77085
Iruaritz_baserria	127233
Ataun	6341
Basaizaldea_(Lizartza)	77358
Galarreta_(Hernani)	56503
Albertia	50825
Florida_parkea	366802
Urdaibai	40425
Loiola_kultur_etxea	578769
Pedro_Arrupe_zubia	103625
Aztegieta	15624
Herriko_Plaza_(Barakaldo)	591315
Ermitabarri-Ibarra	119355
Nograro	15538
Pasai_Antxo	14058
Ocio	15840
Trapagaran_(auzoa)	60997
Soscaño	119333
Zeleta_Berri	227342
Gibelortzaga	68780
Páganos	55831
Zaramilloko_geltokia	376970
Arena_(Zierbena)	104077
Okendo_etxea	509254
Zubieta_(kirol-instalakuntzak)	147016
Sortzez_Garbiaren_eliza_(Elorrio)	59450
Tresponde	15829
Urrutia_dorretxea	119731
Lorategi-hiri_(Bilbo)	13200
Barretxe_jauregia	570805
Garrintza	77101
Zarauzko_dorrea	568122
Jauregi_(Araba)	21808
Forua	6881
Legarralde_baserria	99815
San_Migel_(Erriberagoitia)	75041
Galarrixa	68809
Urdintzuko_zubia	336504
Elejalde	143620
Mendiluze_harrespila	296035
Zimizarga	47299
Erregeen_Andre_Mariaren_eliza	397914
Valluerca	15549
Zornotza	6307
Erlabeltzeko_Puntie	72328
Villanañeko_zubia	395792
Areatzako_parkea	549329
Aiaraldea	8030
Bilbao-Parke/Guggenheim_geltokia	541216
Larrea_baserria	115537
Alde_Zaharra_(Hondarribia)	44114
Zabalgoitia_hotela	79626
Gasteizko_Santa_Maria_katedrala	61909
Cadahalso_etxea	127146
Mekoleta	21961
Erentxun	21803
Deustu	7955
Urdaiaga	119951
Monpas_lurmuturra	119378
Markonzaga	104035
Deba_(ibaia)	5874
Billa_Oka	59489
Etxarri_(Iruñerria)	92708
Masustegi	13217
Santa_Katalina_zubia	181470
Oiz_(mendia)	36040
Lubinao	15678
Orenin	66894
Poza_Lizentziatua_kalea	547017
Saibi	46435
Garbea	368509
Lendoñogoiti	82389
Aieteko_parkea	375989
Pikandita	397795
Legorreta	6490
Berrezoaga	56130
Ereñotzu	56500
Agustinak	42907
Urola_Kosta	5656
Sarriena	61983
Gaviota_gas-plataforma	366298
Donostia_Kultura	589743
Errotabarri_(Arteaga)	68445
Utxarain	68759
Kontxa	17852
Insausti_jauregia	122166
Olaberria	6494
Algortako_geltokia	99217
Galartza_(Aretxabaleta)	13076
Berriz	6869
Pariza	57706
Larragoiti_jauregia	571827
Aintzerga	70320
Trebiñu_(barrendegia)	12031
Argandoña	15616
Ernest_Lluch_kultur_etxea	578854
Ogeta_pilotalekua	57062
Euskaltzaindia	5523
Uribe_Kosta	5637
Bidania	70566
Lazkaomendi	61914
Arrabatxu	71745
Amaña	86252
Zazpi_Kaleetako_geltokia	65531
Bonberenea_etxe_okupatua	42874
Basakoetxe	119699
Gurutzetako_Unibertsitate_Ospitalea	35408
Martínez-Rivas_etxea	93681
Irungo_gudua_(1936)	95611
Gurutze_Santuaren_komentua_(Gasteiz)	548641
Campillo	84927
Belabia	95892
Buruaga	15507
Arruegi	165284
Eduardo_Dato_kalea	583852
Tecnalia	161112
Vital_eraikina	576820
Basurtuko_tunela	549405
Otogoien	15690
Plentziako_kirol-portua	238874
Buenavista_(Portugalete)	61321
Villanañe	15551
Bidaurre_baserria	101281
Delikako_ur-jauzia	90276
Saibigaingo_gudua	95263
Aginaga_(Eibar)	70608
Murumendi	64135
San_Adriango_mendi-aterpea	137016
La_Bretxa	336556
Subilla_Morillas	15794
San_Inazio_(Lemoa)	119608
Antezana	15777
Egoskozabal_baserria	101382
Arabako_Arma_museoa	226811
Gaintza	6477
Aztiomendi	77125
Akelarre_(jatetxea)	231245
Euskalerriaren_Adiskideen_Elkartea	5659
Donostiako_Arkitektura_Goi_Eskola_Teknikoa	49101
Gurutzetako_geltokia	98934
Ambasaguas	56052
Pagogan	58086
Donostiako_autobus_geltokia	376270
Labrazako_gaztelua	382969
Izartza	15562
Zudubiarte	88757
San_Vicente_zinema	115706
Lemoatx	383495
Gamiz-Fika	6886
Putzuzulo_gaztetxea	75769
Arbaizenea_jauregia	111966
Arraiz	120291
Urraki	77098
Traslaviñako_geltokia	377465
Artzalluz	70618
Egiroeta	77127
Antzizar_kiroldegia	548549
Irure_(Soraluze)	129655
San_Andres_eliza_(Eibar)	64383
Berroeta_baserria	101278
Bikirrio	429617
Lezama-Leguizamon_jauregia	564462
Mendarozketa	15515
Benta_Berri	13142
Zelaia_(Arantzazu)	119132
Martuteneko_zubia	336550
Galtzaraborda	42903
San_Nikolas_eliza_(Orio)	227353
Begoña_(auzoa)	13190
Ea_(hondartza)	17884
Itsasbegi-Busturia_geltokia	376391
Santa_Maria_eliza_(Gasteiz)	548651
Donostiako_apaiztegia	152788
Portu_jauregia	146909
Oñarte	119709
Zabalegi_(mendia)	74264
La_Iberiako_geltokia	98230
Santa_Maria_Erreginaren_parrokia_(Zarautz)	568121
Ansioko_geltokia	98937
Zarimutz	54777
Barainka	108599
Pontika	42926
Beotegi	15430
Trapaga-Causo	60996
Ortuellako_udal_pilotalekua	229788
Ondizko_Andra_Mariaren_baseliza	576764
Ziorraga	15405
Zabiel_jauregia	573287
Barriako_Santa_Maria_komentua	127122
Karanka_(Gaubea)	15533
Intxortetako_gudua	94858
Egileor	21953
San_Joan_baseliza_(Bernedo)	127251
San_Migel_(Bermeo)	68777
Hondarribiko_udaletxea	586342
La_Capitana	589951
Olabeaga	13218
Martutene	13262
Basque_Culinary_Center	295535
Markio	103850
Zirao	15489
Unibertsitatea-Eibar_geltokia	376292
Zubieta_(auzoa)	13263
Udala_(Arrasate)	13064
Zabalgunea_(Gasteiz)	43309
Andraka_(auzoa)	70571
Las_Barcenas	119317
Groseko_trinketa	53761
Trapagarango_geltokia	98283
Victoria_Eugenia_Antzokia	53484
Atxukarro	104095
Usandizaga-Peñaflorida-Amara_BHI	166163
Arrutiegia	69053
Urizaharra	7026
Zubizuri	34789
Casadevante_jauregia	586307
Londres_hotela	374319
Olimpia_zinema	115760
Berroztegieta	15625
Ganeroitz	73243
Kontxako_badia	188302
Amara_Plaza_hotela	589225
Moyuako_geltokia	65561
Zadorra	24846
Iruraitz-Gauna	7006
Ertzilla_kalea	573720
Nuarbe	70916
Meatzerreka	13068
Martindegi	56511
Arbuio	68421
Urumea	5876
Murueta	6937
Buruntza	69123
Gainlabur	70348
Elexalde_(Bedia)	68752
Meaztegi_Golf	130415
Zugaztieta	61000
Mendaroko_geltokia	376283
San_Andres_eliza_(Ibarrangelu)	225969
Pangua	57705
Osasuniturri_kalea	590537
Intxaurrondo_kultur_etxea	583406
San_Eloy_Ospitalea	46421
Bengoetxe_baserria	119804
Santa_Klara_komentua_(Tolosa)	295142
Marqués_de_Riscal_hotela	571627
Irungo_Bentak	336560
Ocharcoaga_zinema	120299
Intxaurrondoko_geltokia_(Euskotren)	376046
Larrea_(Barrundia)	15387
Beratza	100724
Askizu	70799
Bakioko_udal_pilotalekua	229760
Argomaiz	56595
Ehari-Gobeu	13097
Ibiri	119917
Britainiarren_hilerria_(Loiu)	238486
Boulevard_(Donostia)	142301
Mendoza_(Gamiz-Fika)	119584
Ipizte	71711
Zarautz	5670
Mesterika	85312
Laparmendi	72855
Andre_Mariaren_Jasokundearen_eliza_(Ordizia)	127760
Jose_Antonio_Agirre_zubia	183760
Urdulizko_geltokia	99234
Trasmosomos	386877
Berantevilla	6991
Gasteizko_Jazzaldia	64273
Lugarizko_gudua	130627
Oñati	6495
Murugain	80068
Belatxikieta	49278
Marieluts	56510
Lapitze	57339
Abando_(zinema)	115536
Bide_Onera_plaza	591321
Zubiaur_(Orozko)	100712
Ollargango_geltokia	579337
Urretxu	3534
La_Iberia_(Sestao)	104033
Uribarri_(Oñati)	52195
Amute-Kosta	44333
Ertzila_dorretxea	74389
Zaratamo	6965
Iesu_eliza	221662
Olabarrieta_(Abanto)	84943
Aita_Menni_Ospitalea	48660
Kurtzea-Lezama_geltokia	376719
Maramendi	77096
Unzaga_dorrea	22085
Mendieta_(Artziniega)	120006
Avenida_(zinema)	120292
Patrokua_jauregia	92956
Lexartza_jauregia	92952
Vall_d'Hebrongo_Olinpiar_Pabilioia	229807
San_Gregorio_(Ataun)	69377
Arkamo	69494
Abaroa_Jauregia	92955
Bekea	75702
Zaramillo	65124
San_Pedro_Atxarre	72408
Zizurkil	6511
Justizia_jauregia_(Tolosa)	573528
Olabe_(Mendata)	119633
Andre_Mariaren_Jasokundearen_eliza_(Segura)	101562
Zorrotza	13137
Plakonalde	119573
Larrea_jauregia	571761
Meñakabarrena	85314
Larrondoko_udal_pilotalekua	229782
Santa_Maria_atea	119210
Larrazabal	68449
Trenbidearen_Euskal_Museoa	204740
Sokaren_Etxea	226815
Billano	103115
Amorebieta_IV.a_pilotalekua	229756
Atxabiribil	17863
Oria	5875
Brinkola_(auzoa)	103730
Arantzazu_(Oñati)	69431
Meaka	119706
San_Tirso	42505
Zaramaga	13095
Beneditarren_monasterioa_(Lazkao)	293261
Autonomiako_geltokia	390429
Aitzorrotzeko_Gurutze_Santuaren_ermita	161727
TeleBilbao	85891
Ubillos_jauregia	568023
Mendoza_dorretxea	111782
Arama	6336
Lezama_(kirol-instalakuntzak)	225628
El_Saltillo_jauregia	140579
Zuhatzu_(Galdakao)	100474
Barakaldoko_lorategi_botanikoa	157033
Aduna	6211
Urrestilla	70918
Lekeriketa	60002
Sorginetxeko_trikuharria	292404
Gaztañaga_baserria	114944
Ugarte_(Gordexola)	369211
Andre_Mariaren_Jasokundearen_eliza_(Markina-Xemein)	112769
Albia_lorategia	335902
Bretxa_azoka	142309
Mendieta_(Lemoa)	119606
Aperribai	75674
Aizkorri-Arazko_natura_parkea	66821
Diario_Vasco	41263
Morgas	57702
Luardo_dorretxea	573296
Azpeitia	6354
Kukuarri	225921
Estavillo	64102
Aldaba_(Tolosa)	119923
Galera_uhartea	383458
Ozeta	15392
Santa_Maria_eliza_(Bermeo)	241796
Arkaitz	80039
Santa_Barbara_baseliza_(Urretxu)	123559
Emerando	49805
Hondarribiko_harresiak	120461
Arbolantxa_kalea	573704
Urkulu_(ibaia)	282784
Txopoeta	62035
Ordiziako_udaletxea	365816
Donostia	3327
Langaurrealdea	119895
Erriberabeitia	7001
Traslosheros	104073
Matxinbenta	70877
Karmengo_Gure_Amaren_eliza_(Bilbo)	547012
Otxate	59481
Gesalibar	13061
Olabarrieta_(Sopuerta)	75649
Arbatzegi	115908
Bakio_(hondartza)	17876
