Tape_guasu_7_(Paraguái)	8179
Inmigración_tekove_libanesa_Paraguáipe	3856
Paraguasu	4921
Artesanía_indígena_Paraguaipe	4251
Tape_guasu_1_(Paraguái)	8176
Kuña_Paraguái_Ára	5436
Kuña_Paraguái	5485
Ysyry_Paraguái	3317
Guarani_ñe'ẽjoaju_pypegua	3036
Cháko_Paraguái	4092
Paraguái_Retã_Ára_Sãso	5460
Paraguasu_Índiko	4922
Tetãvore_Paraguái	2874
Red_Guaraní	6521
Tape_guasu_3_(Paraguái)	8199
Tembi'u_Paraguai	9381
Santiago_(Paraguái)	4119
Eusebio_Ayala_(Paraguái)	4154
Tape_guasu_10_(Paraguái)	8190
Guarani_Ñe'ẽte_ha_Arandu_Anamandaje	2385
Ñe'ẽpoty_Guaraníme	2390
Turismo_aventura_Paraguáipe	4207
Concepción_(Paraguái)	2670
Turismo_rural_Paraguáipe	4091
Paraguasu_Árktiko	4917
Alto_Paraguái	2852
Paraguasu_Py'aguapy	4918
Kesu_Paraguái	4206
Geração_Brasil	8953
Ava_Guarani	5732
Poyvi_Paraguái	5086
Tembiejakue_Yvypóra_rekogui_Paraguáipe	7991
Santa_Rosa_(Paraguái)	4100
Guarani_Hai'ymakuaaty	2974
Tape_guasu_4_(Paraguái)	8180
Guarani	2878
Brasilia	3182
Tendota_Paraguaigua	4960
Paraguari	2710
Ferrocarril_Paraguáipe	3854
Museo_Militar_(Paraguay)	4074
Guarani_ñe'ẽjoaju_rekopegua	2680
Paraguái	1090
Guarani_ha_tupi	4580
Tape_guasu_2_(Paraguái)	8178
TEKO_PARAGUAY	9779
Pu'ae_aty_Guaraníme	2441
Ñe'ẽriregua_Guaraníme	2598
Ñe'ẽrapokuaa_Guaraníme	2431
Tetãvore_Paraguari	2871
Museo_Memoria_de_la_Ciudad_(Paraguaýpe)	3855
Colégio_Brasil	8620
Tero_Guaraníme	2443
Guarani_reko_ha_ñe'ẽ	2304
Guarani_Ñe'ẽysajakuaa	2685
Témplo_Paraguaýpegua	9353
Guarani_rekoha_Argentina-pe	5716
San_Carlos_(Paraguái)	4114
San_Salvador_(Paraguái)	4200
Ñe'ẽpuporã_Guaraníme	2442
Ta'ãnga'i_Kuatiapyre_Guaraníme	2440
Américo_Brasiliense	6982
Guarani_(viru)	6283
Pedro_Juan_Caballero_(Paraguái)	1706
Parques_nacionales_del_Chaco_paraguayo	4168
Tape_guasu_5_(Paraguái)	8520
Club_Guaraní	4078
Ñe'ẽteja_Guaraníme	2445
Guyarakuéra_réra_Guaraníme,_Tembikuaatyguápe_ha_karaiñe'ẽme	6011
Terarãngue_Guaraníme	2677
Club_River_Plate_(Paraguay)	5944
Táva_Paraguáipe	2876
Valenzuela_(Paraguái)	4118
Tekotevẽ_Tenonde_Paraguái_retã_mba'e	5645
Félix_de_Guarania	5487
Ecoturismo_y_áreas_silvestres_del_Paraguay	4141
Jajesarekóvo_Ysyry_Paraguái_rupive	3877
Paraguasu_Atlántiko	4915
Tetã_Paraguái_Momorãhéi	4909
Ysyryguasukuéra_Paraguaigua	4150
Paraguái_rembiapotee	9093
Teroja_Guaraníme	2444
Guarani_Ñe'ẽpukuaa	2595
Yguasu_(Paraguái)	4230
Ñe'ẽpykuaa_Guaraníme	2430
Mbo'ehaovusu_Tetãgua_Paraguaygua	2891
Sistema_Brasileiro_de_Televisão	8630
Tupi_ha_guarani_ñe'ẽ	4927
Avenida_Brasil	8340
Lima_(Paraguái)	4063
Ñe'ẽjoaju_Guaraníme	2679
Ñe'ẽjoajuha_Guaraníme	2596
Tape_guasu_8_(Paraguái)	8189
Fernando_de_la_Mora_(Paraguái)	3077
Sópa_Paraguái	3537
Ñe'ẽtéva_Guaraníme	2429
Ñe'ẽndýi_Guaraníme	2597
Guarani_Ñe'ẽtekuaa	2686
Paraguay	2377
