התקופה_הפרסית_בארץ_ישראל	132640
יהדות_גאלאץ	457546
החברה_ההיסטורית_הישראלית	603722
מדרחוב_קרן_קיימת_לישראל	472950
איגוד_ההתעמלות_בישראל	1018736
ישראלי_פטריוטי	962107
ממשלת_ישראל_העשרים_ושש	252630
ישראל_גרנית	907517
ישראל_פרוש	1144229
יחסי_האיחוד_האירופי-ישראל	858427
המרכז_הישראלי_לטיפול_בפסיכוטראומה	639744
ממשלת_ישראל_השלושים_וארבע	1266994
נפש_יהודי	485512
ישראל_קנוהל	192187
ארץ_ישראל_הישנה_והטובה_(אלבום)	245982
הקהילה_היהודית_ברקסינגן	819346
הכלב_היהודי	818933
ישיבת_שבות_ישראל	87031
ישראל_ברוך	1277372
קבורת_בנימין_זאב_הרצל_בישראל	1077415
ישראלי_(פירושונים)	269798
המכון_למדיניות_העם_היהודי	266352
גלריית_דגלי_ישראל	926148
ספר_יהודית	37695
המוזיאון_היהודי	883767
האקדמיה_הישראלית_לקולנוע_וטלוויזיה	163309
ישראל_חופשית	922765
אשחר_ארצישראלי	332391
בחירות_1973_לנשיאות_ישראל	513200
יחסי_אסלאם-יהדות	1027349
ממלכת_ישראל_המאוחדת	57957
עדאלה_-_המרכז_המשפטי_לזכויות_המיעוט_הערבי_בישראל	64364
בוקר_טוב_ישראל	1182196
נשיא_מדינת_ישראל	2251
יין_בארץ_ישראל	16317
יחסי_ארגנטינה-ישראל	1042618
1956_בישראל	550599
חיים_ישראל_מורגנשטרן	790728
ישראל_ריטוב	629840
ניסויי_ישראל	87647
הבונים_החופשיים_בארץ_ישראל	980965
הליגה_הישראלית_בכדורגל_חופים	680746
נוצרים_ידידי_ישראל	733857
הסכם_היסוד_בין_הכס_הקדוש_ומדינת_ישראל	768929
ירחמיאל_ישראל_יצחק_דומב	1082662
גירוש_היהודים_מפריז_(1942)	844655
תנועות_נוער_יהודיות_בשואה	230348
צבי_ישראל_טאו	27771
היהודי_הנודד_(צמח)	263099
שגרירות_בריטניה_בישראל	869256
אלי_ישראלי	36834
ספורט_בישראל	296198
האגודה_למחקר_תת-ימי_בישראל	1151225
ביקור_האפיפיור_פרנציסקוס_בישראל	1191911
יהודי_סן_ניקנדרו	378479
ישראל_פלג	593240
ישראל_פלד	362980
יחסי_דרום_אפריקה-ישראל	655013
ישראל_במשחקים_הפאראלימפיים_בייג'ינג_(2008)	574887
ביטויי_שנאה_בישראל	784046
הומור_בתרבות_היהודית	408466
המכון_הישראלי_לאנרגיה_ולסביבה	931373
המרגל_הישראלי_בדמשק	1149598
הארגון_הבינלאומי_של_עורכי_דין_ומשפטנים_יהודים	1274704
יהודית_ארנון	576255
פורום_ראשי_החברות_ובכירי_המשק_בישראל	751987
יהדות_שבדיה	152058
ישראל_אבן_נור	951266
המרכז_למורשת_יהדות_לוב	416053
האיחוד_ליהדות_רפורמית	885147
טומאה_וטהרה_בביתא_ישראל	659512
היהודים_בין_שתי_מלחמות_העולם	11013
שמורות_טבע_ימיות_בישראל	984528
רשימת_יהודים_גיבורי_ברית_המועצות,_רוסיה,_העמל_הסוציאליסטי_ובעלי_כל_שלוש_דרגות_עיטור_התהילה	1115846
המכללה_האקדמית_לישראל_ברמת_גן	1076417
יהדות_סודאן	1284402
יחסי_ישראל-קזחסטן	1073104
ישראל_פרידמן	812133
ישראל_אפרת	780964
נוסח_ארץ_ישראל	665554
ישראל_זביטי	175984
יהודית_יחזקאלי	640065
פיגוע_הירי_במוזיאון_היהודי_של_בלגיה	1192431
ישראל_קיסר	188703
יהדות_דנמרק	172188
האיגוד_הישראלי_לשחמט	6298
הצלת_יהודי_גאורגיה,_בוכרה,_איראן_ואפגניסטן_בצרפת_הכבושה	619667
דואר_ישראל	29087
ישראל_שצמן	119748
ימין_ישראל	485103
יחסי_ישראל-צ'כיה	1150313
ישראל_אחת_(יצחק_יצחקי)	258280
אסלאם_בישראל	381751
מערך_הבקרה_בחיל_האוויר_הישראלי	199922
שואת_יהודי_ליטא	951249
יהדות_אתיופיה_(פירושונים)	635131
לוחמי_חרות_ישראל	10207
העמותה_הישראלית_לקידום_החינוך_המתמטי_לכל	591486
ישראל_קפלן_(מחנך)	1080887
2012_בישראל	965504
הקרן_לחקר_ארץ_ישראל	282740
הפקת_נפט_בישראל	892361
מכון_שכטר_למדעי_היהדות	748887
מדעי_היהדות	328480
ישראל_יהושע_זינגר	92480
יהדות_סיביר	175030
ישראל_חצקביץ'	1047281
ממשלת_ישראל_השלושים_ואחת	187165
ישראל_במלחמת_יום_הכיפורים	797902
ארץ_ישראל_השלמה	101108
כבישי_ישראל	178087
הסוכנות_היהודית	18697
העם_(עיתון_ארצישראלי)	1108281
הקטקומבות_היהודיות_בוונוסה	347461
המוזיאון_היהודי_בפראג	912153
1936_בארץ_ישראל	884082
מיסי_יבוא_בישראל	1148124
ממשלת_ישראל_העשרים_ושלוש	221127
ועדת_החקירה_של_האו"ם_בנושא_עימות_ישראל-עזה_2014	1209351
סלט_ירקות_ישראלי	335312
ישראל_תפוחי	651794
מגדר_וחינוך_מבוגרים_בישראל	1166491
הביאנלה_לקרמיקה_ישראלית	618990
תור_הזהב_של_יהודי_ספרד	14816
הרביעייה_הישראלית_החדשה	891432
סטרוסטה_(יהודים)	710317
ישראל,_למה	1075361
המרכז_לטניס_בישראל_-_אזורי_עכו	1163963
המוסד_הישראלי_לתקינה_בחשבונאות	122876
ממשלת_ישראל_השתים_עשרה	368169
1942_בארץ_ישראל	883911
הקהילה_היהודית	373591
גבולות_מדינת_ישראל	249363
ממשקה_ישראל	819615
הארכיון_המרכזי_לתולדות_העם_היהודי	983322
נישואים_בין-עדתיים_בישראל	788241
1950_בישראל	486541
גאורגית_יהודית	88257
יהדות_איסטנבול	577335
חילוץ_הישראלים_מאיראן_(1979)	952051
יהודי_גרמניה_הנאצית	11965
ישראל_רייכרט	439876
מחוזות_ישראל	84246
עמותת_דיירי_הדיור_המוגן_בישראל	1120752
ממשלת_ישראל_השבע_עשרה	368559
שירות_חלוצי_לישראל	657903
פילוג_ממלכת_ישראל_המאוחדת	143740
רשימה_דמוקרטית_לערביי_ישראל	454301
יהדות_מזרח_אירופה	7844
יהדות_קפריסין	153165
שמורה_חקלאית_בישראל	1045370
קבורה_בישראל	583742
ישראל_קסטנר	18653
יחסי_ישראל-פרו	1072832
רופאים_יהודים_ברומניה	329471
יהדות_התורה	23538
עיקרי_האמונה_היהודית	12175
היהודי_הנצחי_(מחזה)	1055045
קהל_קדוש_מקווה_ישראל	1005752
הקשר_הישראלי_(תוכנית_רדיו)	1018325
עבודת_גמר_תיכונית_בישראל	1288712
ישראל_מאיר_לאו	46062
אנדרטה_לזכר_יהודי_אירופה_שנרצחו	177966
בלי_בושה_(סדרה_ישראלית)	875863
יהדות_הרי_האטלס	1141009
בחירות_1988_לנשיאות_ישראל	513370
מצוות_יישוב_ארץ_ישראל	428220
יהדות_סקוטלנד	240110
האגודה_הישראלית_לסוכרת	882305
יהודים-ערבים	239157
ישראל_פולק	57476
קרן_קימת_לישראל	3123
יחסי_אנגולה-ישראל	1144412
משבר_החלב_בישראל	1132488
אשלג_בישראל	545197
כרונולוגיית_ההתיישבות_היהודית_בארץ_ישראל_בעת_החדשה	96060
המארג_-_התוכנית_הלאומית_להערכת_מצב_הטבע_בישראל	1066850
1955_בישראל	544419
יחסי_ישראל-קטאר	1038024
יחסי_ישראל-פינלנד	1144787
ירידה_מארץ_ישראל	465741
1960_בישראל	563084
העימות_בין_ישראל_לרצועת_עזה_(מרץ_2012)	987953
ישראל_טאוב	753373
פרס_אוסקר_-_מועמדים_ישראלים	892714
המחוז_היהודי_האוטונומי	21421
הישרדות_(תוכנית_טלוויזיה_ישראלית)	459099
ישראל_באולימפיאדת_ריו_דה_ז'ניירו_(2016)	1276445
מרכז_מוסאוא_-_לזכויות_האזרחים_הערביים_בישראל	365084
כרונולוגיה_של_אזור_ארץ_ישראל	886539
בולי_ישראל	661599
תזמורת_משטרת_ישראל	748379
אנציקלופדיה_יהודית_קצרה_בלשון_הרוסית	293280
היוזמה_הישראלית_(המתווה_האזורי_לשלום)	28823
החברה_הגנאלוגית_הישראלית	1062163
יהדות_איראן	96923
מיניות_ביהדות	721815
יהדות_הודו	175253
המחתרת_היהודית_(פירושונים)	693900
מחנה_ישראל_(לוד)	338834
היסטוריה_של_הקולנוע_הישראלי:_תקופת_היישוב_ושנות_החמישים	185168
ישראל_לייבוב	530431
2010_בקולנוע_הישראלי	858820
שמאל_ישראלי_חדש	134923
בתי_ספר_לקולנוע_בישראל	158151
ישראל_בנימין_רוזוב	1067347
מספר_זהות_(ישראל)	174458
ישראל_וייס	119828
2007_בטלוויזיה_בישראל	305863
חטיבת_ביניים_בישראל	468949
ישראל_יובל	435262
איגוד_הכדוריד_הישראלי	719389
אלכסנדר_הגדול_באגדות_היהודיות	45474
יחסי_האיטי-ישראל	1203620
יהדות_ונצואלה	77286
מוזיאון_וילפריד_ישראל_לאמנות_ולידיעת_המזרח	898847
ורה_ישראלית	1229482
בית_לאומי_לעם_היהודי	690357
בתי_כנסת_עתיקים_בארץ_ישראל	26289
לנתיבות_ישראל	356246
ישראל_גורניצקי	1161360
גז_טבעי_בישראל	815634
היהדות_במוזיקה	189515
דרגות_משטרת_ישראל	453027
אראגונית_יהודית	493866
2004_בישראל	853269
פגוש_את_העיתונות_(תוכנית_טלוויזיה_ישראלית)	536320
פילוסופיה_יהודית_-_מונחים	1064690
המגבית_היהודית_המאוחדת	109760
הסמלים_הלאומיים_של_מדינת_ישראל	813970
רפאל_ישראלי	1034206
בירור_יהדות	1004438
אגודת_החרשים_בישראל	580541
ישראל_פוסט	394438
מצב_חירום_(ישראל)	166866
בנק_ערבי_ישראלי	787566
בית_יהודיוף-חפץ	463805
יחסי_ישראל-שווייץ	1141453
ממשלת_ישראל_העשרים_ושמונה	224430
הגרפוטק_הישראלי	139597
הקהילה_היהודית_באנטופול	965441
נבחרת_ישראל_בכדורמים	827291
מדע_וטכנולוגיה_בישראל	712293
פרסית_יהודית	1155615
הוועד_האולימפי_בישראל	125250
ישראל_הראל	798627
ישראל_יעקב_קליגלר	1095162
מפת_ארץ_ישראל_עם_גבול_מעוין	1139233
האגודה_הישראלית_לחומרים_ותהליכים	950257
אהבת_ישראל_בטאיוואן	963293
המועצה_הציונית_בישראל	1192273
ישראל_ברנדמן	735746
ארוחת_בוקר_ישראלית	1134382
יחסי_ישראל-ניו_זילנד	1126104
טאטו_(להקה_ישראלית)	144353
ידידי_ישראל_באירופה	743797
יהדות_אפגניסטן	142665
ארכיון_הסיפור_העממי_בישראל	716159
יהדות_יפן	139415
משטרת_ישראל	16896
אנדרטאות_מלחמת_העצמאות_בישראל	1116189
ישראל_במלחמת_ששת_הימים	829853
ערביי_ארץ_ישראל	150488
צבי_ישראל_שביד	204565
אלוהים_(יהדות)	209676
העמותה_הישראלית_להגנה_בפני_טילים	430944
הפדרציות_היהודיות_של_צפון_אמריקה	620020
שלומי_אמוני_ישראל	435117
מרית_בן_ישראל	327103
חגי_ישראל_ומועדיו	2796
ישראל_בורגנסקי	584768
האמברגו_הצרפתי_על_ישראל	887803
יהדות_רוסיה	158788
רשות_מקומית_בישראל	538686
1966_בישראל	569605
ישראל_בארי	961031
גלות_(יהדות)	35387
רחוב_היהודים	1080940
הוועד_היהודי-אמריקני	748616
ישראל_שמעון_רבינוביץ'_תאומים	877364
נחל_יהודיה	266617
יהדות_קוצ'ין	33672
יהודים_בירושלים_במאה_ה-15_וה-16	579004
בחירות_1998_לנשיאות_ישראל	513597
פרשת_שני_הישראלים_הנעדרים_ברצועת_עזה	1295526
ישראל_בורוביץ	639655
סולידריות_(תנועה_ישראלית)	933114
האגודה_לקידום_הלימודים_הקלאסיים_בישראל	723159
הקהילה_היהודית_באפינגן	817845
תפילת_נשים_ביהדות	735531
התקיפה_האווירית_בגבול_ישראל-סוריה_(ינואר_2015)	1243931
הבחירות_לנשיאות_ישראל	897925
ישראל_שטיין	1036819
ישראל_יוסף_זוין	91303
יחסי_ונצואלה-ישראל	1142543
1985_בישראל	853398
נגיד_בנק_ישראל	83697
פסיכולוגיה_יהודית	550970
המועצה_להנצחת_נשיאי_ישראל_וראשי_ממשלותיה	551662
יהדות_נסיכות_מולדובה	707155
ישראל_יעקב_יוקיל_טייטלבוים	1094611
זיכרונות_ארץ_ישראל	836349
שכר_מינימום_בישראל	1164995
התיאטרון_היהודי_בוורשה	1001931
מצבת_ישראל	8926
יהודית_הנשקה	903718
מכון_התלמוד_הישראלי_השלם	672468
היסטוריה_של_הקולנוע_הישראלי:_שנות_השישים	187925
2009_בטלוויזיה_בישראל	814400
יהדות_ברטיסלאבה	809168
יחסי_בחריין-ישראל	933547
יחסי_ישראל-רוסיה	673395
קודש_וחול_ביהדות	58365
ישראל_יצחק_רייזמן	1152224
שמורות_טבע_בישראל	11068
ארץ_ישראל_הישנה_והטובה_חלק_ה'_-_נוסטלגיה	1152593
מלונות_קיסר_פרמייר_ישראל	1180843
השכר_הממוצע_בישראל	173961
יהדות_סוריה	140826
ממשלת_ישראל_העשירית	368123
דואר_צבאי_(ישראל)	729980
המועצה_הישראלית_ליחסי_חוץ	1188840
שירות_הסדר_היהודי	1110174
בנק_דיסקונט_לישראל	182957
יהודית_תמש	638082
האיגוד_הישראלי_לארכיונאות_ולמידע	871090
אגודת_אדריכלי_הפנים_בישראל	240213
מתקפת_הטרור_במפגש_הגבולות_ישראל-מצרים-רצועת_עזה	1030273
התנגדות_יהודית_בשואה	11970
בחירות_1949_לנשיאות_ישראל	512079
מרכז_תיעוד_יהדות_צפון_אפריקה_במלחמת_העולם_השנייה	747768
תנועת_דרור-ישראל	668145
הישראלים_(תוכנית_טלוויזיה)	313484
יהודית_אורנשטיין	506211
פרעות_ביהודי_הונגריה_בשנת_1946	282680
יהדות_אלזס	578303
פרשת_ישראל_כהן	1240255
יהדות_פרו	149932
מטבעות_ארץ_ישראל	883298
יחסי_ישראל-צרפת	673142
יחסי_ישראל-נמיביה	1151149
גירוש_יהודי_אנגליה	272601
יהדות_אוסטרליה	149548
שירות_המילואים_בישראל	109146
ישראל_במשחקים_האולימפיים	336841
ישראל_ליפשיץ	382653
יהודית_שוויצר	1100498
נחשון_ישראלי	1193457
אררט_(מדינה_ליהודים)	6930
יעקב_ישראל_קניבסקי	116464
המהומות_בקרב_הפלסטינים_וערביי_ישראל_(2014)	1218879
ישראל_המאירי	1249081
לשכת_היועצים_העסקיים_בישראל	916607
חרות_ישראלי	903482
קלוב_התעופה_לישראל	65083
בית_הכנסת_בית_אל_ישראל_הצעיר	836335
עיונים_בתקומת_ישראל	900991
התחדשות_יהודית	877675
בית_הילדים_היהודים_באוסלו	1286385
בנק_אמריקאי_ישראלי	744881
רכבת_ישראל	5152
מוזיאון_יהדות_איטליה	1225513
כל_ישראל_ערבים_(ארגון)	784278
המרכז_האקדמי_הישראלי_בקהיר	734749
המחלקה_המדינית_של_הסוכנות_היהודית	611970
נבחרת_ישראל_ברוגבי	668064
יהודית_לוין	407998
יצחק_ישראלס	971102
ישראל_צפריר	1160379
גנים_בוטניים_בישראל	1132234
ישראל_בן_אמיתי	900943
אליפות_ישראל_הפתוחה_בטניס	818341
יהדות_ברית_המועצות	787485
ישראל_אדלר	699064
האגודה_הישראלית_לתקשורת	647489
התקופה_הביזנטית_בארץ_ישראל	132013
יהדות_ברזיל	199013
יהדות_ספרד_(פירושונים)	1161673
ויאוליה_(ישראל)	113151
קואליצית_היהודים_הרפובליקנים	588830
1994_בישראל	731296
יהדות_קירגיזסטן	175193
ישראל_קפלן	1080643
ישראל_חסון	166002
שנאת_ישראל_ברומא_העתיקה	28673
ישראל_פוליאקוב	189538
מעמד_האישה_ביהדות	8104
ישראל_כץ_(שר_העבודה_והרווחה)	410956
ממשלת_ישראל_השלוש_עשרה	368232
בחירת_עם_ישראל	414999
בית_הכנסת_אחדות_ישראל	412121
החברה_לחקר_יהדות_ספרד_ופזורתה	1020580
כיפה_(יהדות)	48204
הכנסייה_הארצישראלית	639882
הקאמרטה_הישראלית_ירושלים	251727
ישראלים	44639
הרובע_היהודי_בטשביץ'	587481
ישראל_אלימלך	510619
יהדות_אסטוניה	158963
תעשייה_ביטחונית_בישראל	100626
אגודת_חובבי_הפרפרים_בישראל	1179274
ערים_בישראל	113604
ישראל_סגל_(נגן)	1094235
1932_בארץ_ישראל	884260
אמצעי_אב"כ_של_חיל_ההנדסה_הישראלי	357322
ישראל_באולימפיאדת_הנכים_טוקיו_(1964)	558198
רעידת_האדמה_בארץ_ישראל_(1927)	613987
המועצה_הישראלית_לצרכנות	204483
מרים_היהודיה	410466
יעקב_ישראל_טברסקי	956059
ישראל_בצר	1198403
בני_ישראל	22490
ערוץ_החדשות_היהודי	1102858
השכלה_גבוהה_בישראל	5839
The_Voice_ישראל	969384
איגוד_האופניים_בישראל	106539
ישראל_באולימפיאדת_מקסיקו_סיטי_(1968)	558596
ישראל_זיסל_דבורץ	979276
בית_הכנסת_קהל_צור_ישראל	826229
מדיניות_רווחה_בישראל	650863
בד"ץ_שארית_ישראל	554128
ישראל_מ'_תא-שמע	132568
הקהילה_היהודית_בהיילברון	820115
הבריגדה_הארצישראלית	656504
בג"ץ_יעל_ארן_נגד_ממשלת_ישראל	1202944
יחסי_הממלכה_המאוחדת-ישראל	854996
הלויד_הימי_הארץ_ישראלי	572401
שעון_הקיץ_בישראל	902472
בנות_הזהב_(סדרת_טלוויזיה_ישראלית)	987571
יום_לציון_היציאה_והגירוש_של_היהודים_מארצות_ערב_ומאיראן	1220522
ארכיון_מכון_ז'בוטינסקי_בישראל	1060391
פמיניזם_בישראל	844468
נשים_ראשונות_בתפקידים_ציבוריים_בישראל	294150
ישראל_באולימפיאדת_בייג'ינג_(2008)	553017
יהודית_שמחונית	163820
המיליון_השביעי:_הישראלים_והשואה	1009090
דגל_צבא_הגנה_לישראל	544372
התעשייה_האווירית_לישראל	38630
הקהילה_היהודית_במושינה	839605
2004_בטלוויזיה_בישראל	393663
משק_החלב_בישראל	910781
ישראל_אייכלר	27447
יהדות_העולם_על_ביתא_ישראל:_המאה_ה-9_-_המאה_ה-15	642073
כלי_תל_אל-יהודיה	705133
העמותה_הישראלית_ללימודים_בינלאומיים	833065
אוריגמי_בישראל	1051486
המכון_הישראלי_לדמוקרטיה	410724
הישראלים_(מפלגה)	634449
תגובת_היישוב_היהודי_בארץ_ישראל_לשואה	64511
דיאלוג_עם_טריפון_היהודי	261055
יהדות_יוגוסלביה	170913
בנייה_בלתי_חוקית_בישראל	150104
ישראל_עמיקם	411626
רציונליזם_יהודי_בימי_הביניים	22731
ישראל_שומאכר	728249
יחסי_ישראל-קניה	1152619
נתיבי_הגז_הטבעי_לישראל	838293
ישראל_באולימפיאדת_מונטריאול_(1976)	557831
תולדות_ביתא_ישראל	607604
יהדות_ליברלית_(בריטניה)	1243494
מוניות_שירות_בישראל	984696
ארגון_הרוקחות_בישראל	969705
ישראל_קומט	1133700
ממשלת_ישראל_התשע_עשרה	296389
בוקר_טוב_ישראל_(תוכנית_רדיו)	1182189
יחסי_ישראל-עומאן	1141751
יהי_רצון_(יהדות)	839743
דיני_משפחה_בישראל	29333
אגודת_הפסוריאזיס_הישראלית	1214394
איסורי_כישוף_ביהדות	255541
ישראלי_(עיתון)	213088
המגזר_הציבורי_בישראל	355785
יהדות_אפטא	1018588
שואת_יהודי_לוב	669289
ישראל_גרשוני	485040
היסטוריה_של_צבא_הגנה_לישראל	421447
הקומיסריאט_הכללי_לענייני_יהודים	573075
החיילים_היהודים_בחיל_הספר_העבר-ירדני	1141802
ישראל_אשכנזי	1254054
שואת_יהודי_רומניה	235099
גורדי_שחקים_בישראל	122667
ישראל_הגר	143337
האנציקלופדיה_החדשה_לחפירות_ארכיאולוגיות_בארץ_ישראל	710923
המרכז_הערבי-יהודי_ביפו	654267
ישראל_ויליאם_ואליד	1178434
ריבית_בנק_ישראל	728792
ישראל_אליעזר_אדלר	1007535
יום_הזיכרון_ליהודי_אתיופיה_שנספו_בדרכם_לישראל	542473
יהדות_בוסניה_והרצגובינה	170980
שירות_של_להט"בים_במערכת_הביטחון_הישראלית	1166721
יהדות_סרביה	171053
ע"פ_מיכאל_פרודנטל_נגד_מדינת_ישראל	1178525
עובדים_זרים_בישראל	116707
יהדות_האיים_הקריביים	162030
משק_המים_בישראל	48702
יהדות_כותאיסי	314409
ההתאחדות_הארצית_של_היהודים_בגרמניה	1220369
ישראל_דן_טאוב	207560
אקס_פקטור_ישראל	1109270
ישראל_אהרוני_(זואולוג)	125287
כפייה_דתית_בישראל	36013
הבחירות_לרשויות_המקומיות_בישראל_(2013)	1145536
גאולת_ישראל	410654
ישראל_אפרת_(ניצב)	780963
התקפות_רקטות_פלסטיניות_על_ישראל_מרצועת_עזה	1198939
אחוז_החסימה_(ישראל)	172197
יהדות_אורדיה	710867
רשימת_אלופות_ואלופי_ישראל_בשחייה	1232259
מכון_ישראלי_לארכאולוגיה	543649
בחירות_1952_לנשיאות_ישראל	512833
מרכז_המידע_לאמנות_ישראלית	974829
מסע_הבובות_לארץ-ישראל	764284
המפלגה_הליברלית_הישראלית	83939
ממשלת_ישראל_העשרים_ושתיים	254053
יהדות_ניו_יורק	1285096
הפרויקט_הקאמרי_הישראלי	1158991
יהדות:_בין_דת_למוסר_(ספר)	22819
קבוצות_הכדורגל_הישראליות_במפעלים_האירופאיים	1026213
יהודים_ישראלים_יוצאי_אתיופיה	1012818
איספא_-_איגוד_ישראלי_לספורט_ביליארד	470465
ישראל_ברנע	674753
מחקרי_ירושלים_במחשבת_ישראל	905308
ישראל_טשרני	798080
ישראל_ברנר	1272265
קומיקס_בישראל	850942
נבחרת_ישראל_בכדורסל_נשים	629263
חנה_יהודית_לנדאו	718504
חתונה_ישראלית	817734
ישראל_ליאור	1011678
2013_בישראל	1067649
יחסי_ישראל-ספרד	943995
ישראל_פרידר	555157
אזרחות_ארץ_ישראלית	911803
הקרע_ביהדות_הונגריה	450078
יהדות_מסינה	373361
החברה_הפסיכואנליטית_בישראל	531299
המרכז_הישראלי_להעצמת_האזרח	901081
הצלת_יהודי_דנמרק	67128
יהדות_מילאנו	591039
מלחמת_היהודים	464393
ישראל_(עיתון)	1165846
חבורה_יישוב_ארץ-ישראל_על_ידי_עבודת_אדמה	306444
מחקרי_ירושלים_בפולקלור_יהודי	1182204
אליפות_ישראל_באופני_הרים	106528
אלימות_בכדורגל_הישראלי	913626
הסכסוך_הישראלי-ערבי	11544
הוועד_המרכזי_של_יהודי_פולין	956411
ישראל_רבינוביץ	1185806
ישראל_קסל	911305
ישראל_שחורי	822909
ישראל_בן_דרור	801163
ישראל_שלמה_בן-מאיר	208388
יום_זה_לישראל	930352
לקט_ישראל	468423
בין_השמשות_(יהדות)	87444
מגדיר_חדש_לצמחי_ישראל	461814
1979_בישראל	781527
האגודה_הישראלית_לאקולוגיה_ומדעי_הסביבה	761334
יחסי_ישראל-תימן	933483
סמל_צבא_הגנה_לישראל	652726
ישראל_הרשטיין	1278501
יהדות_אלג'יריה	139850
מגזרת_נייר_(יהדות)	776250
ישראל_טילן	555063
אמנות_יהודית	435868
ציוד_נע_ברכבת_ישראל	606868
המסורת_היהודית-נוצרית	1152155
הטבלת_יהודי_פורטוגל_לנצרות	340914
יהדות_ניקרגואה	175026
יהדות_רומא	301406
יהודית_דויטש-הספל	189956
ישראל_בלוך	1206805
אי-גיוס_בישראל	884887
ישראל_שרון	1130938
יהודית_תידור_באומל-שוורץ	661959
שכר_נשים_בישראל	1193831
המוזיאון_היהודי_של_בלגיה	1191935
התוכנית_לארץ_ישראל_שלאחר_כיבוש_(1941)	756330
חוק_לישראל	371066
הקול_היהודי	1000870
ישיבת_תפארת_ישראל	1289988
ישראל_חיים_קאהן	910987
1933_בארץ_ישראל	884253
טיעון_העד_(יהדות)	881291
שם_משפחה_יהודי	201814
המכון_הגיאולוגי_לישראל	435949
בצרה_(ישראל)	99046
ההתאגדות_הישראלית_לברידג'	269499
ישראל_אומן	110294
המרכז_לטניס_בישראל_-_ירושלים	1178729
יהדות_קונסרבטיבית	21497
קהיליית_המודיעין_הישראלית	124499
קרן_ישראל_לנפגעי_חוט_שדרה	846409
יהודית_בן_נתן	1280901
יהדות_ולאכיה	707154
יהודית_קוק	857874
בחירות_1951_לנשיאות_ישראל	512737
הערוץ_הישראלי	763607
חרם_על_ישראל	1100252
ישראל_שפלר	936755
יהודית_כפרי	61587
השסע_העדתי_בישראל	550788
יהדות_גורי	493116
חללי_האימפריה_הבריטית_בארץ_ישראל_במלחמת_העולם_הראשונה	446642
פורום_ניהול_הידע_בישראל	1067504
גלי_ישראל	770846
יחסי_ישראל-מקסיקו	1141521
2011_בישראל	855787
ישראל_גורלניק	1284567
נבחרת_ישראל_בכדורגל_נשים_עד_גיל_19	1233162
כתבי_יד_אבודים_בתולדות_ישראל	26128
ישראל_מהרי"ק	414334
1930_בארץ_ישראל	884337
התנועה_הרפורמית_-_יהדות_מתקדמת_בישראל	35761
מכללות_מקצועיות_בישראל	14107
אגודת_ישראל	20911
מוזיאון_המורשת_היהודית	604691
2006_בישראל	708919
איגוד_המתכננים_בישראל	864186
המאבק_בשבועונים_החרדיים_בישראל	900395
יהדות_הלניסטית	1043121
פדרציית_הקהילות_היהודיות_של_רומניה	669260
איתן_ישראלי	1215825
ספרות_ילדים_ונוער_בישראל	682401
1976_בישראל	662458
2012_בטלוויזיה_בישראל	1175078
נצח_ישראל_(פירושונים)	660268
אפריקה_ישראל_להשקעות	318045
קדמוניות_היהודים	389491
מועצת_העיתונות_בישראל	261823
מזמור_י"ט_של_מדינת_ישראל	352997
ישראלס	1215820
ישראל_משה_פרידמן	1072399
2014_בטלוויזיה_בישראל	1179059
תביעה_(משפט_בישראל)	217708
אילנה_אבן_טוב-ישראלי	1081361
בית_ישראל	302251
טיולי_ישראל_צפון	479807
ישראל_עוזרי	245341
ערוץ_דיסני_ישראל	707453
מרכז_הבנייה_הישראלי	1216765
נבחרת_ישראל_בכדורעף_נשים	951344
יהדות_שידלוב	1146467
מלכי_יהודה_וישראל	2429
הסגנון_הארץ_ישראלי	774195
ישראל_בהרב	776494
ישראלים_זוכי_פרס_נובל	1138542
ישראל_רוזן	332892
ישראל_זינגר	1062147
האופרה_הארצישראלית_העממית	1022225
חגיגות_יום_הניצחון_בארץ_ישראל	1279457
ישראל_דב_בער_מווילעדניק	918461
יהדות_קזחסטן	144316
ישראל_סגל_(שחקן)	1092573
1964_בישראל	568761
החברה_הגיאולוגית_הישראלית	308269
איגודי_הבמאים_והתסריטאים_בישראל	191016
כנסת_ישראל_(כתב_עת_תורני)	889619
ישראל_ייבין	619604
תקופת_הברונזה_המאוחרת_בארץ_ישראל	787537
נצח_ישראל_(פתח_תקווה)	933502
קונגרס_הקהילות_היהודיות_הדתיות_והארגונים_הדתיים_של_רוסיה	815888
המרכז_להבנה_ושיתוף_פעולה_יהודי-נוצרי	1197242
שואת_יהודי_צרפת	1160161
קול_ישראל_בפרסית	679221
כל_ארץ_ישראל	456951
תעשיות_נשק_לישראל	372142
לירה_ישראלית	93057
פה_ושם_בארץ_ישראל	903692
מרכז_היהודים_(רומניה)	239015
יהדות_מסורתית	290887
שיעור_התעסוקה_בישראל	972435
דור_אלון_אנרגיה_בישראל_(1988)	1132557
ישראל_גוכברג	851547
ההתאחדות_האנגלו-יהודית	775459
השאלה_היהודית_(פירושונים)	587232
יהדות_מולדובה	142576
ממשלת_ישראל_העשרים_וארבע	221128
אליפות_ישראל_בטניס	316236
אמנציפציה_ליהודים	12417
היסטוריה_של_רכבת_ישראל	555543
נפוליאון_והיהודים	453329
בני_ערובה_יהודים_ברומניה_של_אנטונסקו	630708
הצוענים_בישראל	1270857
עקיבא_ישראל_ורטהיימר	1131564
האגודה_לזכויות_החולה_בישראל	489029
תיירות_צליינית_לארץ_ישראל	475008
ממלכת_ישראל	48316
הריכוזיות_במשק_הישראלי	928523
יחסי_ישראל-ניז'ר	1151077
יהודית_הנדל	141107
יחסי_אזרבייג'ן-ישראל	1217322
שגרירות_ישראל_במוסקבה	933957
המס_היהודי	288218
יהדות_הפיליפינים	627617
יהודי_(דמות_מקראית)	1192236
החברה_לחקר_התרבות_הערבית-היהודית_של_ימי_הביניים	1023783
פרוטה_(מטבע_ישראלי)	42827
יהדות_סופיה	925333
המוזיאון_היהודי_ובית_הכנסת_באושווינצ'ים	1124570
דלות_החומר_כאיכות_באמנות_הישראלית	400807
1996_בישראל	853239
הפדרציה_העולמית_של_יהדות_טוניסיה_בישראל	1040119
ישראל_אבא_ציטרון	425148
רזיה_ישראלי	1142731
ישראל_צווייגנבאום	1031363
היהודי_הנצחי_(סרט,_1940)	211636
יהודית_שילת	1159149
שידור_רדיו_בישראל	5016
1948_בישראל	417825
ועד_ההצלה_של_הסוכנות_היהודית	229983
ישראל_הרשברג	862627
ישראל_משה_חזן	1048396
ישראל_אלנקאווה	961825
יהודית_רותם	645506
טרור_יהודי_בישראל	5985
פשיעה_חקלאית_בישראל	318289
ישראל_גרודנר	921656
היהודייה	654739
יהדות_קרוליינה_הצפונית	162481
יצחק_בן_יוסף_הישראלי	482685
יהודים_וספורט	559385
ישראליטול_רומן	813206
השמדת_יהודי_טיקטין	234294
עובדים_פלסטינים_בישראל	1039823
היחידה_האווירית_של_משטרת_ישראל	1214838
עיתונות_מפלגתית_בישראל	696646
משבר_בני_הערובה_בשגרירות_ישראל_בבנגקוק_(1972)	958185
קברי_צדיקים_ביהדות	314584
עיטורי_נשיא_מדינת_ישראל	999636
בית_הכנסת_שלום_על_ישראל	170397
לוף_ארצישראלי	176835
יהדות_מלטה	153173
קצבת_ילדים_(ישראל)	449911
יהדות_רפורמית_(פירושונים)	646435
יהודי_ההרים	138944
הקונסיסטוריה_היהודית_של_וסטפליה	680103
ביתא_ישראל_(מינוח)	510403
ישראל_סדן_(ראש_עירייה)	391130
תקיפת_שגרירות_ישראל_במצרים_(2011)	958136
בניין_הטלוויזיה_הישראלית	1100456
התאחדות_הארגונים_והקהילות_היהודיות_של_אוקראינה	839228
1988_בישראל	853255
ישראל_בנימין_לבנר	1017944
יהדות_סוחומי	488676
יחסי_גרמניה-ישראל	394515
היסטוריה_של_חיל_ההנדסה_הישראלי	73077
הפרס_הישראלי_לביקורת_התקשורת_ע"ש_אברמוביץ'	754023
יהודית_קרפ	587691
הטלוויזיה_החינוכית_הישראלית	2782
ישראל_זאב_גוסטמן	239714
מים_בישראל	522
הקרן_החדשה_לישראל	305168
בנק_פועלי_אגודת_ישראל	590034
המרכז_לטניס_בישראל_-_טבריה	1164133
אהבת_ישראל	604687
התאחדות_הצלמים_המקצועיים_בארץ-ישראל	926050
הסכם_ישראל-לבנון_1983	888224
בית_הכנסת_נידחי_ישראל	986654
יהדות_טרנסילבניה	707156
ישראל_אריה_גרשטנקורן	1072970
ישראל_יוסף_לאו	1089096
נבחרת_ארץ_ישראל_בכדורגל	931349
חוק_יסוד:_מקרקעי_ישראל	212431
נוער_מוזיקלי_בישראל	883281
תחבורה_בישראל	4143
הצעות_להקמת_מדינה_יהודית_חדשה_כמחאה	668271
עיור_בישראל	680124
רשת_ישראל_הישנה	164493
מפקדי_אוכלוסין_בישראל	610425
צ'יף_יישומים_ישראל	344840
מצעד_ההצדעה_לישראל	1292694
השאלה_היהודית	1126532
האסלאמיזציה_של_ארץ_ישראל	876905
יהדות_ליבורנו	321359
וידאו_ארט_בישראל	883937
יהדות_צ'כיה	175148
יהודית_גולן	1193933
ישראל_(פירושונים)	709568
מערכת_הביטחון_הישראלית	11461
1929_בארץ_ישראל	884386
הארגון_לחקלאות_ביולוגית_אורגנית_בישראל	893351
ישראל_מאיר_לוינגר	919575
שדולת_הנשים_בישראל	358262
יהדות_אנקונה	707883
חוק_להגנת_הספרות_והסופרים_בישראל	1128097
מדריך_ארץ_ישראל	455423
ישראל_יצחק_קאליש	337327
מוזיאון_ארץ_ישראל	204478
אלון_רבוע_כחול_ישראל	1252767
1924_בארץ_ישראל	885008
תמרורים_בישראל	683131
ישראל_פלדי	110658
נבחרת_ישראל_בבייסבול	1040899
תיאטרון_האימפרוב_-_הבית_הישראלי_לאימפרוביזציה	1203603
הרכבת_בארץ_ישראל_במלחמת_העולם_הראשונה	446254
ישראל_אלירז	236523
ישראל_שוחט	137594
בן_אישה_ישראלית	1190950
המדיניות_הכלכלית_החדשה_(ישראל_1952)	82890
נשר_מפעלי_מלט_ישראליים	269952
הפיגוע_בשגרירות_ישראל_בארגנטינה	559478
ישראל_רוקח_(נדבן)	1007515
יהדות_העולם_על_ביתא_ישראל:_המאה_ה-16_-_המאה_ה-18	646330
ישראל_יהושע_מקוטנא	432149
המגדל_הישראלי	225851
ישראלים\פעולה\סקס	217278
בתי_המשפט_בישראל	29324
אורט_ישראל	514810
הרבנות_הראשית_לישראל	39309
טאקוונדו_בישראל	681055
ניר_ישראל	100261
יהדות_בולגריה	69331
המרכז_לאמנות_יהודית	1281469
אמנות_חזותית_בישראל	143422
ישראל_והפצצה	1056053
המרכז_לטניס_בישראל_-_רמת_השרון	1140574
1934_בארץ_ישראל	884247
אלה_(מלך_ישראל)	28857
הממשל_הצבאי_על_ערביי_ישראל	81800
מכת_הארבה_בארץ_ישראל_(1915)	1087487
חברת_החשמל_לישראל	82435
מוזיאון_היהדות_והסובלנות	1055555
ספורט_מוטורי_בישראל	1061704
התאחדות_בולאי_ישראל	1239288
תנועת_הצופים_היהודיים_בצרפת	295981
רמת_ישראל	650704
יחסי_ישראל-מלזיה	1144763
נבחרת_ישראל_בכדורעף	973420
התזמורת_הקאמרית_הישראלית	161121
נבחרת_ישראל	58519
ציוויליזציה_יהודית	672215
לימוד_נהיגה_בישראל	191389
טלוויזיה_בישראל	1201367
יהדות_ספרד	12339
החברה_להחזקת_המקומות_ההיסטוריים_בארץ_ישראל	988680
2007_בישראל	853113
יהודים	274511
שמעון_ישראל_פוזן	968576
ישראל_בנציוני	663993
הצוות_האווירובטי_של_חיל_האוויר_הישראלי	926139
היישוב_היהודי_בחברון	584854
רשימת_סרטי_קולנוע_ישראליים	1018830
מדען_ראשי_(ממשלת_ישראל)	379879
יחסי_אלג'יריה-ישראל	933504
יהדות_טביליסי	493160
חוק_בנק_ישראל	783153
HOT_בידור_ישראלי	203587
התיאטרון_היהודי_הממלכתי_בבוקרשט	1126610
יום_הזיכרון_לחללי_מערכות_ישראל	10580
ישראל_פרידלנדר	787380
בוסניאקים_בארץ_ישראל	1269297
מיסוי_בישראל	1198430
תעשיות_מלח_לישראל	194838
בתי_הספר_של_בית_ישראל	1139732
אהבת_ישראל_(מצווה)	803830
שלג_1950_בישראל	1070121
היסטוריה_של_המחשוב_בישראל	354310
יהדות_אתיופיה	35100
יום_ההוקרה_לפצועי_מערכות_ישראל	1246995
מרכז_זלמן_שזר_לחקר_תולדות_העם_היהודי	603384
אתרים_צלבניים_בארץ_ישראל	195293
נישואי_תערובת_ביהדות	1173182
מסע_ישראלי	817919
יהדות_גאורגיה	67202
רות_בן-ישראל	109841
התקיפה_הישראלית_בסודאן_(2009)	703148
1940_בארץ_ישראל	883981
אוצרות_יהודיים	1088999
זמן_יהודי_חדש	639324
יחסי_ישראל-נורבגיה	1144264
מכירת_ספרים_בישראל	240713
הסתדרות_פועלי_אגודת_ישראל	6446
מרכז_היהודים_(סלובקיה)	34046
יהדות_קלוז'	706233
פרס_התיאטרון_הישראלי	505690
יהדות_פלבן	836068
המפקח_הכללי_של_משטרת_ישראל	16897
נגישות_בישראל	679793
מוטיב_יהודי	882925
חוצה_ישראל_(תוכנית_טלוויזיה)	164272
ישראל_אליהו_וינטרוב	899771
שביל_ישראל_לאופניים	1110105
בנק_החקלאות_לישראל	1186458
2006_בטלוויזיה_בישראל	393652
האנסמבל_הקולי_הישראלי	898947
יחסי_ישראל-ערב_הסעודית	1035393
איגוד_הקומפוזיטורים_בישראל	1189585
ישראל_גור-אריה	1192334
מתקפת_הטרור_בדרום_ישראל_(2011)	925684
צי_הסוחר_הישראלי	572995
המרכז_הישראלי_לקידום_מדעי_המתמטיקה	255189
פולמוסים_בין_היהדות_הרבנית_ליהדות_הקראית	417767
יהודים_ושחמט	553085
סמלים_ואותות_בחיל_הים_הישראלי	1187969
ההסתדרות_הרפואית_בישראל	362668
ישראל_הצעיר	197637
ישראל_צינברג	1229672
יחסי_ישראל-רואנדה	1195939
הניסיון_הישראלי_הראשון_לכיבוש_החרמון_במלחמת_יום_הכיפורים	994831
ישראל_אבן-זהב	798906
מוזיקה_קלאסית_ישראלית	113091
סגולה_(יהדות)	798464
התנצרות_יהודים_ברומניה_בתקופת_השואה	1228781
התקופה_הישראלית	560636
יהדות_סלובקיה	172163
אגודת_התעופה_הכללית_בישראל	1054155
ישראל_(סדרת_טלוויזיה)	1186925
ישראלים_זוכי_פרסים_בינלאומיים	110446
הרגימנט_הארץ_ישראלי	826169
יהדות_ארגנטינה	64769
אתר_הנצחה_ממלכתי_בישראל	566401
ירחמיאל_ישראל_יצחק_דנציגר	1039133
תחבורה_ציבורית_בישראל	589553
כיבוש_קישינב_והפרעות_ביהודיה_(1941)	1232284
מדינת_היהודים	36493
הקרן_הלאומית_למדע_(ישראל)	496225
הסברה_ישראלית	1029503
להט"ב_ויהדות	604396
היהודי_ממלטה	362339
ישראל_סגל	180441
המוזיאון_הישראלי_לקריקטורה_ולקומיקס	481479
תוכנית_חיסכון_(תוכנית_טלוויזיה_ישראלית)	1144561
הקהילה_היהודית_בסוצ'אבה	838746
שחמט_בישראל	103386
ישראל_אריאל	228090
יחסי_ישראל-מיאנמר	530045
המערך_לאחדות_פועלי_ארץ_ישראל	195028
יוסף_ישראלס	81145
1927_בארץ_ישראל	884678
הומופוביה_בישראל	708883
יהדות_אזרבייג'ן	138936
מוזיאון_הלוחם_היהודי_במלחמת_העולם_השנייה	1015718
ישראל_באולימפיאדת_אטלנטה_(1996)	557181
שירת_הקודש_של_ביתא_ישראל	897384
שואת_יהודי_צפון_טרנסילבניה	272269
המוזיאון_לתולדות_המחשב_האישי_בישראל	1027164
ויסט_ישראלי	544818
יחסי_ישראל-לבנון	933935
בחירות_2007_לנשיאות_ישראל	514155
יהדות_ג'רבה	564713
התאחדות_התימנים_בישראל	89606
יחסי_אורוגוואי-ישראל	1072652
אברהם_ישראל_משה_סלומון	817941
התאחדות_נשים_עבריות_לשיווי_זכויות_בארץ_ישראל	940980
מינהל_מקרקעי_ישראל	46541
מכללות_אקדמיות_בישראל	192364
ארץ_ישראל_הישנה_והטובה_חלק_ב'	254572
ינאי_ישראלי	410049
המועצה_הלאומית_להתנדבות_בישראל	418269
בחירות_2014_לנשיאות_ישראל	1163220
ישראל_יפה	152694
המרכז_היהודי_במינכן	783917
1997_בישראל	853252
ישראל_ורדיגר	885732
משפט_חוקתי_בישראל	1151031
מוזיקה_יהודית	930056
שואת_יהודי_פולין	11966
ישראל_לוויטס	190637
גנים_לאומיים_בישראל	169213
מרכז_פוליטי_בישראל	504835
יהדות_בריטניה	146451
רשת_גני_ילדים_של_אגודת_ישראל	1110417
בית_בד_בארץ_ישראל	970737
ישראל_ברונא	645362
לשכת_מנהלי_החשבונות_בישראל	1229593
ג'ורדאש_ישראל	1233630
כוונה_(יהדות)	809988
מרכז_היהודים	1233739
1918_בארץ_ישראל	886545
יהדות_אסטי	359223
אור_ישראלי	668368
תקנון_היהודים_ברומניה	202756
המטבח_הישראלי	190109
ממשלת_ישראל_השנייה	209600
יהדות_אירלנד	36876
פרס_קרן_מנדל_ואווה_פונדיק_לאמנות_ישראלית	1101019
מחשבת_ישראל	30210
שלמה_ישראלי_(רס"ר)	415527
הצבא_היהודי	1060976
ממשלת_ישראל_הראשונה	209549
התאחדות_המלאכה_והתעשייה_בישראל	651025
ישראל_מאיר_הכהן	35778
ישראל_דב_אודסר	48391
הוועד_הישראלי_למען_יהודי_אתיופיה	1155746
האיגוד_העולמי_ליהדות_מתקדמת	651706
המרכז_היהודי_ערבי_לפיתוח_כלכלי	464581
ענישה_קולקטיבית_ביהדות	1213114
אדריכלות_ישראלית	208744
הרובע_היהודי_במלחמת_העצמאות	83178
יהדות_כורדיסטן	107785
כדורסל_בישראל	36763
כנסת_ישראל_(אוניית_מעפילים)	553781
ישראל_גויכברג	150633
חוות_חקלאיות_בארץ_ישראל	556754
חיים_ישראלי	176660
יחסי_ישראל-מרוקו	1151082
הוועד_היהודי_האנטי-פשיסטי	119338
המכון_למוסיקה_ישראלית	414537
הקונסיסטוריה_המרכזית_של_יהודי_צרפת	1145572
ועדת_המעקב_העליונה_של_הציבור_הערבי_בישראל	76136
בני_ישראל_(הודו)	33479
החברה_הלונדונית_להפצת_הנצרות_בקרב_היהודים	599825
המטבח_היהודי	10566
ישראל_רנד	844942
אבלות_(יהדות)	13444
פועלי_אגודת_ישראל	24018
הקומיסריון_לענייני_יהודים	1277531
חדשות_ישראל	457686
קבורת_אפר_יהודי_אוסטריה_בירושלים_(1949)	352557
יהדות_קראית	22200
המרכז_היהודי_הלאומי_לרפואה_ולמחקר	585266
בית_המדרש_לרבנים_ליהדות_מתחדשת	347087
יהדות_אלבניה	107661
הנציגות_הארצית_של_יהודי_גרמניה	939317
איגוד_הקהילות_היהודיות_בהולנד	722907
המכללה_האקדמית_הערבית_לחינוך_בישראל_-_חיפה	746694
יהדות_נאפולי	490417
ישראל_לוטן	306260
ארץ_ישראל_הישנה_והטובה_חלק_ג'	254579
ישראל_איסרלן	621738
פוליטיקה_של_ישראל	4927
ארץ-ישראל:_ספר-המסעות	648243
1980_בישראל	792854
כלי_טיס_בלתי_מאוישים_בישראל	1160162
ואני_תפילתי:_סידור_ישראלי	1142010
כתבי_יד_מאוירים_בפרסית_יהודית	1282352
הקיבוץ,_גלריה_לאמנות_ישראלית	511557
צער_בעלי_חיים_(יהדות)	203146
יהודית_המנדינגר	960748
המפלגה_היהודית_הרומנית	471597
הקונגרס_העולמי_למדעי_היהדות	1125908
יהדות_קובה	162411
כובע_היהודים	272251
ישראל_ראש	1130849
ממשלת_ישראל_האחת_עשרה	368144
1946_בארץ_ישראל	883789
הלקסיקון_היהודי	998433
כדורגלן_העונה_בישראל	654594
נבחרת_ישראל_בכדורגל_עד_גיל_19	363459
מקוה_ישראל	71614
יהודי_ונציה_וקשרי_המסחר_עם_האימפריה_העות'מאנית	577698
נבחרת_ישראל_בכדורגל_עד_גיל_17	701358
אופוזיציה_קומוניסטית_ישראלית	138362
דגל_המחוז_היהודי_האוטונומי	612569
ישיבת_בית_ישראל_ודמשק_אליעזר	988144
טלגרף_(עיתון_ישראלי)	1021082
ביקור_האפיפיור_בנדיקטוס_השישה_עשר_בישראל	670572
פורום_החוסכים_לפנסיה_בישראל	1034466
הצבעים_הלאומיים_של_ישראל	685310
הישראלים	313509
לשכת_סוכני_ביטוח_בישראל	1240607
האקדמיה_הלאומית_הישראלית_למדעים	281715
ישראל_רובינשטיין	1207519
האנדרטה_לזכר_החיילים_היהודים_בצבא_האדום_במלחמת_העולם_השנייה	943271
יחסי_OECD-ישראל	955085
הסיעה_המקסימליסטית_בארץ_ישראל	1229146
הנצחת_חללי_מערכות_ישראל	314593
מפלגת_הפועלים_היהודית_הבלתי-תלויה	736719
קול_ישראל_(פירושונים)	1001286
יהדות_ביזנטיון	805846
ישראל_רוקח	84052
משמרות_זה"ב_בישראל	582558
ישראל,_קיסר_אקסום	543729
יהדות_בלגיה	172179
מדליית_עשור_לחרות_ישראל	1142449
ישראל_באולימפיאדת_לונדון_(2012)	883196
יחסי_ישראל-קנדה	1151601
יהודית_הררי	652723
הטקטיקה_והאסטרטגיה_הצלבנית_בארץ_ישראל	357086
ישראל_זוהר	1014971
ישראל_נג'ארה	117535
פשע_מאורגן_בישראל	790474
בלנית_(יהדות)	1274429
שואת_יהודי_איטליה	803584
התאחדות_הסטודנטים_בישראל	558980
היהודי_בקוצים	774742
ישראל_רוגוזין	20820
יהדות_צפון_תימן	1032942
פרס_האקדמיה_הישראלית_לטלוויזיה	183246
רשות_מקרקעי_ישראל	925009
יהדות_בתומי	493158
יהדות_התפוצות	150782
התפצלות_הנצרות_מתוך_היהדות	942665
המרכז_הלאומי_לקולנוע_יהודי	892308
האגודה_הישראלית_לאסטרונומיה	285490
יהודית_פריינד	1017369
ביקורי_נשיאי_צרפת_בישראל	1148700
רישום_זכויות_במקרקעין_בישראל	179071
נכות_בישראל	116826
ישראל_יצחק	698888
האיגוד_הישראלי_לביקורת_ואבטחת_מערכות_מידע	608361
ישראל_רוזנר	675259
אריאל:_רבעון_לאמנויות_ולמדע_בישראל	1060805
מעייני_ישראל	1223948
יהדות_האיטי	773430
פדיון_יהודי_רומניה	1205117
יחסי_אוסטריה-ישראל	1138716
פרדס_(יהדות)	58504
ישראל_ניסן_קרק	765685
ישראל_וייסברם	1024452
ישראל_חריף_מסטנוב	959021
בן-ציון_ישראלי	628393
בית_הקברות_היהודי_בווייסנזה	1084175
ישיבת_יחל_ישראל	1168864
מוזיקה_יהודית_אמנותית	1176882
בית_כנסת_גאולת_ישראל	802729
סחר_בנשים_בישראל	679289
ישראל_שלום_יוסף_פרידמן	1089733
ארץ_ישראל_בעת_העתיקה	70066
ויסות_שערי_ניירות_הערך_קודם_למשבר_מניות_הבנקים_בישראל	308868
רשות_המסים_בישראל	278023
נעים_זמירות_ישראל	1111456
האיגוד_הישראלי_לפסיכותרפיה	651982
אידי_ישראלוביץ'	823843
ספרות_ישראלית	368077
שואת_יהודי_הונגריה	602578
אהרון_קליין_(עיתונאי_ישראלי)	758686
חיל_האוויר_הישראלי_במלחמת_יום_הכיפורים	821896
אגודת_המתרגמים_בישראל	1229348
יציאה_מארץ_ישראל_(הלכה)	1029585
אתר_מורשת_לאומית_(ישראל)	956408
יחסי_ישראל-פפואה_גינאה_החדשה	1268417
ישראל_טוויטו	241282
2013_בטלוויזיה_בישראל	1157758
ת.מ.י.ר_-_תאגיד_מחזור_יצרנים_בישראל	1031468
גזענות_בישראל	599996
ישיבת_קלצק_(ארץ_ישראל)	1174554
האגודה_הישראלית_למדעי_התעופה_והחלל	368078
בחירות_1957_לנשיאות_ישראל	512844
ישראל_באולימפיאדת_מלבורן_(1956)	559118
ראשי_שנים_ביהדות	977499
ישראל_הילמן	1108085
ישראל_גל	1281107
ארגוני_ימין_בישראל	50358
כפייה_אנטי-דתית_בישראל	709011
שיחות_ישראל-סוריה_(2008)	535668
אמונה_באלוהים_(יהדות)	191842
האיגוד_הבינלאומי_של_חברות_לגנאלוגיה_יהודית	1062199
קליטה_(עלייה_לארץ_ישראל)	1118326
מורה_דרך_בארץ_ישראל_וסוריה	456222
ישראל_אמיר_ברלינסקי	723891
יהדות_שרעב	400138
מועצת_הארגונים_היהודיים_העולמיים	775540
אוטובוסים_בישראל	842657
נבחרת_ישראל_בכדורגל	58367
אפריקה_ישראל_נכסים	1254113
יחסי_ישראל-קפריסין	1147670
עזרת_ישראל_(שכונה)	921134
מועצה_אזורית_בישראל	13638
יהדות_אינדונזיה	103676
תפעול_רכבות_ברכבת_ישראל	553542
ישראל_גורי	192793
ישראל_ריבק	1056282
ישראל_באולימפיאדת_הנכים_ארנהם_(1980)	1179198
תקיפת_מטוס_טופולב_עיראקי_בישראל	880746
ישראל_רול_(ארכאולוג)	712654
תוכנית_החומש_של_רכבת_ישראל	372587
ישראל_באולימפיאדת_טורינו_(2006)	1244329
פיסול_ישראלי	554250
הקואליציה_הישראלית_לטראומה	859382
ישראל_פרידמן_מצ'ורטקוב	792900
עלייה_לארץ_ישראל	13865
ישראל_שטרן	1287750
ארץ_ישראל_שלנו	617878
ישראל_באולימפיאדת_ברצלונה_(1992)	556772
1919_בארץ_ישראל	886544
קדרות_ביתא_ישראל	894915
יהדות_רפורמית_(בריטניה)	725796
איגוד_ישראלי_לבקרה_אוטומטית	996146
הנבואה_במסורת_ישראל	156534
שגריר_ישראל_באומות_המאוחדות	680010
במדינת_היהודים	1289677
הפיגוע_במרכול_היהודי_בפריז	1242375
חוק_האזרחות_(ישראל)	54529
ישראל_באולימפיאדת_סידני_(2000)	557092
1991_בישראל	812162
אות_השירות_בישראל	452281
הישראלי_המכוער	449972
חוק_למניעת_פגיעה_במדינת_ישראל_באמצעות_חרם	913277
ישראל_טייבר	966744
רפואה_מסורתית_של_יוצאי_אתיופיה_בישראל	1092687
יהודי_חסות	962103
ישראל_הורוביץ	496838
מדינת_היהודים_(אוניית_מעפילים)	336864
יהודית_פולגאר	18687
יהדות_סרדיניה	153145
קול_ישראל_בערבית	312307
יהדות_קנדה	65718
ישראל_הימן	439069
בחירות_2000_לנשיאות_ישראל	514485
אחרי_הצלצול_(סדרת_טלוויזיה_ישראלית)	1030667
מלכות_ישראל	15979
אמוני_ישראל	934820
משבר_מניות_הבנקים_(ישראל,_1983)	96898
ועד_ההצלה_של_יהודי_אתיופיה_במחנות_הפליטים_בסודאן	1101205
החורף_בישראל	1109681
חיל_האוויר_הישראלי_במלחמת_העצמאות	63515
ט.ד.י_-_טראומה_ודיסוציאציה_ישראל	1128780
קו-אופ_ישראל	1141957
1998_בישראל	853250
יחסי_ישראל-פלאו	1073069
מקרקעין_בישראל	178012
היהודי_האחרון	1226599
חזירת_יהודים	224439
חברת_ספנות_ארץ-ישראלית	572476
ספונות:_ספר_שנה_לחקר_קהילות_ישראל_במזרח	980784
ספרות_האגדה_היהודית	634991
התנועה_המסורתית_בישראל	537823
תנועות_הנוער_היהודיות_הציוניות	1901
1947_בארץ_ישראל	883560
בית_המדרש_היהודי_החופשי	769698
נביא_(ביתא_ישראל)	1062963
היסטוריה_של_עם_ישראל	1900
קליטת_פליטי_וייטנאם_בישראל	467785
2005_בישראל	853267
מדיניות_הגרעין_של_ישראל	13234
רוק_ישראלי	157745
קורבן_(יהדות)	44443
בחירות_1978_לנשיאות_ישראל	513218
ישראל_פריצקר	978667
ישראל_קולס	876436
ישראל_באולימפיאדת_לוס_אנג'לס_(1984)	558094
ממשלת_ישראל_העשרים_ותשע	224774
תלתן_ארצישראלי	947220
אגדה_(יהדות)	20876
ישראל_קולת	996063
מוצא_ביתא_ישראל	651932
רינת_ישראל	118249
דגל_חיל_הים_הישראלי	657849
המרכז_הרפואי_בית_ישראל	831219
יהודית_מונטיפיורי	1251342
ארכיון_אדריכלות_ישראל	929681
1945_בארץ_ישראל	883792
ישראל_אנטון_צולי	705868
המרכז_הישראלי_לנפגעי_כתות	778468
יהדות_ניו_זילנד	107790
ארגון_הסטודנטים_בישראל	258632
לימודי_משפטים_בישראל	944219
פמיניזם_דתי_(יהדות)	28910
הערוץ_היהודי	897621
יחסי_דנמרק-ישראל	1139762
המרכז_לטניס_בישראל_-_אשקלון	1217425
ישראל_סחרוב	862310
קולוניאליזם_בארץ_ישראל_במאה_ה-19	488683
הסתדרות_הפסיכולוגים_בישראל	800795
שלמה_ישראלי_(מוזיקולוג)	601471
המועצה_היהודית_הדמוקרטית_הלאומית	588862
נתיב_המורשת_היהודית_בסלובקיה	800061
שיטת_הממשל_ביהדות	99527
1971_בישראל	572262
ישראל_הורוביץ_(מעליץ)	1094609
מקדשי_ממלכת_ישראל	222423
תפיסת_הביטחון_של_ישראל	94160
המרכז_לטניס_בישראל	823124
תפילה_(יהדות)	132228
העמותה_לגיימינג_תחרותי_בישראל	1139714
דגל_צי_הסוחר_הישראלי	657610
יהדות_בוליביה	171778
נדודי_בני_ישראל_במדבר	723296
אתר_ההנצחה_לזכר_חללי_הרובע_היהודי_בירושלים	1275504
ישראל_כץ	410820
מועדון_המטפסים_הישראלי	619464
ממשלת_ישראל_השש_עשרה	368539
ישראל_חנוקוגלו	699713
הקולנוע_הישראלי:_העשור_הראשון_של_המאה_ה-21	812547
מכון_היהלומים_הישראלי	602958
רמת_החיים_בישראל	572816
איקא_ישראלי	686486
למען_נדחי_ישראל	1139800
ישראל_אטיאס	1221877
אגודת_מועדוני_מודל_האו"ם_בישראל	1055314
רוטרי_ישראל	272600
פסטיבל_ישראל	359637
סיקור_ספורט_ברדיו_הישראלי	915039
דת_בישראל	365919
העיר_ללא_יהודים	999170
הטבח_ביהודי_יורק	773047
יחסי_ישראל-סינגפור	323222
ישראל_בעליה	30463
הספרייה_היהודית_המקוונת	590627
מפלגת_העבודה_הישראלית	11664
גשר_הידידות_(ישראל)	156163
החברה_לפתוח_התעשיה_בישראל	728873
הסתננות_מאפריקה_לישראל	814262
יהדות_רוסה	836127
מעמד_האישה_בישראל	962887
יהדות_משיחית	32511
טחנת_קמח_עתיקה_בארץ_ישראל	986926
הכשרת_הישוב_בישראל_-_אנרגיה	1019146
בארץ_ישראל_(כתב_עת)	1110415
פרפרים_מוגנים_בישראל	871014
יחסי_ישראל-נפאל	1155753
ישראלית_שפה_יפה	648992
ישו_(יהדות)	556419
עמותת_הל"ב_למלחמה_בעוני_בישראל	1150101
צבי_ארץ_ישראלי	68625
הסקר_הארכאולוגי_של_ישראל	1277738
חיל_האוויר_הישראלי_הווירטואלי	1066579
ישראל_ביתנו	30587
ישראל_שחק	623815
חברת_נמלי_ישראל	1045669
האגודה_הישראלית_למשפט_פרטי	1100594
ישראל_גלפנד	280559
החברה_לחקירת_ארץ-ישראל_ועתיקותיה	219429
יהדות_נורבגיה	107938
היהודי_זיס	147320
יהדות_סלובניה	170926
1939_בארץ_ישראל	884063
ארגוני_שמאל_בישראל	50367
הקונגרס_היהודי_העולמי	243214
חזית_ארץ_ישראל	918196
קרן_הקולנוע_הישראלי	148890
שימור_מסורות_כשרות_בעלי_חיים_ביהדות	1063971
סטודנטים_תומכי_ישראל	1284791
ישראל_רדומסקי	559397
יהדות_צרפת	70208
מוזיאון_יהודים_בלטביה	1204181
שפת_הסימנים_של_יהודי_אלג'יריה	1139644
יחסי_ישראל-סרביה	1142821
האגודה_הגרמנית_לחקר_ארץ_ישראל	655149
ישראל_חבס	997438
יהודית_בובר_אגסי	780299
לשכת_שמאי_מקרקעין_בישראל	292610
יהדות_קרקוב	412
שינוי_שיטת_הבחירות_בישראל	564119
Yes_stars_ישראלי	82089
ישראל_דוריון	168279
יחסי_זימבבואה-ישראל	1143226
יהודי_בלמונטה	639276
היהודים_באימפריה_העות'מאנית	49729
מאגר_דגימות_ה-DNA_של_משטרת_ישראל	546277
חקיקה_דתית_בישראל	880022
ישיבת_אור_ישראל	201126
וידוי_(יהדות)	67149
מדי_משטרת_ישראל	347874
שיאי_ישראל_בשחייה	1130300
אליהו_ישראל	643133
יהודית_רביץ	86994
יהדות_וידין	839539
שגרירות_ארצות_הברית_בישראל	652832
הריסת_בתים_בסכסוך_הישראלי-פלסטיני	1200372
שאול_ישראלי	105656
ישראל_עמיר	92418
הוראת_המתמטיקה_בישראל	348850
יהדות	385
ארגון_העיתונאים_בישראל	1027914
רצח_האחיות_היהודיות	365784
ישראל_גלעדי	190706
יהודית_(סרט)	1026236
המשבר_הכלכלי_בשנותיה_הראשונות_של_ישראל	85768
הפולמוס_היהודי-נוצרי	167417
ישראל_גנס	1008465
פרס_קרן_גוטסדינר_לאמן_ישראלי_צעיר	906208
יהדות_הונגריה	51904
התאגדות_מהנדסי_חשמל_ואלקטרוניקה_בישראל	791914
"דלק"_חברת_הדלק_הישראלית	870990
נתיבי_ישראל_-_החברה_הלאומית_לתשתיות_תחבורה	167186
זוהר_ישראל	1215619
המוזיאון_לאמנות_ולהיסטוריה_של_היהדות	877783
ישראל_טויסיג	948581
פרשיות_ריגול_בישראל	20581
תעשייה_פרמצבטית_בישראל	1275329
שמעון_ישראלי	639798
ביקורי_אפיפיורים_בישראל	1160287
פאנק_ישראלי	295188
חיה_(יהדות)	601189
יהדות_דרום_אפריקה	65324
יהדות_תימן	57533
יהדות_ארובה	831609
ישראל_הס	269817
יהדות_קוסטה_ריקה	174837
חזית_יהודית_לאומית	150736
ישראל_הר	547769
חינה_(יהדות_הודו)	1106710
הפיגוע_בשגרירות_ישראל_בלונדון_(1994)	958226
ישראל_גלילי	37714
1926_בארץ_ישראל	884682
הקשר_הישראלי_(פירושונים)	1018978
1923_בארץ_ישראל	885012
חפף_ישראלי	943767
פוליגמיה_בקרב_הבדואים_בישראל	1123905
1989_בישראל	853226
פרס_ישראל	1056
יעקב_ישראל_סטל	1219560
ישראל_אהרוני	39372
המרכז_לטניס_בישראל_-_קריית_שמונה	1147774
המרכז_למורשת_יהדות_בבל	416314
המשא_ומתן_בין_ישראל_לפלסטינים_(2014-2013)	1124581
אגודת_חובבי_הרדיו_בישראל	1245973
המועצה_לישראל_יפה	207087
יהואחז_(מלך_ישראל)	6416
אתאיזם_יהודי	816064
יהודית_זיו	1179609
תרבות_יהודית_חילונית	8050
מעצר_בישראל	585754
עוברת_על_דת_משה_ויהודית	945984
מדינת_לאום_יהודית_תרבותית	819419
ישראל_שלי	908702
תקנון_היהודים	213787
מועצת_המורים_למען_הקרן_הקיימת_לישראל	673667
יחסי_ישראל-נאורו	1145815
יחסי_ישראל-האיים_המלדיביים	1072685
האיגוד_הישראלי_למוסיקולוגיה	773455
אולפנת_תהילת_ישראל	887887
איגוד_האינטרנט_הישראלי	200468
המכון_המרכזי_לדוקומנטציה_יהודית_בת_זמננו	348847
ישראל_משה_זיו	674409
בניין_המטה_הארצי_של_משטרת_ישראל_(יפו)	888494
יחסי_יוון-ישראל	928570
1953_בישראל	532816
יצחק_הישראלי	482686
יחסי_הודו-ישראל	392726
נשים_למען_עתיד_ישראל	106538
המרכז_הישראלי_למצוינות_בחינוך	423874
קבוצות_שהוצעו_לזיהוי_כעם_ישראל_המקראי	800932
בית_קברות_מקווה_ישראל	955336
1920_בארץ_ישראל	886543
2015_בישראל	1239543
חלוקת_ארץ_ישראל_לגבולותיה_-_מפת_תלמיד_הגר"א	1146316
הנבואה_הקלאסית_בישראל	17904
התזמורת_הפילהרמונית_הישראלית	10089
אות_הנוער_הישראלי	1147359
ישראל_פז	825399
בתי_הקברות_הצבאיים_של_מדינת_ישראל	770424
היסטוריה_של_מדינת_ישראל	6253
מעמדות_(יהדות)	931914
גאוגרפיה_של_ארץ_ישראל	1177
החזרת_ארון_הברית_לישראל_והעלאתו_לירושלים	1010388
יהדות_קזאלה_מונפראטו	359973
מפקדים_למען_ביטחון_ישראל	1251765
בן_ציון_ישראל	1058393
ישראל_בר-יהודה	211257
הצלה_ישראל	147729
2010_בישראל	851867
ישראל_אור-בך	656457
התנועה_למען_ארץ_ישראל_טובה	1002758
האגודה_המרכזית_של_אזרחים_גרמנים_בני_הדת_היהודית	497692
1983_בישראל	753788
ישראל_קטורזה	497684
העמותה_הישראלית_ללוויינות_זעירה	363764
בולי_קרן_קיימת_לישראל	1246816
פרס_פינס_לגרפיקה_ישראלית	1232834
שמואל_ישראל_מולדר	1016116
יחסי_בנגלדש-ישראל	1284408
שבועה_(יהדות)	38872
איגוד_כללי_של_סופרים_בישראל	185047
הגת_בארץ_ישראל	984132
בג"ץ_אל-על_נתיבי_אויר_לישראל_נגד_יונתן_דנילוביץ	668909
בנק_לאומי_לישראל	182945
יחסי_דרום_סודאן-ישראל	999066
המקהלה_הישראלית_ע"ש_גארי_ברתיני	1202352
לוח_התקופות_בארץ_ישראל	24498
נבחרת_ישראל_בכדורמים_נשים	871828
ישראל_בן-זאב	1198782
הצעת_חוק_יסוד:_ישראל_-_מדינת_הלאום_של_העם_היהודי	1231023
הטבח_ביהודי_פאס_(1465)	1142167
יהודי_החצר	78378
דן_רביב_(עיתונאי_ישראלי)	885048
ממשלת_ישראל_העשרים_וחמש	252551
מיהו_יהודי	149605
1982_בישראל	853407
נישואים_בישראל	475256
ביקור_האפיפיור_פאולוס_השישי_בישראל	667256
יער_הילד_היהודי	1074945
לוויינים_ישראליים	1161490
הרווק_(תוכנית_טלוויזיה_ישראלית)	1065940
התקופה_הדו-גושית_בפוליטיקה_הישראלית	504768
תקשורת_הספורט_בישראל	1206736
ישראל_מזמושץ'	239800
חכמת_ישראל	66994
החקיקה_בישראל	8745
אות_שירות_(ישראל)	459822
שלמה_ישראלי	500267
ספר_המעשים_לבני_ארץ_ישראל	977880
נשים_בממשלות_ישראל	204775
ארץ_ישראל	1975
ישראל_פורת	358712
ממשלת_ישראל_החמישית	367521
קבורה_(יהדות)	339068
להשאר_יהודי	1034111
היסטוריה_של_הקולנוע_הישראלי	25786
הסגנון_האקלקטי_בארץ_ישראל	155021
1931_בארץ_ישראל	884316
ישראל_סדן	214657
ישראל_באולימפיאדת_הנכים_טורונטו_(1976)	664634
ישראל_היום	391801
ישראל_אברהם_רבין	803849
בית_העלמין_היהודי_הישן_של_חיפה	809468
ישראל_באולימפיאדת_אתונה_(2004)	583956
קהילות_ביתא_ישראל	671108
כלכלת_ישראל	4146
ראשית_התעופה_העברית_בארץ_ישראל	178461
יהדות_איטליה	175175
הארכיון_של_יהודי_עיראק	1144177
יחסי_אתיופיה-ישראל	1002914
ישראל_המשוחררת	1289380
יחסי_ארצות_הברית-ישראל	235529
1925_בארץ_ישראל	885005
טריפוליטאית_יהודית	681454
עמלים_ומהפכנים:_תנועת_הפועלים_היהודית	991516
שגרירי_ישראל	1111864
דווקא_(כתב_עת_ישראלי)	215601
יהדות_השרירים	792128
תיאטרון_השעה_הישראלי	1181611
ישראלה_אורון	953521
פרשת_הסוס_הטרויאני_(ישראל)	639571
בעניין_היהודים	1249977
גישות_למאפייניה_של_מדינת_ישראל	842632
החינוך_היהודי_בבולגריה	1058553
מרטהי_יהודית	188916
רעיית_נשיא_מדינת_ישראל	497535
מרכז_השלטון_המקומי_בישראל	372896
הכלכלה_הישראלית_בין_מלחמת_ששת_הימים_ומלחמת_יום_הכיפורים	589023
יהדות_תוניסיה	143548
יהדות_שווייץ	139817
ישראל_פרלוב	1156546
1938_בארץ_ישראל	884075
יהדות_אורתודוקסית_בתל_אביב	671786
ישראל_וורצל	1112096
פרויקט_מסלול_(ישראל)	676280
ביקורי_נשיאי_ארצות_הברית_בישראל	1083054
ורנר_ישראל	916602
נסיעה_בארץ_ישראל_והרהורים_על_אהבתו_הנכזבת_של_אלוהים	472300
אנציקלופדיה_לתולדות_ארץ-ישראל	487949
הבריגדה_היהודית	34727
מרכזי_צעירים_בישראל	1073543
יחסי_ישראל-ניגריה	1145908
הכשרת_מורים_בישראל	1161582
אורות_ישראל	265023
יהודית_ויעקב,_שירים_מהבית	867977
ישראל_זמיר	970317
ארגון_צבאי_יהודי	119128
איגוד_שמאי_ביטוח_בישראל	750634
1943_בארץ_ישראל	883898
ישראל_יוסף_אונגר	1094610
יהדות_קיוסטנדיל	840751
ננוטכנולוגיה_בישראל	659565
ישראל_גצלר	764544
יואש_(מלך_ישראל)	8075
ישראל_יעקב_אלגאזי	929460
יחסי_ישראל-קולומביה	1072241
יהדות_מצרים	454573
פדרציית_הקהילות_היהודיות_של_רוסיה	815876
ארכאולוגיה_של_ארץ_ישראל	368147
1959_בישראל	563171
ישראל_שור	568899
יחסי_אוקראינה-ישראל	1139590
ישיבת_ארץ_ישראל	754698
החברה_לכתבי_עולי_הרגל_לארץ_ישראל	684894
אנציקלופדיה_אוצר_ישראל	266799
בית_משפט_צבאי_(ישראל)	356198
ברוכים_הבאים_לישראל	1023824
התקופה_המוסלמית_המוקדמת_בארץ_ישראל	424759
כלי_שיט_של_חיל_הים_הישראלי	123720
יחסי_ישראל-קוריאה_הדרומית	1124772
אנדרטה_לזכר_יהודי_צרפת	674805
מיני_ישראל	151161
ארגון_נוסעי_התחבורה_הציבורית_בישראל	1224072
התאחדות_התעשיינים_בישראל	572287
נבחרת_ישראל_עד_גיל_21	351662
האיגוד_הישראלי_לטיפוס_ספורטיבי	204
יחסי_טורקיה-ישראל	298788
התזמורת_הסימפונית_הישראלית_ראשון_לציון	252230
ישראל_נח_שניאורסון	580976
בית_הכנסת_תפארת_ישראל	130707
ענת_ישראל	899911
המרכז_לטניס_בישראל_-_תל_אביב	1183150
ישראל_בקר	1032485
יהדות_אורתודוקסית	22185
ישראל_מרגוליס	700989
יהדות_אשכנז	23555
רק_בישראל	22105
הדרכים_הרומיות_בארץ_ישראל	547158
דיון_פלילי_בישראל	25985
ישראל_באולימפיאדת_רומא_(1960)	559077
הוועד_הציבורי_נגד_עינויים_בישראל	510436
ישראל_בר-און	573230
ישראל_זנגוויל	113616
המשבר_האימפריאלי_בארץ_ישראל	929330
דברי_ימי_ישראל	834545
נישואים_חד-מיניים_בישראל	656584
מוזיאון_הילדים_היהודי	87949
להקות_צבאיות_בישראל	112948
נבחרת_ישראל_בכדורגל_נשים	138790
יהדות_וורמס	793496
ישראל_גולדשטיין	630285
הוועד_הציבורי_למען_שארית_יהודי_אתיופיה	845531
יהדות_אורוגוואי	175166
תרבות_ישראלית	12570
1968_בישראל	570853
ישראל_אודם	778418
יהדות_קולומביה	175094
מוזיאון_ישראל	24753
תיאטרון_בישראל	109840
המוזיאון_לתולדות_יהודי_פולין	839728
דרוזים_בישראל	514523
מחנה_ישראל_(מדבר_סיני)	340861
יהדות_פנמה	174832
ישראל_שפיר	834454
יהודים_למען_ישוע	735189
2002_בישראל	853384
ממשלת_ישראל_השמונה_עשרה	368593
ישראל_אחת	11893
ישראל_זיו	104334
ישראל_אברהמס	1194051
התאחדות_האיכרים_בישראל	91418
צבא_הגנה_לישראל	1471
האינפלציה_בישראל	104178
שיקום_אסירים_בישראל	1161941
ישראל_ברייט	424805
זכרונות_ארץ_ישראל	457820
אסי_ישראלוף	313579
האופרה_הארצישראלית	627619
אנדרטת_מגיני_הרובע_היהודי_במלחמת_השחרור	928875
התנועה_למען_איכות_השלטון_בישראל	50670
הסגת_גבול_(יהדות)	364018
ליגת_הפוטבול_הישראלית	617870
ממשלת_ישראל_הרביעית	366942
העמותה_הישראלית_לפרהיסטוריה	980238
אבי_ישראלי	591167
מסע_סנחריב_בארץ_ישראל	1142915
הנרטיב_הדואלי_(הסכסוך_הישראלי-פלסטיני)	1188742
יואל_אליצור_(חוקר_מדעי_היהדות)	267051
האגודה_האמריקאית_למען_יהודי_אתיופיה	973315
יהדות_גרמניה_המזרחית	279342
יהודית_היבנר	1270494
בית_הכנסת_חמדת_ישראל	1198725
ידיעות_החברה_לחקירת_ארץ_ישראל_ועתיקותיה	823198
הלשכה_המרכזית_להגירת_יהודים	34037
תחנות_דלק_בישראל	1215436
שארית_ישראל	554231
יהודית_(אשת_רבי_חייא)	844440
יהודים_מחוץ_לאירופה_תחת_כיבוש_נאצי	634078
ישראל_במשחקים_הפאראלימפיים	896984
הצומח_הים_תיכוני_בישראל	220608
כהן_(ביתא_ישראל)	119638
מחוץ_לחוק_(תוכנית_טלוויזיה_ישראלית)	1244187
המחאה_החברתית_בישראל_2011	914750
נבחרת_ישראל_בהתעמלות_אמנותית	937118
מרוקאית_יהודית	493369
יחסי_בוטסואנה-ישראל	1128076
יהדות_גואטמלה	175018
ישראל_גליל	586140
החי_של_ארץ_ישראל	22661
ישראל_יצחק_בזנסון	669854
הסכם_השלום_בין_ישראל_למצרים	25579
איסור_הרשות_הפלסטינית_על_מכירת_קרקעות_ליהודים	1224220
בתי_יהודים	1217128
הפורום_הישראלי_לאנרגיה	774887
העמותה_למשחקי_תפקידים_בישראל	609594
2005_בטלוויזיה_בישראל	814761
נבחרת_ישראל_בכדוריד	181630
יהדות_אוברלנד	338163
ישיבת_נר_ישראל	745707
ישראל_יעקב_חגיז	409785
2014_בישראל	1159094
כימיקלים_לישראל	236209
החברה_הישראלית_לרפואה_משלימה	1150203
דיבייט_בישראל	268000
הוועד_הארצי_של_ארגוני_נוער_יהודיים	276804
השבויים_הישראלים_בסוריה_ובלבנון_במלחמת_העצמאות	1007887
מיחזור_בישראל	1135752
המרכז_הישראלי_לאמנות_דיגיטלית	493609
ישראל_חיים_טביוב	352931
ישראל_אחרת	223647
יהדות_סוראמי	493162
עם_ישראל_למען_השלום	268764
ישראל_באולימפיאדת_הנכים_תל_אביב_(1968)	558165
1990_בישראל	853235
איגוד_המוסכים_בישראל	674269
עמותת_אדריכלים_מאוחדים_בישראל	1040128
היסטוריוגרפיה_ישראלית	685970
עליות_קדומות_לארץ_ישראל	219020
אנציקלופדיה_של_הסיפור_היהודי	946375
התקופה_הממלוכית_בארץ_ישראל	538350
המטבח_של_ערביי_ארץ_ישראל	1169807
בג"ץ_קו_לעובד_נגד_ממשלת_ישראל	564674
סוכנות_החלל_הישראלית	15213
יחסי_אירלנד-ישראל	1142561
הקהילה_היהודית_במרגיטה	785671
חיים_ישראל_אייז	113747
שבוע_השלום_הישראלי	1106281
1963_בישראל	566296
1951_בישראל	510554
יחסי_ישראל-ליטא	1154998
בחירות_1963_לנשיאות_ישראל	513013
חוקה_(ישראל)	801915
המכון_הפולני_בישראל	1169447
סיפור_אהבה_ארץ_ישראלי	880964
יהדות_לבנון	140833
שיטת_הממשל_בישראל	343
בריאת_העולם_ביהדות_ובאנומה_אליש	915903
נשים_בפוליטיקה_הישראלית	500966
האגודה_לזכויות_האזרח_בישראל	51513
מאזן_אקולוגי_בישראל	707636
1954_בישראל	535759
יחסי_ישראל-פולין	1146502
ישראל_באולימפיאדת_טוקיו_(1964)	558696
האגודה_הגאוגרפית_הישראלית	742444
עליית_ביתא_ישראל	359200
קטקומבות_יהודיות_ברומא	341847
המפעל_להכשרת_ילדי_ישראל	278546
הסכם_קיבוצי_(ישראל)	454067
ברית_הנוער_הקומוניסטי_הישראלי	1909
דגל_חיל_האוויר_הישראלי	661937
ישראל_שוכמן	1064042
עבודה_סוציאלית_בישראל	1286863
יהדות_ארמניה	161151
ישראל_גודוביץ	778115
תולדות_היהודים	835010
דע_את_יהדותך	863077
שביתת_השידורים_בישראל_(1987)	938437
אליפות_ישראל	757965
ישראליזציה	630330
ג'יימס_ישראל	1000885
ראשית_ישראל_(ספר)	26146
ישראל_פרידמן_מרוז'ין	29697
דיור_ציבורי_בישראל	980311
ליגת_העל_הישראלית	549894
ברית_חיילי_החזית_היהודים	620884
בחירות_1962_לנשיאות_ישראל	513001
עריצות_שלטונית_בארץ_ישראל_בתקופה_העות'מאנית	803380
תפוס_ת'יהודי	1236987
חורש_לזכר_עולים_מצפון_אמריקה_שנפלו_במערכות_ישראל	1163173
יחסי_ישראל-עיראק	894352
ישראל_אלימלך_אונגר	1094605
ישראל_כ"ץ_(הליכוד)	28426
יעקב_ישראל_לוגאסי	1252310
ישראל_חליבנר	1154531
יהודית_סספורטס	1089031
ישראל_ראבון	115075
ישראל_שמיר	810544
ספורטאים_זרים_בישראל	726404
ישראל_צבי_יאיר_דנציגר	1138343
עיטור_הגבורה_(משטרת_ישראל)	1121729
יחסי_ישראל-לוב	1039335
להב"ה_-_לצמצום_הפער_הדיגיטלי_בחברה_הישראלית	530247
קו_התלים_הישראלי	344754
הפרדת_הרשויות_בישראל	205746
ישראל_קצובר	454334
יהדות_בוכרה	124967
רשת_ישראל_החדשה	187921
קרן_צרפת_ישראל	920397
יהודית_לוזיה	1186213
ישראל_ישעיהו-שרעבי	37674
כלל_(ישראל)	1186217
ברית_עולם_-_תנועת_ההתנדבות_הישראלית_יהודית_הבינלאומית	630554
חברת_כביש_חוצה_ישראל	687563
מכינה_קדם-צבאית_בית_ישראל	77672
תקציב_המדינה_(ישראל)	375938
הקהילה_היהודית_בטאלהיים	841731
עקרונות_היסוד_של_החקיקה_בישראל	1277745
בית_ישראל_(גאנה)	515762
יחסי_ישראל-קרואטיה	1145793
קהילת_שארית_ישראל	922514
יהודים_מתפללים_בבית_הכנסת_ביום_הכיפורים	497374
כל_ישראל_ערבים_זה_לזה	823476
מועצת_רואי_חשבון_בישראל	119629
ישראל_שינדלר	1090862
ג'אז_ישראלי	456853
תעודת_זהות_(ישראל)	178460
ישראל_אריה_זלמנוביץ	1055946
רוח_הקודש_(יהדות)	65224
ברידג'_בישראל	933964
הסיגוף_ביהדות	1095060
נסיכה_אמריקאית_יהודייה	793168
שירות_ימי_ארץ_ישראלי	570997
מגיש_עזרה_ראשונה_בישראל	25779
מחנה_ישראל	114427
ישראל_הדני	1152808
יהדות_אוסטריה	227389
מועצת_תנועות_הנוער_בישראל	587714
ישראל_זינגרוב	550324
יצחק_בן_שלמה_הישראלי	67018
יהדות_טורינו	361576
ישראל_ברזילי	272160
החוג_הישראלי_לכלבי_רוח	1076189
מרכז_יצחק_רבין_לחקר_ישראל	420297
ישראל_במשחקים_האירופיים_(2015)	1287460
יהודי_תטואן	673736
כנס_ישראל-שדרות_לחברה	966950
ישראל_נגריס	147874
מועצת_מקרקעי_ישראל	950637
יהדות_חרדית	6909
התעופה_במלחמת_העולם_הראשונה_בסיני_ובארץ_ישראל	444763
יהודי_המזרח	1231183
אבודים_(תוכנית_טלוויזיה_ישראלית)	1293916
הגניוס_היהודי	83408
אחותי_-_למען_נשים_בישראל	252657
יחסי_ישראל-פקיסטן	1156016
יהדות_מקסיקו	175949
אמריקאים_ישראלים	762974
זכויות_להט"ב_בישראל	190309
ההסתדרות_הכללית_של_העובדים_בארץ_ישראל	122752
הסכם_הביניים_בין_ישראל_למצרים_1975	192681
צמחים_מוגנים_בישראל	6457
ארכיון_הסרטים_היהודיים_ע"ש_סטיבן_שפילברג	780359
המפלגה_הקומוניסטית_הישראלית	864319
ישראל_הופשטיין_מקוז'ניץ	77995
ישיבת_ארץ_ישראל_(ימי_הביניים)	920282
1972_בישראל	572263
עיראקית_יהודית	98570
איגוד_הכדורסל_בישראל	398027
קידומת_טלפון_בישראל	967423
התאחדות_תעשיית_היהלומים_הישראלית	730432
שפות_רומאניות_יהודיות	113469
חברת_אשלג_ארץ-ישראלית	487751
יהודים-נוצרים	940249
תולדות_האסלאם_בארץ_ישראל	984784
ועדת_חקירה_פרלמנטרית_בישראל	204888
ביקור_או_נו_בישראל	1083595
האנציקלופדיה_היהודית	100937
הפורום_המשפטי_למען_ישראל	55098
מסעות_ארץ_ישראל_של_עולים_יהודים_(ספר)	858039
יחסי_איראן-ישראל	219978
המוזיאון_היהודי_בסטוקהולם	883766
בוקר_טוב_ישראל_(סדרת_סרטים)	1026015
1986_בישראל	853260
נבחרת_הנשים_של_ישראל_ברוגבי	768474
פרס_ביטחון_ישראל	80234
יחסי_ישראל-קוריאה_הצפונית	704755
ריקודי_עם_בישראל	12926
לימודי_ארץ_ישראל_וארכאולוגיה	466600
כל_ישראל_חברים	83103
אגודת_הסופרים_העברים_במדינת_ישראל	20943
1981_בישראל	811545
שמות_יישובים_בישראל	789406
החברה_לחקר_המקרא_בישראל	992560
מיתון_1966_בישראל	617664
יהדות_גיאנה	174996
החברה_הישראלית_למדליות_ולמטבעות	104843
שמע_ישראל_(אלבום)	903019
סיוע_אמריקאי_לישראל	797893
האיגוד_לרפואת_ילדים_בישראל	1128466
פסטיבל_השירים_של_ישראל	187511
ישראל_לרמן	414092
ישראל_גוטליב	722922
מנהג_(יהדות)	273222
אנוש_-_העמותה_הישראלית_לבריאות_הנפש	360911
אגודת_חסידי_חב"ד_בישראל	369933
יחסי_ברזיל-ישראל	933654
ממשלת_ישראל_העשרים_ושבע	252817
אוצר_התיישבות_היהודים	179869
בריאת_העולם_(יהדות)	723679
בחירות_1983_לנשיאות_ישראל	513320
חג_המוזיקה_הישראלית	933338
ישראל_אלדד	106711
האופרה_הישראלית	469049
כרם_ישראל	784697
ישראל_(כתב_עת)	1001037
זיקת_הנאה_בישראל	1174068
המרכז_הישראלי_למחקר_איכותני_של_האדם_והחברה	1207030
יחסי_ישראל-מאוריטניה	1144372
יהדות_קולאשי	488631
שיאי_ישראל_באתלטיקה	1130289
1948_בארץ_ישראל	883416
מאיר_ישראל	688903
בנק_ארץ_ישראל_בריטניה	1043845
יד_לאיש_הספורט_היהודי	565729
חיל_האוויר_הישראלי	516777
שידורי_יהדות_איראן	825641
איחוד_לאומי-ישראל_ביתנו	390678
יד_ביד:_המרכז_לחינוך_יהודי_ערבי_בישראל	642752
ועדת_החקירה_האנגלו-אמריקאית_לענייני_ארץ_ישראל	37739
בית_הקברות_היהודי_בוורשה	701982
1922_בארץ_ישראל	885015
שמע_ישראל	534863
יהודית_נסיהו	582273
יחסי_האו"ם-ישראל	719001
ממשלת_ישראל_השלושים	187168
חישוב_הקץ_(יהדות)	79105
משק_החשמל_בישראל	236789
יחסי_הולנד-ישראל	1139806
יהדות_בלארוס	289503
ייצור_סוכר_בתקופה_הצלבנית_בארץ_ישראל	982856
יהדות_אלבה_יוליה	711161
נבחרת_גביע_הפדרציה_של_ישראל	345710
ישראל_שלום_יוסף_השיל	1094614
יהדות_יוון	140552
ראפ_והיפ_הופ_ישראלי	182877
אוצר_יהודי_ספרד	1028397
1941_בארץ_ישראל	883952
יהדות_גרמניה	177457
תנועות_נוער_וארגוני_נוער_בישראל	1872
נטל_המס_בישראל	989152
פילוסופיה_יהודית	363
יהודי_מנוחין	152021
חולד_ארצישראלי	70591
תולדות_פילוסופיית_הדת_היהודית_בזמן_החדש_(סדרת_ספרים)	632929
יהודים_במשחקים_האולימפיים	559281
יהדות_רבנית	19192
לוי_(יהדות)	145471
התקופה_העות'מאנית_בארץ_ישראל	100282
1995_בישראל	757765
הטכניון_-_מכון_טכנולוגי_לישראל	14110
השמדת_לא-יהודים_במלחמת_העולם_השנייה	36618
ליגות_הכדורסל_הנמוכות_בישראל	538575
שביתת_הרופאים_בישראל_(2011)	923999
ספר_השנה_ליהודי_אמריקה	1069052
הסינפונייטה_הישראלית_באר_שבע	251715
יהודית_מצקל	977887
כל_ישראל_בני_מלכים_הם	1059151
ישראל_באולימפיאדת_סיאול_(1988)	557898
פונדקאות_הומוסקסואלית_בישראל	946230
ישראל_יעקבסון	643446
בית_תפילה_ישראלי	953913
מחנה_ישראל_(חב"ד)	779804
יחסי_הוותיקן-ישראל	706038
המרכז_הישראלי_לקידום_צדק_חברתי	853489
תלמוד_ישראלי_–_מסכת_העצמאות	1290787
ספרות_עם_ישראל	728588
בית_העלמין_היהודי_ביפו	650419
הקריה_הלאומית_לארכאולוגיה_של_ארץ_ישראל	874128
המוזיאון_היהודי_בברלין	392512
כרונולוגיה_לתולדות_הישוב_היהודי_בארץ-ישראל	985356
הקונסרבטוריון_הישראלי_למוסיקה_תל_אביב	356549
היהודי_הנצחי	1198267
משכנות_ישראל	567084
עיטורי_משטרת_ישראל_ושירות_בתי_הסוהר	437916
ישראל_קמקוויוואולה	731890
קטלאנית_יהודית	493864
החברה_לשיקום_ולפיתוח_הרובע_היהודי	785201
תרבות_ישראלית_אלטרנטיבית	97734
יהדות_פורטוגל	172182
2002_בטלוויזיה_בישראל	393675
יהדות_קורסיקה	153154
לקסיקון_האישים_של_ארץ-ישראל:_1799-1948	987189
שמות_רחובות_בישראל	419261
לקסיקון_הקשרים_לסופרים_ישראלים	1229795
שבועת_היהודים	466097
יחסי_ישראל-צ'ילה	933956
ממשלת_ישראל_העשרים	254768
ישראל_לבנון	709912
השפעת_השואה_על_גיבוש_הזהות_הישראלית	224744
ישראל_טרייסטמן	1066019
יהודיה_(רמת_הגולן)	245446
יחסי_גאורגיה-ישראל	1124992
הדרי_ישראל	860045
צרה_(יהדות)	452873
תולדות_היהודים_במצרים_ובסוריה_תחת_שלטון_הממלוכים	963121
האגודה_הישראלית_לאפילפסיה	1122771
ספריות_ציבוריות_בישראל	1022253
הגאות_הראשונה_בכלכלת_ישראל	589209
התיכון_הישראלי_למדעים_ולאמנויות_(ירושלים)	102698
חגיגה_לעיניים_–_סיפורו_של_הקולנוע_הישראלי	1292031
שח"ם_-_ארגון_השחקנים_בישראל	977392
צדקה_(יהדות)	203126
שפת_הסימנים_הישראלית	404967
יהדות_תרבותית	623572
1962_בישראל	565873
הממשל_הצבאי_הישראלי_בשטחים	1087004
תורת_ארץ_ישראל	175361
1984_בישראל	853401
תיירות_בישראל	231513
יהדות_לוב	107927
יהודית_נאות	38003
יהודי_טיבולי	1156993
אפי_בן_ישראל	383485
ישראל_ינון	1246144
שמורת_יער_יהודיה	327743
ישראל_פרידמן_(בויאן)	1094612
1967_בישראל	570241
קטניות_בארץ_ישראל_בתקופת_הברזל	1150375
היהודי_זיס:_סרט_ללא_מצפון	1045717
מספנות_ישראל	600668
גאולוגיה_של_ישראל	541716
הצו_לגירוש_היהודים_ממחוז_טנסי	692040
מחאות_דיור_בישראל	1041693
יחסי_ישראל-מלאווי	1252822
ערביי_ארץ_ישראל_במלחמת_העצמאות	63462
המכון_הגיאופיסי_לישראל	728438
יחסי_בלגיה-ישראל	1072787
יהדות_ישראל	837746
גירוש_יהודי_מדינת_האפיפיור	1142330
יחסי_איטליה-ישראל	1127225
תקרית_האוויר_הישראלית-בריטית	644733
פוליגמיה_ביהדות	921270
יהדות_לואיזיאנה	162523
ארקאדאש_-_קהילת_יוצאי_טורקיה_בישראל	586631
תפארת_ישראל_(מהר"ל)	130791
השירות_המטאורולוגי_הישראלי	778788
סיוע_חיל_הים_הישראלי_לנפגעי_הרעש_באיי_יוון	1238507
חורף_1992-1991_בישראל	1070534
ארץ_ישראל_הישנה_והטובה_חלק_ד':_משירי_סשה_ארגוב	261501
בחירות_1968_לנשיאות_ישראל	513125
המרכז_למורשת_יהדות_טורקיה	343752
הסתדרות_הרוקחים_בישראל-ענף_בתי_מרקחת	956159
המטה_הארצי_של_משטרת_ישראל	1108489
1974_בישראל	641273
כיבוש_ארץ_ישראל	1050389
ישראל_רול	1293000
הפרטה_בישראל	7085
ארגון_תורמי_דם_מתנדבים_בישראל	693236
תכנון_ובנייה_בישראל	164268
התאגדות_מקצועית_בישראל	6441
ימין_רדיקלי_בישראל	883440
ישיבת_כנסת_ישראל_(סלובודקה)	867822
האגודה_הישראלית_למדע_העשבים_הרעים	772680
כנען_כפי_שנשלטה_הן_בימי_אברהם_הן_בתקופת_ישראל_עם_התחנות_והאומות_הגובלות_בה	1146269
יהדות_רומניה	154525
ישראל_אדלר_(קבלן)	1079270
ישראל_ורמן	1004378
איגרות_חוב_ממשלתיות_בישראל	1197531
יהודיה	256675
יחסי_אפגניסטן-ישראל	1072449
ישראל	320304
אהרון_קליין_(עיתונאי_אמריקאי-ישראלי)	1008351
הקונגרס_היהודי_האמריקאי	52306
אל-רוב_(ישראל)	1061662
ניקוד_ארצישראלי	412297
למהלך_האידיאות_בישראל	544340
מבצעי_צבא_הגנה_לישראל	15736
יהודית	530478
פיגועי_התאבדות_בישראל	10148
המשרד_(סדרת_טלוויזיה_ישראלית)	799248
ישראל_במצרים_(אורטוריה)	881768
הוועד_הישראלי_נגד_הריסת_בתים	256253
אמצעים_של_חיל_ההנדסה_הישראלי	120713
חגיגות_העשור_למדינת_ישראל	963281
מלחמות_ישראל	341
אליפות_ישראל_בשחמט_2014	1197348
ישראל_היילפרין	899291
2009_בישראל	852973
ישראל_קלוזנר	338134
האגודה_הישראלית_לכרטוגרפיה_ולמערכות_מידע_גיאוגרפי	885523
דיבוב_בישראל	1275649
מחנה_יהודית	275078
הקשר_בין_ביתא_ישראל_לתפוצות_ישראל	663928
איגוד_רופאי_המשפחה_בישראל	1087116
מחנה_ישראל_(דברת)	338764
נבחרת_ישראל_בהוקי_קרח	782957
זכויות_האדם_בישראל	1145021
ישראל_זרחי	105669
ישראל_שומר	1207889
צבר_-_מפלגת_הצעירים_של_ישראל	622582
עמותת_טולקין_הישראלית	266146
נישואים_ביהדות_בוכרה	648186
ויקימדיה_ישראל	284722
שלושה_דברים_שהאל_לא_היה_צריך_לברוא:_פרסים,_יהודים_וזבובים	1288927
האופרה_הישראלית_החדשה	571971
יחסי_ישראל-תוניסיה	1124443
יהודית_צור	839967
התקופה_העות'מאנית_בארץ_ישראל_-_מונחים	931399
כינויי_גנאי_בשיח_הפוליטי_בישראל	465374
יהדות_קרוליינה_הדרומית	162476
בית_מדרש_לתורת_ארץ_ישראל	981396
ישראל_כרמי	479286
יהדות_ארצות_הברית	11207
הסטטוס_קוו_בישראל_בנושא_השבת	986869
תקשורת_סלולרית_בישראל	636764
יהדות_אירופה	1996
אגרות_ארץ_ישראל	1023699
ארגון_נפגעי_טרור_ואיבה_בישראל	892785
ישראל_ברגיל	924445
בית_החולים_היהודי_בברלין	378402
איגרת_חכמי_ביתא_ישראל_(תרס"ט)	510450
ישראל_באירוויזיון	444912
יהודית_בת_בארי	1246237
ליגת_ההוקי_רולר_הישראלית	809267
מלאיאלאם_יהודית	987556
סטטוס_קוו_(ישראל)	561097
המשרד_הארצישראלי	38284
2003_בטלוויזיה_בישראל	393666
החוויה_הישראלית	1049159
צמחיית_ארץ_ישראל	42258
יהודים_למען_שימור_הבעלות_על_כלי_ירייה	985270
יהדות_פלובדיב	847433
תחיית_ישראל	1014252
היהודיה_מטולדו	554792
הקטלוג_המאוחד_של_הספריות_בישראל	584169
יחסי_איי_מרשל-ישראל	1132893
יוזמת_ידידי_ישראל	1182104
יהדות_בוקרשט	339391
קולנוע_ישראלי	184970
בית_הקברות_היהודי_הישן_בברלין	1198543
החי_והצומח_של_ארץ_ישראל	962996
יהדות_אוזבקיסטן	138816
היהודי_הנצחי_(תערוכה_נאצית)	1243756
יחסי_אוסטרליה-ישראל	1077485
יהדות_קרלסרוהה	562845
צניעות_(יהדות)	180008
התיאטרון_היהודי_באראשאום	900884
היהודי_הנצחי_(הירשנברג)	1198221
אטלס_ישראל	1143772
יהדות_פותי	493133
המועצה_הישראלית_לתרבות_ואמנות	1217119
כדורגל_בישראל	1494
רון_בן-ישראל	941001
התנועה_האסלאמית_בישראל	80120
יהדות_גליציה	152005
יחסי_גאנה-ישראל	1142276
ישראל_רובין-רבקאי	1049892
בנק_ישראל	82632
עברית_ישראלית	102182
זימרגל_ארץ_ישראלי	56005
מועצת_הרבנים_המתקדמים_בישראל	1172715
ישראל_ב"ק	361586
חוק_מעמד_היהודים	214790
היהודי_זיס_(רומן)	371911
היכל_התהילה_של_הכדורגל_הישראלי	670898
ישראל_דוב_פרומקין	286863
מכון_אריה_מיימון_להיסטוריה_יהודית	768372
הקהילה_היהודית_בלבוב	826439
היהודים_תחת_האימפריה_הספווית	1254299
התיאטרון_היהודי_הממלכתי	1081719
מרכז_קהילתי_יהודי	209189
אתר_ההנצחה_לזכר_יהודי_אתיופיה_שנספו_בדרכם_לישראל	788259
ועד_המשלחות_היהודיות	1050117
בנק_דקסיה_ישראל	585745
לימודי_ניהול_מערכות_בריאות_בישראל	1186869
סוף_עונת_התפוזים_-_סיפורו_של_הרוק_הישראלי	530367
ארגון_הספרנים_והמידענים_בישראל	251489
ישיבת_כנסת_ישראל	607475
יהדות_צ'ילה	172538
יהדות_זימבבואה	77523
ישיבת_הרעיון_היהודי	242127
מתי_ואיך_הומצא_העם_היהודי?	1008173
ישראל_פיינברג	581343
תולדות_עם_ישראל_-_ארכיונים	925525
חוק_האזרחות_והכניסה_לישראל	343622
ישראל_ברודי	948616
ישראל_יהודה_אדלר	235853
קרן_התרבות_אמריקה-ישראל	237881
בית_דין_צבאי_(ישראל)	57008
חינוך_ישראלי_(תנועה)	941263
תקשורת_בישראל	410363
מוניות_בישראל	676807
לימודי_ארץ_ישראל	455378
תוכנית_ליישוב_יהודי_רומניה_באפריקה	1235659
1969_בישראל	572240
המכון_ליהדות_זמננו	1001005
יהדות_פיימונטה	362491
רפורמה_ביהדות	661594
ישראל_גרוסמן	328887
יהודי_טוב	733892
יהדות_מרוקו	187352
סילוק_החיילים_היהודים_מצבא_רומניה	220923
התקופה_הרומית_בארץ_ישראל	132088
ניקוד_ארצישראלי-טברני	572567
האח_הגדול_(תוכנית_טלוויזיה_ישראלית)	577035
התאחדות_הקראטה_בישראל	1202444
תהום_(יהדות)	487237
ארגון_נשי_חירות_בישראל	85683
תשדירי_בחירות_בישראל	1071613
תזמורת_קול_ישראל_בערבית	251794
ישראל_מני	1163652
יהודית_המלכה	510879
ישראל_בר	53424
ממשלת_ישראל_התשיעית	367766
יהדות_לאילשי	493168
1944_בארץ_ישראל	883872
כד_יתבין_ישראל	945297
ישראל_מימון	188825
1961_בישראל	564818
פרס_מוזיאון_ישראל_לאיור_ספר_ילדים_על_שם_בן-יצחק	149871
דגל_ישראל	331111
יהדות_בלגרד	663322
יחסי_אפריקה-ישראל	816330
מרכז_למחקרי_יהדות_מתקדמים	1168231
יהדות_גיברלטר	143444
חמישים_לישראל	417844
מאגר_העדויות_של_הקולנוע_הישראלי	696474
ישראל_די_קוריאל	1283217
המיזם_(תוכנית_טלוויזיה_ישראלית)	1191627
עבירה_(יהדות)	1189265
יהדות_חצי_האי_ערב	103712
טריאתלון_בישראל	1294547
יחסי_ישראל-מיקרונזיה	1142184
התזמורת_האנדלוסית_הישראלית	176535
המכון_המשותף_ללימודי_יהדות	842706
עבודת_ישראלים_בחו"ל	404582
שבי_ישראל	566685
ישראל_זמורה	353324
היישוב_היהודי_בארץ_ישראל_בימי_מלחמת_העולם_הראשונה	16666
ממשלת_ישראל_השלישית	209642
רצח_ישראל_בן_זאב	943360
מחנה_ישראל_(פירושונים)	338936
ישראל_שבתי_שצ'יפנסקי	1247473
בית_הספר_המקצועי_היהודי_מסדה_בדרמשטדט	957515
יהודי_קשטלו_ברנקו	795666
יהדות_אקוודור	162455
שפות_יהודיות	7861
בית_הכנסת_"טמפל_תפארת_ישראל"_בביצ'ווד,_אוהיו	955620
חלל_מערכות_ישראל_שמקום_קבורתו_לא_נודע	548986
1949_בישראל	455713
ישראל_אברהם_פורטוגל_(סקולען)	1094604
סרבנות_בישראל	8172
יהודית_בירק	576420
1992_בישראל	812061
חיים_ישראל	762439
גיוס_ציוד_(ישראל)	509141
אחזיה_(מלך_ישראל)	7241
ישראל_מרום_(מרמינסקי)	840516
ממשלת_ישראל	887
ממשלת_ישראל_החמש_עשרה	368517
המוזיאון_להיסטוריה_יהודית	583073
יהדות_פולין	199636
עזרת_ישראל_(רחבת_מתפללים)	1130585
2000_בישראל	791869
יהודי_האיגבו	515552
מנשה_בן_ישראל	151392
1977_בישראל	680895
קול_ישראל_(ההגנה)	727901
מרחב_-_התנועה_לעירוניות_מתחדשת_בישראל	864621
שינוי_שיטת_הממשל_בישראל	682675
עדין_אבן_ישראל	25492
אגודה_ישראלית_למשאבי_מים	635576
אות_מערכה_(ישראל)	458805
ישראל_ליברטובסקי	546664
ישראלים_(כתב_עת)	1134428
1957_בישראל	553725
ישראל_ברטל	544734
ישראל_לוין_(חוקר_ספרות)	638488
קשב_-_מרכז_להגנת_הדמוקרטיה_בישראל	784927
חמישיית_כלי_הנשיפה_הישראלית_החדשה	250190
עיטור_המופת_(משטרת_ישראל)	1121639
עיתונות_בישראל	306140
הקהילה_היהודית_באמסטרדם	826154
ישראל_יצחק_גרינץ	556963
המרכז_החרדי_להכשרה_מקצועית_בישראל	540884
היהודי_הבינלאומי	923776
שירת_ימי_הביניים_של_יהדות_ספרד	31831
הקרן_לרווחה_לנפגעי_השואה_בישראל	932076
ממשלת_ישראל_הארבע_עשרה	368438
הסגנון_הבינלאומי_בארץ_ישראל	463950
קול_ישראל	20682
האיגוד_העולמי_למדעי_היהדות	1120152
יחסי_ישראל-כווית	1100931
צרפתית_יהודית	493843
רחוב_היהודים_(ירושלים)	1080125
המחלקה_היהודית	681285
אליפות_ישראל_בדקה	918970
תגליות_והמצאות_בישראל	9374
עיטור_נשיא_מדינת_ישראל	977837
יחסי_ישראל-תאילנד	1139820
מכון_ירושלים_לחקר_ישראל	264531
יהדות_טריאסטה	371803
היהודים_במלחמת_העולם_השנייה	1278059
אבנר_ישראל_הצרפתי	1133520
הרובע_היהודי_(פירושונים)	1154227
עצים_עתיקים_בארץ_ישראל	772685
היחידה_(תוכנית_טלוויזיה_ישראלית)	1216529
המכון_הישראלי_לפרסומים_תלמודיים	911433
הכיבוש_הערבי_של_ארץ_ישראל	460284
אשרות_כניסה_לישראל	451982
יהדות_טראני	379338
ישראל_סביון	698247
1975_בישראל	644343
סקר_הכפרים_1945_בארץ_ישראל	782899
תעשיית_הטקסטיל_בישראל	729744
אנציקלופדיה_לבית_ישראל	137821
בית_ישראל_(קיבוץ)	103974
ישראל_בונם_שרייבר	1019421
המכון_למחקר_ביולוגי_בישראל	20874
כנסת_ישראל_(פירושונים)	361590
היסטוריה_של_העיתונאות_בארץ_ישראל	253736
מסע_נפוליאון_בארץ_ישראל	73172
סלמנדרה_-_כרוניקה_של_משפחה_יהודית_במאה_העשרים	1106760
המשא_ומתן_בין_ישראל_לפלסטינים_(2010)	816800
ספר_המדבר_בארץ_ישראל	455125
איגוד_הקהילות_היהודיות_של_איטליה	1059202
מר_ישראל_(IFBB)	1143465
מכללת_אורות_ישראל	182672
1935_בארץ_ישראל	884103
איגוד_הטייסים_הישראלי	882449
הספרייה_הישראלית	159048
ישראל_פיסנוביץ'	889668
אינטרנט_בישראל	541911
גישת_המקור_בדיני_מס_בישראל	1281568
1993_בישראל	811803
דיג_בארץ_ישראל	51629
יהדות_צחינוואלי	347985
יחסי_ישראל-מקדוניה	1142843
ישראל_לוין_(שופט)	506747
יהדות_טורקיה	46367
ישראל_דוסטרובסקי	511430
אסכולת_ארץ_ישראל	620383
מעש_-_לחיזוק_והתחדשות_השירות_הציבורי_בישראל	1245879
הסנה,_חברה_ישראלית_לביטוח	344749
השבויים_הישראלים_בירדן_במלחמת_העצמאות	1010441
אפיקורוס_(יהדות)	19927
כתב_העת_הישראלי_לריפוי_בעיסוק	422924
המשפט_בישראל	90160
טייסות_חיל_האוויר_הישראלי	170540
יהדות_אפריקה	547451
קרמיקה_ישראלית	1000386
פשיטות_המונגולים_לארץ_ישראל	708828
שבטי_ישראל	10899
1958_בישראל	563062
לשאלת_היהודים	115993
תולדות_ביתא_ישראל:_1270_-_1529	558440
ההתיישבות_היהודית_במזרח_ירושלים	1152274
אברהם_ישראל_זאבי	1176731
מלך_היהודים	1123183
נבחרת_ישראל_בכדורסל	101468
הכרזת_ירושלים_כבירת_ישראל	1282264
לשכת_עורכי_הדין_בישראל	164764
כנסת_ישראל	38467
חוק_יסוד:_ירושלים_בירת_ישראל	189191
המוזיאון_היהודי_של_ניו_יורק	118848
יהדות_סיציליה	153148
היהודים_באים	1227114
בדואים_בישראל	19827
יהדות_קסטוריה	454758
ישראל_חיים_דייכס	1234320
מכללות_בישראל	193714
האגודה_לתרבות_ולמדע_של_היהודים	350709
חלל_מערכות_ישראל	891881
ישראל_חיים_בילצקי	1131192
חברת_עזרה_של_יהודי_גרמניה	30808
מרכז_הירידים_והקונגרסים_בישראל	311015
יהודי_גלותי	341377
מרדכי_היהודי	58493
ישראל_נבות	840593
דרך_בורמה_(ישראל)	212834
ממשלת_ישראל_השביעית	367558
1973_בישראל	597085
ישראל_עמידן	965661
חוצה_ישראל	97304
הועידה_הצפון-אמריקאית_למען_יהדות_אתיופיה	886942
ישראל_מרדכי_טברסקי	950361
בנאית_ישראלית	920156
היהודים	28184
ישראל_פנקס	63682
הרפורמה_בנמלי_הים_בישראל	1237871
בית_ישראל_(שכונה)	315742
מכון_ישראלי_לפסיכואנליזה	531302
ישראל_-_כתב_הגנה	772501
ישראל_דושמן	175772
יהדות_יאשי	361443
הסיעה_הדרוזית_הישראלית	460017
נחלת_ישראל_-_רמה	467484
ישראל_חזקה	537057
שחרור_מוקדם_בישראל	480918
בית_המדרש_הגבוה_למדעי_היהדות	448949
יחסי_החוץ_של_ישראל	176435
ישראל_אלתר	94458
תלמוד_ישראלי	1189052
המירוץ_למיליון_(תוכנית_טלוויזיה_ישראלית)	632003
האגודה_ללימודי_ישראל	903368
המכללה_לאיכות_השלטון_בישראל	496346
יהדות_מערב_אפריקה	536925
ישראל_דוד_שלזינגר	913150
ביקור_אייכמן_בארץ_ישראל_(1937)	954178
תעשייה_בישראל	8371
הקהילה_היהודית_בקרפנטרה	1000560
מטבח_יהודי_בוכרי	369293
עיתוני_ילדים_בישראל	1238380
ישראל_במלחמת_סיני	818289
אגודת_הפילוסופיה_הישראלית_החדשה	752012
האגודה_האנגלו-ישראלית	768980
ישראל_יוסף_בנימין	362350
1978_בישראל	703393
ישראל_מסלנט	97266
יהדות_הולנד	106834
1970_בישראל	572242
המשפט_הקונסטיטוציוני_של_מדינת_ישראל	801410
לשכת_הספנות_הישראלית	1230880
התפילה_בישראל_בהתפתחותה_ההיסטורית	891312
עיוורים_בישראל	1189811
הוועדה_לשבילי_ישראל	278952
הליכות_עם_ישראל	1115190
המפלגה_הקומוניסטית_הישראלית_(מפלגה_היסטורית)	12598
ישראל_לב	309730
חובש_(ישראל)	113624
ערבים_למען_ישראל	1110228
גיל_-_גמלאי_ישראל_לכנסת	166125
איגוד_השחייה_בישראל	930303
ליגת_הבייסבול_הישראלית	400059
שוש_ישראלי_גרוס	1186531
בתי_כנסת_קדומים_בארץ_ישראל_(ספר)	477171
בנקאות_בישראל	563043
מסע_וילהלם_השני_לארץ_ישראל	578231
מכון_התקנים_הישראלי	269202
טלוויזיה_רב-ערוצית_בישראל	12935
ישראל_שפירא_(בלאז'וב)	1094629
מערכת_הבריאות_בישראל	136972
התנועה_ליהדות_של_תורה	683270
יהדות_לטביה	172279
החשדות_לשחיתות_בישראל_ביתנו	1237970
היהודים_(אלבום)	504494
צמחי_בר_גרים_ומוברים_בישראל	580970
ערביי_ישראל	43117
הבית_היהודי	606640
יהדות_אוקראינה	158948
היהודי_זיס_(סרט,_1934)	503921
ישראל_רמות	970126
יהדות_פקיסטן	175622
יום_הזיכרון_לחללי_מערכות_ישראל_שמקום_קבורתם_לא_נודע	9279
האגוד_הישראלי_למתמטיקה	853965
אנציקלופדיית_ייווא_ליהודי_מזרח_אירופה	1249126
נבחרת_ישראל_בכדורגל_(פירושונים)	587206
ישראל_לוי	860155
מתקנים_לגידול_יונים_בארץ_ישראל	970518
ישראל_ניסן_קופרשטוק	1177782
תיבת_נח_(סדרת_טלוויזיה_ישראלית)	721619
יהדות_בורמה	103673
החברה_הישראלית_לכימיה	723715
אתר_לאומי_בישראל	968436
יחסי_אוגנדה-ישראל	1295358
ישראל_פרידמן_בן-שלום	299896
איש_יהודי	1292987
מרכז_שניידר_לרפואת_ילדים_בישראל	52208
החברה_לישראל	199423
הארגון_היהודי_הלוחם	88475
ישראל_לוין	848720
חינוך_בישראל	450080
איגוד_מרכזי_הסיוע_לנפגעות_ונפגעי_תקיפה_מינית_בישראל	235165
1952_בישראל	516265
דמוגרפיה_של_ישראל	4145
ישראל_פרנס	1100892
ישראל_מפולוצק	800144
יהודית_גריסרו	988843
מדעי_היהדות_(כתב_עת)	1065727
עליות_מראשית_הציונות_ועד_קום_מדינת_ישראל	869137
היהודי_הנודד	70358
התנועה_למען_ארץ_ישראל_השלמה	117046
יהודי_עם_מטבעות	1051993
ישראל_אריה_ספיר	933572
ביתא_ישראל	541776
הוועדה_למלחמה_בעוני_בישראל	1221948
בעלי_חיים_שנעלמו_מארץ_ישראל	1655
הסכם_הפרדת_הכוחות_בין_ישראל_לסוריה	363813
ישראל_לשם	985249
ארגון_גני_החיות_הישראלי	255762
המוזיאון_היהודי_של_רומא	349043
אגודת_האינג'ינרים_והארכיטקטים_בישראל	769130
ישראל_רובינצ'יק	1032471
דרך_הבשמים_(ישראל)	89738
לשכת_רואי_חשבון_בישראל	111029
ישראלה_אספרנטיסטו	69612
יהדות_טקסס	162515
קהילת_אנשי_הספקטרום_האוטיסטי_בישראל	241667
יהדות_עדן	847687
נפות_ישראל	984791
ישראל_במשחקים_הפאראלימפיים_לונדון_(2012)	1010998
יהודית_ברוניצקי	1201268
פורום_החברות_הסלולריות_בישראל	378224
היסטוריה_של_היהדות_הקראית	53674
זוכי_פרס_נובל_ממוצא_יהודי	9687
הקונגרס_היהודי-רוסי	815851
ישראל_דמידוב	186730
יהדות_איזמיר	585963
טרור_בישראל	880927
יהודית_ריכטר	1159828
יהדות_רפורמית	21495
יחסי_ישראל-סוריה	420708
יהדות_אוני	493156
מדינה_יהודית_ודמוקרטית	31892
קרבות_הבלימה_והתקפת_הנגד_הישראלית_ברמת_הגולן	835903
רוכב_ישראל	817094
ישראל_שפיגל	796871
הוראת_אזרחות_בישראל	990720
התקופה_ההלניסטית_בארץ_ישראל	113160
יהדות_הוואי	170800
יהודית_קציר	21871
ישראל_סדן_(מחנך)	160005
רוק_מתקדם_בישראל	7395
יחסי_ישראל-קוסובו	1142996
המרכז_לטניס_בישראל_-_באר_שבע	1165574
יהודית_גל-עזר	1186250
ק"ק_כנסת_ישראל	1045813
ועדות_חקירה_לארץ_ישראל	78429
אנדרטת_חללי_פעולות_האיבה_והטרור_בישראל	877109
הנוצרים_בישראל	618331
יחס_יהודים_לחג_המולד	459612
דרגות_כוחות_הביטחון_וההצלה_בישראל	399218
יהדות_טולדו	493466
אגודת_היועצים_והמטפלים_במשפחה_בישראל	1279785
ישראל_יעקב_פישר	705653
על_היהודים_ושקריהם	353292
ישראל_באולימפיאדת_הנכים_רומא_(1960)	1179409
ישראל_באולימפיאדת_סוצ'י_(2014)	1244299
ליגת_ההוקי_הישראלית	809262
יהודית_שובל	645396
מגילת_החורבן_של_יהודי_רומניה	456163
מוזיקה_יהודית_מקורית	766859
היישוב_היהודי_בארץ_ישראל_בימי_מלחמת_העולם_השנייה	88610
יהדות_פיזה	306110
יחס_היהדות_לתורת_האבולוציה	696353
לוח_ארץ_ישראל	569246
ההתאחדות_לכדורגל_בישראל	147048
דונגית_ארצישראלית	1084492
סגן_ראש_ממשלת_ישראל	177416
ארגון_שחקני_הכדורסל_בישראל	1073830
שירות_הסרטים_הישראלי	768668
חדוה_בן-ישראל	640596
2015_בטלוויזיה_בישראל	1248978
הארגון_לגננות_ולנוף_בישראל	603653
ישראל_אפרת_(פרופסור)	476038
ראש_ממשלת_ישראל	3296
הבחירות_לרשויות_המקומיות_בישראל	588328
מדריך_ישראל_החדש	285837
הטבח_ביהודי_פאס_(1033)	1112410
יחסי_ארמניה-ישראל	1173784
ישראל_זלמן_אלכסנדרובסקי	337576
אבן_ישראל	371256
סטיב_ישראל	499231
בריגדת_הבנים_והבנות_היהודים	545516
יחסי_ישראל-שבדיה	1144844
בוקר_טוב_ישראל_(תוכנית_טלוויזיה)	380263
ישראל_תמרי	1121674
התאחדות_הצופים_והצופות_בישראל	96479
הסכסוך_הישראלי-פלסטיני	4026
ישראל_אהרוני_(שף)	25447
תנועת_ההשכלה_היהודית	2711
יהדות_סרייבו	1204510
2003_בישראל	853374
ישראל_בר-כוכב	937643
יהדות_פירנצה	556431
יהדות_סלוניקי	257586
יהדות_חבאן	874167
ישראל_סרוג	180002
ישיבת_עטרת_ישראל	293123
נבחרת_העתודה_של_ישראל_בכדורסל	658342
גדר_הגבול_ישראל-מצרים	969601
מסע_משולם_מוולטרה_בארץ-ישראל	601062
ממשלת_ישראל_העשרים_ואחת	252839
אגודה_ישראלית_למען_יהודי_אתיופיה	635625
פורטוגזית_יהודית	493844
משפט_הסרבנים_(ישראל,_2003)	135068
ישראל_וינגסט	584975
יורם_(מלך_ישראל)	7243
ישראל_פיינברג_(ראש_עיר)	514393
ישראל_גלובוס	947323
נבחרת_גביע_דייוויס_של_ישראל	341648
זוכי_פרס_ישראל	487670
אפליית_יהודים_בהולנד_לאחר_מלחמת_העולם_השנייה	409618
ישראל_גרוזנברג	215805
יהדות_בבל	8756
מוזיאון_רכבת_ישראל	287029
הקונסיסטוריה_היהודית_של_בולגריה	997813
כדורגל_נשים_בישראל	137139
הקו_הראשי_של_רכבת_ישראל	387812
מנוף_-_המרכז_למידע_יהודי	324662
הליגה_להגנה_יהודית	530240
האגודה_הישראלית_ללימודי_המזרח_התיכון_והאסלאם	843855
בורסת_היהלומים_הישראלית	356350
ישראל_גוריון	12551
המחתרת_היהודית_במרוקו	502348
עוצמה_לישראל	1055377
הרובע_היהודי	591070
עסקת_הנשק_הצ'כוסלובקית-ישראלית	1100499
מרכז_ישראל_פלסטין_למחקר_ומידע	395634
קהילת_בית_ישראל_אנשי_אמת	579580
יהדות_רקונסטרוקטיבית	7867
1965_בישראל	569556
התיאטרון_הארץ_ישראלי	115242
היסטוריה_של_הסכסוך_הישראלי-פלסטיני	698119
נחלה_-_גאולת_קרקעות_ישראל	1030048
התאחדות_הימאים_בארץ_ישראל	546607
מלט_בישראל	1149304
יחסי_אלבניה-ישראל	1144564
מדיניות_לשונית_בישראל	119740
יחסי_ברית_המועצות-ישראל	714566
ישראל_משקלוב	362435
נשיאי_שבטי_ישראל	511642
ביקור_האפיפיור_יוחנן_פאולוס_השני_בישראל	1163518
ארגון_המהנדסים_והאדריכלים_העצמאיים_בישראל	919665
מנהיגות_יהודית	62916
רשימות_על_המקדש_היהודי	1122782
הזרמים_ביהדות_רומניה	720011
ממשלת_ישראל_השמינית	367750
2008_בישראל	852985
חגים_ומועדים_בקהילות_ביתא_ישראל	656376
ישראל_משה_רוזנפלד	1198740
מאי_ישראלי	489908
1937_בארץ_ישראל	884077
2001_בישראל	853387
יחסי_יפן-ישראל	1007837
פולמוס_גופות_היהודים_בפקולטות_לרפואה_ברומניה	1231579
כדורגל_חופים_בישראל	490055
המועצה_המרכזית_של_יהודי_גרמניה	269869
יהדות_סינגפור	153140
שלמה_ישראל_שיריזלי	1205081
שבוע_האפרטהייד_הישראלי	1104936
ישראל_ג'ייקובסון	572504
יהדות_ליטא	138797
אתנוקרטיה_בישראל	679917
המוזיאון_היהודי_העכשווי	875228
אימוץ_התקינה_החשבונאית_הבינלאומית_בישראל	1244658
אלה_ארצישראלית	117269
ערבית_יהודית	76394
אנציקלופדיה_לנשים_יהודיות	1070142
חוות_החרקים_והפרפרים_הישראלית	990525
הליכוד_-_ישראל_ביתנו	1050740
ענישה_בישראל	59143
היסטוריה_של_ארץ_ישראל	1175
רשימת_פועלי_ישראל	4729
הפיגוע_בבניין_הקהילה_היהודית_בארגנטינה	559195
ארגון_מגדלי_דבורים_בישראל	473517
זכרונות_ארץ_ישראל_(תוכנית_רדיו)	836348
ערכין_(יהדות)	222150
בתי_ספר_חקלאיים_בישראל	465357
יהדות_סורינאם	172817
יהודית_בן-יעקב	1045997
הרעב_בארץ_ישראל_במלחמת_העולם_הראשונה	419970
אוטונומיזם_יהודי	1220232
שביל_ישראל	6400
פרישות_(יהדות)	894759
רשימת_עשירי_ישראל	823486
הגטו_היהודי_בוונציה	313135
ישראל_סלומניצקי	1229708
שמות_ביהדות	152692
חוק_הכניסה_לישראל	995411
בית_הכנסת_והמרכז_למורשת_היהדות_ע"ש_צימבליסטה	628647
הקרן_לאדמות_ישראל	583847
נבחרת_ישראל_בכדורגל_חופים	557711
גיז'רמו_ישראלביץ'	494633
ישראל_משה_דושינסקי	731780
יחסי_ירדן-ישראל	718149
המחתרת_היהודית	6044
מיתולוגיה_יהודית	629294
מן_השירה_היהודית_העממית	1272263
אירוס_ארצישראלי	281105
היתר_כניסה_לישראל	289247
יהדות_אונטרלנד	1166634
ישראל_מקרמז'	1037974
יעל_ישראל	181804
יהדות_סנקי	493159
טבילה_(יהדות)	377191
שקיפות_בינ"ל_ישראל	189550
ישראל_יצחקי	4910
הסכם_הפרדת_הכוחות_בין_ישראל_למצרים	226745
יהדות_אחלציחה	488274
יהדות_ספרד_(העידן_המודרני)	369129
מיסטיקה_יהודית	255315
המרכז_הישראלי_לניהול	799887
מדינת_ישראל_(פירושונים)	1050754
תמונת_הילד_היהודי_מגטו_ורשה	767879
חן_ישראל_קלינמן	1031170
יצחק_בן_ישראל	149179
המדור_להווי_ומסורת_יהודית_(קול_ישראל)	792896
יחסי_הפיליפינים-ישראל	804099
ישראל_קושטא	308340
יהדות_סין	103491
IsraelWines_פורטל_היין_הישראלי	1149337
אמפל_-_אמריקן_ישראל_קורפוריישן	584511
נצח_ישראל	660460
מחשב_לכל_ילד_(ישראל)	482836
ההגבלות_היהודיות	1020598
אגודת_משוטטים_ארץ-ישראלית	843036
קול_ישראל_(עיתון)	1001283
טבע_עירוני_בישראל	1140179
היסטוריה_של_הקולנוע_הישראלי_(2009)	1292160
לימודי_רפואה_בישראל	880989
האגודה_הישראלית_למדע_בדיוני_ולפנטסיה	12408
יחסי_ישראל-רומניה	1141762
ממשלת_ישראל_השישית	367536
תפארת_ישראל	130785
איש_הקשר_היהודי_בבית_הלבן	739348
יהודי_האפיפיור	825014
נגישות_ישראל	811672
התאחדות_ההוקי_קרח_הישראלית	782980
ארגוני_חסד_בישראל	987121
ישראל_טלר	307899
הצי_הישראלי	572723
ידידים_-_חברים_כל_ישראל	793052
יהדות_פאזארדז'יק	836357
ישראל_הגר_(אהבת_ישראל)	672271
יחסי_וייטנאם-ישראל	1125057
ישראל_פרידמן_מהוסיאטין	651736
הכלה_היהודייה	394120
הוועד_המרכזי_ליישוב_ארץ_ישראל_וסוריה	274644
יהדות_רג'ו_אמיליה	620304
אנציקלופדיה_יהודית	324767
ישראל_אדלסון	583447
מינות_(יהדות)	25415
המרכז_לטניס_בישראל_-_יפו	1215647
המרכז_העולמי_למורשת_יהודי_צפון_אפריקה	1076531
זיכרון_השואה_בישראל	190736
בניין_המטה_הארצי_של_משטרת_ישראל_(תל_אביב)	1085228
יעקב_ישראל_דה_האן	17175
אקלים_ארץ_ישראל	8299
יהדות_פינלנד	152022
הסכם_ההתאגדות_בין_ישראל_והאיחוד_האירופי_מ-1995	1114283
בחירות_1993_לנשיאות_ישראל	513581
בנק_אגוד_לישראל	389671
ישראל_כהן	986937
ישראל_קרגמן	482378
לשכת_המודדים_המוסמכים_בישראל	884983
ישראל_זגורי	1116687
1949_בארץ_ישראל	892064
אוניברסיטאות_בישראל	5573
ישראל_רינג	63311
1928_בארץ_ישראל	884674
היסטוריה_של_נבחרת_ישראל_בכדורגל	782676
הפלות_חיל_האוויר_הישראלי	1218788
יעקב_אפשטיין_(פסל_ישראלי)	1104321
פליטים_יהודים_ממדינות_ערב	660242
מיעוטים_בישראל	658605
כרטיסי_אשראי_לישראל	334360
גורד_השחקים_הגבוה_בישראל	1131373
המערכה_על_סיני_וארץ_ישראל_במלחמת_העולם_הראשונה	443486
קרב_מגן_ישראלי	303086
ספר_הזהב_של_הקרן_הקיימת_לישראל	604629
קווי_אשראי_לישראל	1123538
ראש_יהודי	630375
חגיגות_שנת_ה-60_למדינת_ישראל	407579
איטלקית_יהודית	493839
מסורת_(יהדות)	750724
אגודת_החלל_הישראלית	25708
ישראל_בלקינד	242782
שודדי_ים_יהודים	1282649
היהודים_במאה_ה-19	11009
התערבות_בשוק_המט"ח_בישראל	875341
מסעי_הצלב_העיקריים_לארץ_ישראל	195297
טליה_ישראלי	961452
נזיר_(יהדות)	153684
יחסי_ישראל-מצרים	383284
האנדרטה_לזכר_החיילים_היהודים_בצבא_הפולני_במלחמת_העולם_השנייה	943368
ישראל_גוטמן	347411
פרובנסלית_יהודית	163468
קהילת_לינוקס_בישראל	119
יהדות_סצ'חרה	488494
יהדות_נאולוגית	51880
ענת_ישראלי	215787
המועצה_לשימור_אתרי_מורשת_בישראל	207702
לירה_ארץ_ישראלית	79034
שמאל_רדיקלי_בישראל	883441
כרטיסי_אשראי_בישראל	1155209
דיני_ישראל	1271586
הלאמת_הרכוש_החקלאי_של_יהודי_רומניה_(1940)	1233106
הפדרציה_העולמית_של_יהדות_מרוקו	766889
מדינת_ישראל_(אוניית_מעפילים)	1050725
מרכז_הספר_והספריות_בישראל	870701
המרכז_למיפוי_ישראל	206466
טחנת_הקמח_היהודית_בבאר_שבע	1190217
ידידי_ישראל_במפלגה_השמרנית	731065
הוועדה_הישראלית_למדרוג	992195
תרומת_דם_בישראל	385341
הרפורמה_בבריאות_הנפש_בישראל	1009368
בית_הקברות_היהודי_בשידלוב	1154599
סימון_יהודי_רומניה,_בתיהם_ועסקיהם	1229675
ישראל_פסח_פיינהנדלר	885586
יהדות_מנטובה	610757
בני_ישראל_הבריטים	467100
דבש_בישראל	1130897
ישראל_בשביל_אופניים	854801
ישראל_פרידמן_מסדיגורה	1094613
ישראל_פיינמסר	978553
יבגני_יהודין	250676
ישראל_טל	55453
ישראל_ברקוביץ'	921363
יהדות_הונג_קונג	410071
בן_ישראל	1211744
עליית_ביתא_ישראל:_1948_-_1978	509142
אביהם_של_ישראל_(ספר)	943234
ישראל_באולימפיאדת_הלסינקי_(1952)	559508
האיגוד_הישראלי_לאיכות	1035307
חופי_ישראל	1100609
בסיס_טיסה_(חיל_האוויר_הישראלי)	170526
1921_בארץ_ישראל	885018
1987_בישראל	853256
יהדות_פרנקפורט	342616
ישראל_באולימפיאדת_מינכן_(1972)	558170
ישראל_זופניק	875730
יהודית_תמיר	786447
כנסיות_עתיקות_בארץ_ישראל	82672
התוכנית_ליישובה_מחדש_של_ביתא_ישראל	1139939
מקומות_קדושים_ליהודים_בארץ_ישראל	802219
ישראל_זאב_הלוי_הורביץ	1121266
גדעון_בן-ישראל	461581
נתיבי_ישראל	1030725
הפרס_הלאומי_לספרים_יהודיים	1002891
מכון_בן-צבי_לחקר_קהילות_ישראל_במזרח	1074339
ישראל_בן_יהודה	1025318
יהודית_בר_אילן	897539
המעמד_האזרחי-משפטי_של_יהודי_רומניה	239402
הוועד_הישראלי_לאונסק"ו	605053
יהודייה_(עבאסייה)	256672
וילפריד_ישראל	765466
הפקעה_של_מקרקעין_בישראל	163216
ישראל_מהלמן	919275
הוראת_ההיסטוריה_בישראל	812544
פדרציה_יהודית	546770
האגודה_הישראלית_נגד_ניסויים_בבעלי_חיים	215061
עיתונות_יהודית_היסטורית	849192
יהדות_טג'יקיסטן	172303
פרס_שזר_לחקר_תולדות_ישראל	767132
היהודי_זיס_(סרט,_1940)	211893
מפת_הקרן_לחקר_ארץ_ישראל	878358
תעשיית_רכב_בישראל	816704
אכילת_בשר_ביהדות	165861
1999_בישראל	770574
יחסי_ישראל-סין	367222
יהדות_פזארו	710610
תוכנית_האו"ם_להקמת_מיליציה_יהודית_חמושה_בין_1948-1947	680082
החבל_הימי_לישראל	79746
ממשלת_ישראל_השלושים_ושלוש	1082552
יחסי_איחוד_האמירויות_הערביות-ישראל	933495
ישראל_איסר_איסרלין	1157470
היום_(עיתון_ישראלי)	1087878
קול_יהודי_לשלום	511066
החזיר_ביהדות	1238820
הסתדרות_ההנדסאים_בישראל	644879
ישראל_מקוב	494497
סמל_מדינת_ישראל	305939
ישראל_יסינובסקי	938114
עזרת_ישראל	548776
הנבחרת_הצעירה_של_ישראל_בכדורגל	254422
הסכם_השלום_בין_ישראל_לירדן	11120
ישיבת_גרודנה_(ישראל)	239877
ממשלת_ישראל_השלושים_ושתיים	651941
יהדות_ארצות_האסלאם	423793
היכל_העצמאות_(ישראל)	693947
תורמוס_ארצישראלי	385060
מקווה_ישראל_(פירושונים)	1284256
ישראל_פינקלשטיין	115284
דו-חיים_של_ארץ_ישראל	53322
בייבי_בום_(תוכנית_טלוויזיה_ישראלית)	1184870
המוזיאון_לאמנות_ישראלית,_רמת_גן	531573
