מרכז_עולמי_לתורה_וחסידות_בעלז	804025
קוממיות	135287
קריית_צאנז_(ירושלים)	782424
מרכז_קונגרסים_בינלאומי_חיפה	885557
כפר_אביב	21624
אופקים	5334
מחלף_קסם	193976
יער_שווייץ	158954
עברונה_(אתר_מקראי)	723588
בית_ישראל_(שכונה)	315742
קריית_ההדרכה_על_שם_האלוף_אריאל_שרון	535098
אנדרטת_העשרה	1000191
כביש_25	398779
יקב_קסטל	286749
שדרת_אלרוב_ממילא	1131720
ניר_ח"ן	96141
נמל_התעופה_דב_הוז	72079
מנזר_סן_סלוודור	213373
אושה	88085
טבריה	7740
בנימינה	294420
המחלקה_לפיזיקה_באוניברסיטת_בן_גוריון_בנגב	973208
מכוור	603483
רחוב_בר-אילן	211132
בית_הכנסת_אור_תורה	663576
בית_פיינברג	1071342
דיר_אל-קרנטל	552570
מע'אר_(השפלה)	983656
כיכר_המדינה	98217
סלאמה_(הגליל)	13796
גבעתי_(מושב)	108814
מסגד_א-זע'יר	877612
המושבה_היוונית	187942
היכל_שלמה	91372
בית_פרומין	172131
שער_יפו	56133
יער_ראש_העין	435118
שדה_תימן	198180
ענבר_(יישוב)	270823
מוזיאון_עתיקות_הגולן	489583
נשיא_מדינת_ישראל	2251
הסינרמה	194346
ריינה	8022
מחלף_גהה	185831
שובה	57742
מצודת_ביריה	414392
אצטדיון_גאון	1000335
גרנד_קניון_(באר_שבע)	1108929
הר_ניתאי	1249428
גשר_המיתרים	210452
מעיין_אלרואי	807359
תחנת_הרכבת_מודיעין_מרכז	387715
מרכז_חינוך_ליאו_באק	130191
כנסיית_הקבר	326
יבנה	7525
מאוזוליאום_מזור	560092
גשר_רושמיה	562139
בית_אוליפנט	179300
פארק_הסלעים	258263
גבעון	47652
פיגוע_ההתאבדות_באילת	351576
בית_קרן_קרב	530184
מחלף_חמד	480224
מחלף_ההלכה	478275
תל_גודד	269062
פארק_ז'בוטינסקי	378090
אבו_עמרה	131034
הפיגוע_בקפה_מומנט	1117615
דיר־אבאן	862745
דרך_יפו_(חיפה)	870437
מערת_תנור	219214
מגדל_חברת_החשמל	307770
גן_העלייה_השנייה	1203953
מגדל_עתידים	1199995
שמורת_האירוסים	360479
המצור_על_אשקלון_(1153)	623482
יחסי_דרום_אפריקה-ישראל	655013
בארות_יצחק	100406
בית_אימברגר	232526
אולם_ספורט_היובל	840235
זמרת_(מושב)	57748
רחוב_ירושלים	941494
מכון_ז'בוטינסקי	245564
סרביט_אל-ח'אדם	599335
נחשונים	98831
כמאנה	13784
הר_אדיר	146454
ג'ימזו	186071
הר_ברך	992742
רחוב_אלנבי	354050
מחלף_קישון	750984
מוזיאון_יהדות_איטליה	1225513
אתר_ההנצחה_לחללי_חיל_הקשר_והתקשוב	800294
שפד"ן	41664
מועצה_אזורית_נחל_שורק	99393
לב_תל_אביב	138249
הגליל_העליון	646032
דגניה_ב'	64363
כנסיית_מנזה_כריסטי	667484
תחנת_הרכבת_באר_יעקב	361834
נטועה	106193
אחיעזר	99454
הר_ארבל	116051
בית_הפועלים_עמל	1277859
יער_אילנות	652715
חוות_חפציבה	453160
חאן_מנולי	484710
יפו_העתיקה	259345
מגדל_העמק	7748
מעלה_אפרים	7985
תחנת_הרכבת_באר_שבע_מרכז	323618
גשר_קנטר	1088032
גשר_התנאים	1166906
ראש_פינה	8021
מחנה_עמנואל	996015
ג'אלמה_(השרון)	254386
מחלף_קיבוץ_גלויות	374395
בית_לייוויק	322405
שכונת_שבזי	288564
אצבע_הגליל	104706
שכונת_אפרידר	999248
מדרשת_הר_הרצל	1127889
באר_יעקב_(שכם)	746195
איבים	108489
חדיד	108923
בית_תבור	73392
שמורת_אלוני_בית_קשת	899435
הצפון_הישן	404671
טכנודע_חדרה	960011
גדרה	7923
ארנונה_(שכונה)	315748
ציפורי_(מושב)	121965
גבעון_החדשה	100667
בריכת_גלית	649996
המכללה_האקדמית_להנדסה_אורט_בראודה	223889
מגדל_האשפוז_על_שם_תד_אריסון	652029
הגן_הלאומי_ירקון	169836
עדנים	98832
אפקה_-_המכללה_האקדמית_להנדסה_בתל_אביב	344481
מזכרת_בתיה	7976
החותרים	100739
גלעד_(קיבוץ)	103857
ערוער	287482
קבוצת_יבנה	689378
תל_שרע	56350
החוויה_האולימפית	998060
פארק_קנדה	557057
בית_מינץ_-_מוזיאון_לתולדות_גדרה_והביל"ויים	513155
דניה_(חיפה)	814291
סובא	1135439
זמר_(יישוב)	7938
מלון_שרתון_תל_אביב	651482
בניין_עיריית_ירושלים_ההיסטורי	350755
פארק_רעננה	789626
גבתון	109723
בית_סוהר_קציעות	393693
קבר_יוסף	84056
המרכז_הרפואי_ע"ש_חיים_שיבא_-_תל_השומר	138219
קריית_ים	7767
מוזיאון_החאן	1071340
גנות	99464
נחף	7989
שייח'_באדר	575343
סכנין_(יישוב_עתיק)	823751
נווה_שאנן_(חיפה)	483269
נחם	44688
גשר_הפקק	482827
עין_חוקוק	1128888
כפר_גדעון	101451
כנף_2	193354
נווה_שאנן_(ירושלים)	129226
בית_החולים_של_המיסיון_האנגלי	437516
גן_הדרום	99394
דיר_אל-אסד	7933
הגן_הלאומי_והאוניברסיטאי_ע"ש_טבצ'ניק	1275376
משכנות_רות_דניאל	654231
ביצת_כנרת	1073439
כביש_241	956347
אנדרטת_יאנוש_קורצ'אק_ותלמידיו	189209
המרכז_לטניס_בישראל_-_אזורי_עכו	1163963
הושעיה	10985
טירה_(עיר)	7742
משטרת_קטרה	1184816
מגשימים	98829
מוזיאון_העיצוב_חולון	747856
נבי_יושע	240665
מצפה_הימים	1121389
יקב_כרמי_יוסף	294547
המוזיאון_הימי_הלאומי	293744
אצטדיון_שכונת_התקווה	254038
האכסניה_האוסטרית_(ירושלים)	151281
בנימין_זאב_הרצל	336
ח'דיתה	744009
דמיידה	13773
בית_עריף	109703
נחל_שורק	118363
יאנוח-ג'ת	7945
מסילת_הדרום	515390
אצטדיון_המושבה	699033
יד_השמונה	78351
ח'ולדה	704670
הדר_הכרמל	468854
אבן_מנחם	91932
מרכז_בגין-סאדאת_למחקרים_אסטרטגיים	366936
רביבים	19453
יקבי_תשבי	505482
תיכון_שמעון_בן_צבי	1219378
מוסררה	138968
המרכז_הרפואי_לבריאות_הנפש_אברבנאל	628122
שרונה_(מושב)	97362
חורבת_שמע	1168436
תעשיות_אלקטרוכימיות	1123115
חאן_אל-עומדאן	662871
התחנה_המרכזית_של_אשקלון	1216579
מגדל_מנהטן	650039
אורנית	7896
קניון_לב_המפרץ	483234
מחלף_גולני	64245
בית_גמליאל	10536
הודיות	104002
להבות_הבשן	101545
עין_כמונים	109313
מפעל_נשר_חיפה	1196526
הבימה	8956
שואבה	99716
מכמורת	98972
ממגורות_דגון	316795
בית_הספר_אחד_העם_(תל_אביב)	516275
בית_הכנסת_המרכזי_במגדיאל	799319
כתובות_תחום_גזר	739666
בניין_עיריית_יפו	882875
ירוחם	7950
חורשת_הארבעים	757314
קיסריה	12939
אולם_עין_שרה	677491
בית_ידידות_מיין	1072319
בורגראנץ'	177714
בתי_אונגרין	215890
בית_הרב_קוק	236463
מכון_וינגייט	68619
שוהם_(יישוב)	8030
מצד_סהרונים	250544
מצודת_צפת	573872
מתחם_אל-פאשה	873683
בית_סוהר_דמון	713929
קולנוע_כוכב	723968
בית_הכנסת_האר"י_האשכנזי	959274
נצר_סרני	33182
אצטדיון_לויטה	181419
מדרשת_טהר	1234586
כנסיית_אנטוניוס_הקדוש	635335
קבר_האחים_(באר_שבע)	1172915
גבעת_שמש	99642
אנדרטה_לבני_שכונת_בית_הכרם_שנפלו_במלחמת_העצמאות	1118920
שפיר	135251
ינוב	98690
מחלף_יגור	893657
מקור_ברוך	613219
יער_המלאכים	721927
בית_יתיר	94348
מבצע_דקל	185753
סמינר_הקיבוצים	269774
כפר_הס	98028
פארק_הכרמל	169690
כבאביר	659155
בית_הסראייה_(באר_שבע)	472985
אלונים	64247
מחלף_ירקון	197080
מכבים-רעות	7980
בית_אורן	96151
בית_החינוך_המשותף_דגניה	1192702
הפיגוע_במסעדת_מצה	804485
כביש_13	346154
כביש_12	181866
גונן	102785
הירקון_96	1138978
היכל_הספורט_רוממה_חיפה	592104
חלקת_ראשי_ההסתדרות_הציונית_העולמית_ומשפחת_הרצל	892428
גן_פעמון_הדרור	100629
עמואס	1174033
מגדל_המוזיאון	116821
שכונת_מונטיפיורי	492502
מועצה_אזורית_מעלה_יוסף	108470
אצטדיון_קריית_חיים	666360
שמשית	199791
כפר_הנוער_מנוף	515003
מועצה_אזורית_מטה_אשר	84569
גני_תקווה	7927
מסגד_חסן_בק	433680
יער_הקדושים	439480
תל_מגידו	28040
אנדרטת_האצ"ל_ברמלה	1237266
מצד_מחמל	250539
הר_קוץ	343205
מחנה_ישראל_(לוד)	338834
כפר_מנחם	54047
ורדון	99728
מחלף_אור_עקיבא	1020813
קדמה	98766
נווה_זוהר	95317
מחלף_ראש_העין_צפון	990486
כפר_סירקין	98791
ישיבת_הקיבוץ_הדתי_עין_צורים	58478
נמל_התעופה_בן-גוריון	9933
רומת_אל-הייב	100808
תל_חי	11778
תחנת_הרכבת_בית_שאן_(הישנה)	1138535
המעפיל	5752
בסמת_טבעון	7917
בניין_סנסור	610615
בית_הקברות_של_משפחת_בנטוויץ'	1275361
מחלף_קוממיות	714582
חיים_בן-דוד	660012
בית_היתומים_דיסקין	74733
פארק_קרסו_למדע	1107618
פרוד	101023
גשר_לוד	546021
חריש_(יישוב)	8013
מוזיאון_וילפריד_ישראל_לאמנות_ולידיעת_המזרח	898847
שדה_צבי	95315
אפק_(קיבוץ)	94656
היכל_הספורט_בית_מכבי	663586
יובל_(מושב)	20923
בדולח_(יישוב)	29603
בית_הראשונים_(בנימינה)	1046776
בניין_המשביר_לצרכן_(ירושלים)	703510
קסטינה	108944
סוואעד_חמירה	103854
מצד_עתרת	174428
בית_חרות	98912
קבוצת_כנרת	17695
נבוריה	454188
רמת_בית_הכרם	301876
מעיין_שטוב	628282
אצטדיון_סמי_עופר	582446
רמות_מאיר	64716
בית_חולים_רות_רפפורט_לילדים	1275405
קבר_מרים	42755
מבצר_יחיעם	108349
אסון_מחניים	364624
עזריה	47874
רחובות	7773
בית_יהודיוף-חפץ	463805
וזאני	250576
גזית	5739
דגניה_א'	22584
אור_הנר	22585
קניון_שבעת_הכוכבים	531011
נתניה	7757
בית_תול	1181758
בירנית	218066
טיילת_המדע	1101916
כעביה-טבאש-חג'אג'רה	7958
מעלה_גמלא	14361
כאוכב_אבו_אל-היג'א	7953
תל_חצור	62619
מדינת_אכזיב	205771
כנסיית_שדה_הרועים	999058
קרב_אמאוס	82125
המכון_להכשרה_ימית	231855
בית_עוזיאל	99425
הוועד_האולימפי_בישראל	125250
קריית_ארבע	8015
מחלף_ראשון_לציון	513163
פסיפס_לוד	687253
בית_קאסר	669087
בית_עיטאב	310152
גבעת_שאול	211936
קרב_מגידו_(המאה_ה-15_לפנה"ס)	586725
בית_ראשונים_(נס_ציונה)	591789
חורבת_מנים	642622
קבר_רחל	132087
BBC_-_בני_ברק_ביזנס_סנטר	879838
כונתילת_עג'רוד	652648
מג'דל_יאבא	678259
רתמים	91586
בית_הקברות_הצבאי_חוף_כיאט	929877
בית_ג'לאט	530214
השריפה_בכרמל_(1989)	842635
רמת_השרון	8025
כחל	39588
דפנה_(קיבוץ)	96804
הצוללת_הצהובה	942558
אולם_רמות_יצחק	797029
גן_שורק	15893
מחלף_המוביל	856030
מרווחין	408650
הספרייה_המרכזית_לעיוורים_כבדי_ראייה_ומוגבלים	412794
עמק_הצבאים	4396
התחנה_המרכזית_החדשה_של_תל_אביב	195572
חמד	99468
בית_המרחץ_העתיק_(נצרת)	667812
מדיטק	186293
גבעת_האירוסים	309439
יער_חולדה	333957
גבעת_התיתורה	222624
בת_גלים	257024
נחל_הרועה	90807
כורסי	169477
תל_בטש	93968
בקעת_תמנע	114168
כפר_תבור	7968
גן_הזיכרון_(בית_הכרם_-_יפה_נוף)	1217754
יהודה_(חבל_ארץ)	67931
פיגוע_כביש_החוף	3130
כפר_יחזקאל	47758
גבעת_כ"ח	100994
תל_נוף	108484
אבן_הזיכרון_לחייל_האוסטרלי_בקריית_אונו	450929
אחיסמך	135535
אנדרטת_עוצבת_סער_(לטרון)	1003900
גן_אליעזר_ילין	398787
אלישמע	98782
אזור_התעשייה_נווה_נאמן	1251841
דשנים_וחומרים_כימיים	978734
משטרת_עיראק_סווידאן	222747
גבעת_ניל"י	103366
המוזיאון_לתולדות_המחשב_האישי_בישראל	1027164
המסגד_הלבן_(רמלה)	627180
חגור	35734
הקרב_על_גבעות_מע'אר	444767
כפר_כמא	7963
יובלים	11253
רמלה	7774
זמן_לאמנות	6266
תחנת_הרכבת_שדרות	824254
משרד_הפנים	92264
מכון_שלזינגר	78790
בית_יגאל_אלון	158961
כפר_קאסם	6742
מתחם_נבי_שועייב	449033
צפריה	99481
מוזיאון_תל_אביב_לאמנות	9212
יסוד_המעלה	7947
בית_ברגהיים	354072
מצודת_קרן_נפתלי	1251790
בית_הגפן	851690
כנסיית_סנטה_אנה	122334
באר_טוביה	411907
מחלף_ההסתדרות	362328
צפארי	650902
הפיגוע_בקו_405	572774
מוזיאון_אסירי_המחתרות_-_ירושלים	292977
כלא_באר_שבע	700283
מחלף_נתניה	560658
כביש_73	348844
מנרה	54981
בית_השמשוני	398100
תל_יקנעם	510243
שבטה	110506
תראבין	115890
מישור_ימין	1149507
בניה_(מושב)	37843
בית_סוהר_מעשיהו	199822
מסגד_אל-מג'דלה	663431
בית_אסיה	315672
בית_גורדון	158935
החווה	672771
האצטדיון_העירוני_בת_ים	666359
גן_השושנים	530272
המנזר_הפרנציסקני_(נצרת)	667825
פארק_נחל_חדרה	753024
היכל_הספורט_העירוני_אשקלון	717373
קריית_שלום	740930
נען	5721
מרכז_ויצמן	655858
תחנת_הרכבת_תל_אביב_אוניברסיטה	368910
דליפת_הנפט_בשמורת_עברונה	1233689
גני_גד	1047148
עזרת_תורה	782428
מנשייה_(יפו)	381683
בית_לחם_הגלילית	37273
חצור_אשדוד	100266
דברת	97148
מוסדות_מאר_אליאס	290155
בניין_אביחיל	353379
מעיינות_ראש_העין	895702
הבית_הירוק_(יפו)	653106
מרכז_קנדה	876372
התיאטרון_הערבי-עברי_ביפו	147475
חורבת_סומקה	546062
לוזית	99650
בית_הספר_התיכון_החקלאי_פרדס_חנה	466863
עיראק_אל-מנשייה	221940
ג'מאסין_אל_ע'רבי	258805
בית_הקברות_שומרי_שבת	803305
מנהרה_4_בקו_הרכבת_המהיר_לירושלים	1181320
כפר_קיש	104636
מנזר_סן_סימון	192372
גשר_בן-אליעזר	931197
המרכז_לאמנויות_באר_שבע	1175976
נווה_עופר	411521
מגדל_המים_בשכונת_עג'מי	1077396
ישיבת_בני_עקיבא_נתיב_מאיר	63743
מחניים	50984
חלקת_המשטרה_בהר_הרצל	1187214
כנסיית_הר_האושר	999213
בית_קנר	592533
פוריידיס	8005
כנסיית_גאורגיוס_הקדוש_קוטל_הדרקון	249635
יקבי_כרמל	241485
המכון_הישראלי_לאנרגיה_ולסביבה	931373
מוזיאון_העיר_חיפה	612781
קניון_רמת_אביב	650660
כפר_סאלד	97373
ישיבת_ירושלים_לצעירים	579433
בית_חלקיה	99390
כנסייה_ביזנטית_בנהריה	1121361
אבן_יהודה	7895
אסון_המכביה	33802
גאולי_תימן	98909
השריפה_בכרמל_(2010)	842454
תל_קשיש	788856
ניר_עציון	101015
גשר_הזיו	97108
המרכז_המסחרי_הישן_בחיפה	886941
כפר_ביאליק	108173
הגושרים	14001
אהל_משה	304432
כנסיית_כל_העמים	42718
כפר_מעש	192814
רחוב_הנביאים	438971
עמק_המצלבה	373946
בית_איילון_ביטוח	1076112
ישיבת_מערבא	111164
מרות_(יישוב_קדום)	422842
גבעת_משה	789443
כפר_האורנים	108148
טלביה	191375
כפר_בתיה	211734
עיריית_ירושלים	437034
הלגיון_העשירי_פרטנסיס	315959
מוזיאון_נחום_גוטמן_לאמנות	489232
גת_(קיבוץ)	5747
הגן_הזואולוגי_של_באר_שבע	868888
בית_אות_המוצר_הירושלמי	248802
פארק_הירדן	1014317
קרב_תבור	684219
רנן	16284
מגדלי_פנורמה	500001
חומש	67532
גבעת_היקבים	1081338
בני_עי"ש	173075
כפר_מימון	56363
ימק"א_ירושלים	243101
פורת	311063
בית_העלמין_הדרום_(בת_ים)	714103
בית_חיל_האוויר	1231460
בית_עלי_ביבי	896334
תחנת_הכוח_חיפה	1170179
בית_המהנדס	956596
האצטדיון_העירוני_קריית_גת	895602
בית_עגנון	292810
מי_עמי	103471
מוזיאון_בית_היוצר	1100181
מנזר_יוחנן_במדבר	593103
גבעת_ח"ן	98783
מרכז_מורשת_מנחם_בגין	387467
כסלון	99648
ברום	9555
רמת_אפעל	128475
ערב_א-סמניה	1181122
בית_אניס_ג'מל	530227
הוד_השרון	7736
פיס_ארנה_ירושלים	743059
הר_כנען	276691
עין_ורד	98717
מעלה_עירון	7986
ביתן_הלנה_רובינשטיין_לאמנות_בת_זמננו	263203
היכל_הזיכרון_הלאומי	892866
הוג'	1267465
גבעת_רוקח	903124
שדי_חמד	98907
מועצה_אזורית_עמק_המעיינות	123570
פת_(שכונה)	346210
קריית_מוצקין	7768
בית_קדימה	531791
שביל_ישו	740941
חומות_ירושלים	20293
בוריקה	837638
גוש_חלב	8453
גבעתיים	333156
מרכז_אקדמי_דן	908115
נווה_שלום_(שכונה)	484028
מסעדת_הפיל	898578
ההתקפה_על_אוטובוס_2094	399592
בסיס_חיפה	1026260
ישיבת_נתיבות_חכמה	1274015
מרכז_השיקום_ע”ש_אידה_סוראסקי	1126760
מחלף_הסירה	443667
נוף_איילון	57877
המרכז_העולמי_למורשת_יהודי_צפון_אפריקה	1076531
עין_יזרעאל	337561
גשר_עכברה	1048124
חמדת_ימים_(נקודת_יישוב)	221368
בית_עפה	195269
שער_פאטמה	564832
המוזיאון_לאמנות_האסלאם	186386
לונדע	1277373
מנהרת_הרכבת_ליד_מחלף_שפירים	1019410
מגדל_ציון	1169903
שלומי	8031
מצודת_חוקוק	1183999
בית_הקברות_ממילא	343109
חצר_ראשונים_בדגניה	343988
פלך_(בית_ספר)	181274
כפר_הנוער_קריית_יערים	135230
פלך_(קיבוץ)	13798
נחל_דרגה	210719
כפר_הנוער_ויצו_נחלת_יהודה	473444
חוות_שלם	130988
בית_העיר_תל_אביב-יפו	758035
עוזייר	100985
מחלף_שער_שומרון	1022512
קפלת_ההרשעה_וכפיית_הצלב	1071355
גבעת_וושינגטון	98995
כפר_נטר	97390
מירון_(מושב)	103221
חניתה	70557
פיגוע_מכונית_התופת_בעפולה	662873
נבי_ימין	436297
קצרין	8014
קולנוע_אורן_(באר_שבע)	1193524
מעלה_עקרבים	358440
התיכון_ליד_האוניברסיטה	175832
מלילות	56351
מחוז_המרכז	62741
מסילת_החוף	388260
ספריית_פבזנר	680018
בית_אריה-עופרים	7910
אל-מאלחה	378629
מחנה_המעצר_בלטרון	424970
מכון_אבני	114201
תחנת_הרכבת_לב_המפרץ	338470
מחלף_לטרון	443099
מארוס	92304
גבעת_יונה	791788
בית_הסראייה_(צפת)	708379
ביצרון	100267
תעלת_עינת	1112821
הר_אלדד	1129601
בית_לודז'יה	696763
אוניברסיטת_בית_לחם	447193
פתח_תקווה	84552
מנחת_ספיר	198805
החאן_הירושלמי	43281
שייח'_אבריק	695126
אח"י_סופה_(סער_3)	1027139
גבע	97336
בית_רוק	683863
מלון_מצודת_דוד	369339
התעשייה_האווירית_לישראל	38630
כפר_קרע	7966
גבת	97341
ירקונה	98789
המשכן_לאמנויות_הבמה_(אשדוד)	1184065
היברו_יוניון_קולג'	582382
עין_יעקב	106206
פדויים	95279
שדה_אליעזר	96718
כפר_שמואל	83561
אנדרטה_לשואה_ולתקומה	535779
סלקום	65464
בקעת_ארבל	112363
גן_מנשה	790716
סח'נין	7758
חמת_טבריה	169669
בשית	468337
אנדרטת_חטיבת_הנגב	14927
מועצה_אזורית_חבל_מודיעין	148997
דיר_חנא	7934
אצטדיון_האתלטיקה_העירוני_(ראשון_לציון)	995923
מחלף_ראשונים_(גן_הוורדים)	194272
מנהרות_הרכבת_בראש_הנקרה	564748
איירפורט_סיטי	739623
גני_עם	34846
איתנים	99633
כפר_חיים	98914
המרכז_הרפואי_לגליל	590200
תחנת_הרכבת_סמח_(צמח)	153325
שדה_התעופה_קריית_שמונה	403385
רחבת_הר_הרצל	1181454
פתחיה	99416
מדעטק_-_המוזיאון_הלאומי_למדע,_טכנולוגיה_וחלל	294619
ירחיב	98788
ישיבת_עץ_חיים	142318
חוקוק_(יישוב_עתיק)	953904
תחנת_הרכבת_לוד	372350
כרמלהיים	181125
שער_הגיא	182489
עארה	205218
הדולפינריום_בתל_אביב	964070
בית_דג'אן	258813
המוביל_הארצי	425
נחלת_ז'בוטינסקי	158004
אצטדיון_הברפלד	127975
היכל_הספורט_גן_נחום	1165962
עין_זיתון	731572
בית_שומאכר	179293
שדה_הנפט_מגד	1184670
ניצן_ב'	589772
התחנה_המרכזית_של_נתניה	778462
בית_שערים	21376
אצטדיון_גרונדמן	926253
ליבנים	101549
כביש_44	199054
יער_צרעה	497899
בית_אגיון	399947
גלעד_(בית_חולים)	652226
באר_שבע	5687
יפיע	7948
ליפתא_(מעיין)	953912
מקדש_הבאב	557472
חנות_תגרים	535835
מתחם_הבורסה	197551
סינמטק_תל_אביב	187732
הספרייה_המרכזית_ע"ש_סוראסקי	650502
קורנית_(יישוב)	13800
ישיבת_מעלות	120291
ישיבת_המקובלים_שער_השמים	847126
צ'ק_פוסט	648506
היכל_מרדכי_רוזנשטיין	1011597
המרכז_הערבי-יהודי_ביפו	654267
גבעת_אלה	54484
שיזף_(יישוב)	1190936
דואר_ישראל	29087
הר_צובה	195349
גן_שאול	537144
מרחביה_(מושב)	103843
תקומה	33035
בית_העמק	84073
בית_היתומים_שנלר	376424
מערת_כבארה	309289
תחנת_הכוח_דליה	1220996
פיגוע_בית_שאן_(1974)	756195
בית_אליעזר_ותלמה_ילין	398082
דרך_חברון	362818
שמורת_פורה	631824
המצודה_האשורית_(ראשון_לציון)	803255
בית_זייד	104305
בית_צעירות_מזרחי	790168
איג'זים	801665
חולות_סמר	891500
רוממה_(חיפה)	595439
בית_לוחמי_הגטאות	198487
הפיגוע_בקו_2_בירושלים	100077
בית_התפוצות	49917
מועצה_אזורית_מטה_יהודה	72637
בית_הכנסת_הגדול_של_חסידי_ברסלב	1110122
אסון_המסוקים	21149
כיכר_צרפת	276096
ניר_עם	58144
אנדרטת_נצר_אחרון	891558
גיזו	99645
מוזיאון_בתי_האוסף_לתולדות_צה"ל	649652
תחנת_הרכבת_בת_ים_-_יוספטל	369653
מכון_איילון	106095
באר_"מצאנו_מים"	1127083
מנזר_רטיסבון	358605
קריית_וולפסון	779199
צור_באהר	375811
ציפורי_(יישוב_עתיק)	24735
תל_תאומים	106270
אולם_הקריה	660904
באקה_אל-גרבייה	128493
סמינר_אור_החיים	1080824
נווה_זיו	106192
קאמל_קומדי_קלאב	195201
שדה_אילן	106223
שער_שכם	43096
משרד_הביטחון	114081
מעבר_ראש_הנקרה	401834
חורבת_פטיש	56356
מועצה_אזורית_ברנר	124426
המוזיאון_הפתוח_עומר	1271516
בית_חולים_10	1214285
תחנת_הרכבת_ראשון_לציון_משה_דיין	383895
טלמון	100679
נחל_דן	6361
חצור_(בסיס)	79822
תלמי_ביל"ו	95298
ראס_עלי	10349
בית_דני	513018
שמורת_טבע_עין_אפק	26445
הר_נוף	85438
ספריית_הכנסת	647804
חסידות_בעלז	35024
כפר_מונש	80404
לאונרדו_סיטי_טאוור	144006
המרכז_הרפואי_ע"ש_אדית_וולפסון	309845
בית_החולים_הדסה_בבאר_שבע	1075323
רום_כרמל	78056
ארבל_(מושב)	94658
פארק_התעשייה_אפק	368729
אולם_הפחים	534662
מכון_מאיר	106879
גשר_בנות_יעקב	74093
שדרות_בת_גלים	1081921
כנרת_(מושבה)	7955
מחלף_חולון	836632
בת_הדר	100257
יד_לחללי_חיל_הים	999469
בית_ואסף_בשאראת	531356
קריית_שמונה	7770
מחלף_קריית_משה	1022432
אעבלין	7903
דרך_הפסלים_בחצרים	1277401
עין_אילה	27156
נחל_צלמון	241243
חורבת_חנות	782048
מחלף_חולות	438630
עג'מי	437210
חמדון	13778
טאבה	43948
ישיבת_אור_עציון	64938
נתיבי_איילון	9342
תאשור	58019
קרב_באר_שבע	443951
מעברות	18176
זכרון_מאיר	803312
חורבת_דנעילה	1049609
מחלף_נשרים	471257
חורבת_קיטמית	1026826
מוסדות_חוט_של_חסד	89865
פארק_מנחם_בגין	448867
גינוסר	75841
בית_הספר_הריאלי	18934
מרכז_רפואי_בני_ציון	494350
הגימנסיה_העברית_רחביה	98828
נגוהות	96774
בית_עיריית_בת_ים	1212972
מעגן_מיכאל	101095
אובליסק_הקיסר_בחיפה	739847
משהד_(מועצה_מקומית)	7987
מחלף_אלוף_שדה	197277
כנסיית_הבשורה	18343
גני_הטבע_(תל_אביב)	650812
פארק_תעשיות_פלמחים	1268302
ג'ש_(גוש_חלב)	7929
פארק_אריאל_שרון	26444
מחלף_זכרון_יעקב	449945
גן_האומות_בהר_הרצל	1184042
בתי_ראנד	315768
גני_יוחנן	14557
ניסיון_החטיפה_בע'ג'ר_(2005)	219882
כפר_הנוער_האורנים_-_פנימיית_האורנים	1075373
הקרב_על_חיפה	101193
סינמטק_חיפה	286581
מכללת_ליפשיץ	705294
שדה_עוזיהו	100403
אילניה	64231
בית_הכנסת_האיטלקי_(ירושלים)	1051568
קריית_ויז'ניץ	550529
חורשת_טל	169418
אום_א-זינאת	349730
מוזיאון_האצ"ל	608004
ראס_אל-עין	13801
רחוב_הרצל_(תל_אביב)	349939
בית_דיזנגוף	258538
אולם_הדרייב_אין	1215883
מוזיאון_רוקפלר	28640
קניון_השרון	756394
מחוז_ירושלים	84240
סמדר	164531
מנזר_גבירתנו_של_הכרמל	707760
שמיר_(קיבוץ)	95244
אגודת_השומרים	589009
קבר_יאסון	186931
פארק_תעשיות_רמת_דלתון	1146378
אוניברסיטת_בר-אילן	17802
מגדל_בנק_דיסקונט	650016
המזרח_הקרוב	285759
צומת_בית_דגן	193869
אנדרטה_לזכר_ההומואים_והלסביות_שנרדפו_בשואה_(תל_אביב)	1161608
הזורעים	94950
מחלף_יוספטל	762532
בסיס_אשדוד	1014556
אזור	7897
שמואל_הנביא_(שכונה)	266021
הר_האר"י	927820
בית_אל-עזה	669048
אליפז_(קיבוץ)	5731
בופור	130732
גבעות_מע'אר	767110
אורים	90811
שמורת_טבע_חורבת_קרתא	1040626
בצרה_(ישראל)	99046
טללים	90803
מחלף_עתלית	1020690
הפיגוע_בקו_5	471407
בית_חולים_איתנים	877053
בית_המשפט_העליון	13672
תנין_(שדה_גז)	1001310
כדים	83996
אום_ג'וני	346069
בית_מעריב	1161058
שער_אפרים	97937
בית_רימון	88717
קתדרלת_יעקב_הקדוש	114849
מחלף_מבוא_איילון	542183
עין_קובי	339894
יגור	18582
תל_אפק_(אנטיפטריס)	26475
פוריה_-_נווה_עובד	97093
חורבת_קסטרא	808347
שכונת_אם_המושבות	577636
מחנה_יוסף	651168
גמלא_(יישוב_עתיק)	52092
כרמל_(אתר_מקראי)	476475
נתיבות	7756
מנוחה	96797
לקיה	7970
גשר_בר-יהודה	930955
ג'סר_א-זרקא	7928
פרדס_דכה	655349
המרכז_הרפואי_האוניברסיטאי_סורוקה	305464
ינון_(מושב)	100409
קריית_חינוך_שעלבים	235447
יד_לחללי_אסון_השייטת	1129740
ישיבת_סלובודקה_(בני_ברק)	134410
רמת_גן	7775
לווייתן_(שדה_גז)	851226
הנס_בייט	740503
הטבח_בנהריים	817614
אום_אל_עומדן	624923
אנדרטת_חטיבת_אלכסנדרוני	1184818
בית_הכרם	95674
הקריה_האקדמית_אונו	198073
בן_זכאי	98989
רשות_השידור	58980
מגדל_רמז	1214223
יער_חרובית	101760
הגימנסיה_הריאלית	80419
נוה_אחיעזר	770263
משמר_השלושה	104316
המרכז_הרפואי_יוספטל	617373
המכללה_האקדמית_נתניה	279210
סרטבה	113982
פארק_מתם	118438
שכונת_חצר	290768
אשדוד_ים	360173
מגדלי_YOO	197215
מוצב_גלגלית	1184494
יד_מרדכי	74216
מלון_קאמיניץ	765782
כנסיית_הדורמיציון	42764
ממילא	129153
בית_המדפיס_הממשלתי	539113
מצודת_תפן	1244176
גלאון	250275
אצטדיון_עירוני_נס_ציונה	570008
אזור_התעשייה_עמק_שרה	1210693
גבעת_נשר	764478
בית_קברות_שייח'_מוראד	682608
דרך_הקיסר	782074
מחלף_אכסאל	1021911
בית_בירם	391869
קבר_רבי_מאיר_בעל_הנס	11951
יפתחאל_(אתר_ארכאולוגי)	893364
הקרב_על_ניצנים	258259
תל_קדש	418701
בית_ראשונים_(הרצליה)	937842
כפר_הנוער_בן_שמן	135174
בית_המכס_בנמל_יפו	1223679
אסון_אולמי_ורסאי	103424
נחל_עמוד	121948
קריית_אריה	450682
נמל_יפו	52335
הגן_הבוטני_הלאומי	1275387
הר_רומם	1213984
טיילת_לואי	940002
מחלף_נס_ציונה	630944
בית_בן-גוריון	496825
בית_זרע	5732
בית_החולים_כפר_שאול	682896
הקרב_על_גבעה_69	249189
מרינה_אשקלון	661899
כפר_חיטים	69371
רמת_הטייסים	651436
חורה	7940
משמר_דוד	99427
יד_רמב"ם	15345
מגדל_טויוטה	650008
בית_הגדי	95233
צלפון	99712
בענה	7918
מחוז_הדרום	84239
ישיבת_מעלה_גלבוע	62768
רם_און	106219
כפר_אחים	100410
בית-חנן	15898
מסמיה	108948
האוניברסיטה_העברית_בירושלים	1060
גן_המושבה	409641
מע'אר	7971
בית_מרקחת_הנגב	537407
מעיליא	7984
מוזיאון_המקדש	962202
בית_התנ"ך	650032
בית_עניה	566738
קדימה-צורן	71895
ארינפורה	70712
תל_שרוחן	97951
הקואופרציה_במרחביה	410365
מנזר_ההשתנות	1163195
הר_מירון	6401
צהלון	654995
כפר_חסידים	96466
עדי	343387
כפר_ילדים_ונוער_אהבה	302165
צפת	5712
קריית_ענבים	321492
גבעת_חיים_איחוד	94760
מועצה_אזורית_זבולון	147121
נווה_שכטר	1099828
תל_שמרון	301911
בית_פרנק	232444
שכונות_עבר_הירקון	382762
ג'רישה	259939
אורות_(מושב)	38283
כנסיית_יוחנן_הקדוש_(חיפה)	1006024
הבורסה_לניירות_ערך_בתל_אביב	111259
גאליה_(מושב)	136051
נחלת_שבעה	76062
עכברה	109567
מרכז_רפואי_רבין	51949
כונתילה	1186728
קרב_ג'וליס	793525
גן_וריסלנד	1237649
כנסיית_ההשתנות	693608
מצודת_הונין	1284337
יד_ושם	2488
מרכז_רפואי_כרמל	412482
נמל_הקישון	389656
גילון	13772
תחנת_הכוח_רדינג	333210
מסגד_אל-מועלק	665635
מעלה_צביה	13794
מרכז_רפואי_אסף_הרופא	61527
מועצה_אזורית_משגב	13766
יער_הזורע	145789
תחנת_הרכבת_ירושלים	185118
דני_מט	281964
מעיין_חרוד	169675
תחנת_הרכבת_נתניה_קריית_ספיר	1071565
משרד_החינוך	58674
כפר_חסידים_ב'	96470
מוסד_הרב_קוק	136152
אישוע	477144
ניצנים	718848
אנדרטת_אלכסנדר_זייד	597167
ניות	692896
בית_יעקב_(שכונה)	584254
ישיבת_נהריה	106401
רחוב_אתיופיה	534906
קטמון	188296
חוות_שער_הגיא	994628
The_Times_of_Israel	1250142
אנדרטה_לחללי_חטיבה_8	1133896
קרב_ארסוף	549117
יבנאל	7946
כרמלית	5450
בית_יצחק-שער_חפר	98746
המרכז_האקדמי_שערי_משפט	996190
גבעת_הרקפות	1145155
קולנוע_אורות	1106680
מועצה_אזורית_חוף_הכרמל	122065
אביגדור	91916
המרכז_הרפואי_הלל_יפה	201905
מחלף_שרה	1021831
בתי_ברוידא	311026
רווחה_(מושב)	135285
לימן	94346
הבית_המשוגע	329541
הר_תורען	489194
דיר_דבאן	1182201
טבח_מעלה_עקרבים	15251
פרדס_כץ	190904
קריית_שמואל_(חיפה)	214552
כרם_שלום	96181
זאוויית_א-שאזלייה	663868
טמרה	7744
שיכון_רבע_הקילומטר	1052922
בניין_הטלוויזיה_הישראלית	1100456
מדרך_עוז	106179
פלורנטין	7833
מבקיעים	100258
קולנוע_סמדר	232474
מחלף_עד_הלום	610391
חלקת_משפחת_ז'בוטינסקי	892738
בית_הכנסת_הגדול_(ירושלים)	197742
המכון_הלאומי_לרפואה_משפטית	590441
הר_תבור	24986
בית_הקברות_סנהדריה	565544
מגדל_המפרש	361469
חוות_משמר_הכרמל	858785
כביש_5720	959356
להב_(קיבוץ)	56329
בת_שלמה	94930
זרעית	108486
אבני_חמשת_המלכים	1074481
אשדות_יעקב	97105
אולם_הקונכייה	1159033
חרובה	623632
אצטדיון_וסרמיל	435497
קומראן	68383
הר_חילזון	1042340
הר_צפחות	136790
כפר_לאם	1174579
בית_הנוטרים_(בנימינה)	1047399
כיכר_השוטר_(תל_אביב)	1288892
מחלף_נחשונים	197632
מחסום_חווארה	66796
בית_ינאי	98956
כנסיית_מריה_מגדלנה	20416
אנדרטת_מגילת_האש	494601
אולפנת_צפירה	1051807
נחל_אזוב	1004592
דחי_(כפר)	100793
גיאה	97292
כיכר_הכנסת	281877
בית_עמנואל	1072316
ביר_אל-מכסור	7908
עינת	98833
רמת_שלמה	611316
תל_בית_ירח	155985
תל_גיבורים_(בני_ברק)	851235
תחנת_הרכבת_תל_אביב_ההגנה	362915
מנורת_הכנסת	171850
אבירים	91927
שלומית_(יישוב)	1016013
מחלף_קיסריה	937843
קרב_אג'נדיין	765950
מבשרת_ציון	5477
האצטדיון_העירוני_נתניה	512176
אגמון_חולה	291601
גרנד_קניון_(חיפה)	483267
אצטדיון_המכתש	127520
מבצר_כפרלט	163391
בית_הספר_תחכמוני_(תל_אביב-יפו)	673829
עינן	83051
מבוא_ביתר	99251
מכון_אורה	349200
תחנת_הרכבת_חולון_-_וולפסון	388232
הפיגוע_במלון_פארק	50354
דהריה_תחתא	1051125
מוזיאון_ארץ_ישראל	204478
מרכז_וולקני	85845
שמורת_גבעת_חומרה	1077856
הפיגוע_במסעדת_מקסים	90375
בלפוריה	101445
תל_כיסון	50381
גבעת_עמל_ב'	1077246
אריאל	7727
הספארי_ברמת_גן	23750
שילה_(יישוב)	93252
כביש_בגין	346235
מרכזית_בת_גלים	361531
ראשון_לציון	5720
בתי_זיקוק_לנפט_(חברה)	239017
בית_צים_(תל_אביב)	424214
בית_עובד	135393
אצטדיון_קריית_אליעזר	107905
בניין_ג'נרלי	128448
גן_החשמל	651398
מוריסטן	340127
מסגד_הים_(יפו)	653051
בית_החולים_ע"ש_ברוך_פדה,_פוריה	530435
לונדון_מיניסטורס	411971
בית_שמואל_אזרחי-בריסקר	398419
תחנת_הרכבת_קריית_גת	375100
מצפה_(יישוב)	106174
המוזיאון_לאמנות_רוסית	860259
המכללה_לחינוך_ע"ש_דוד_ילין	313337
המרכז_לטניס_בישראל_-_רמת_השרון	1140574
גן_דניאל	350599
קריית_נטפים	100651
יהוד_מדינתא	666665
חומת_ירושלים_העות'מאנית	908029
תושיה	56362
רחוב_השומר	820096
בקעת_גינוסר	112356
סמר	95045
מגדל_המים_(באר_שבע)	1050980
ערד	4302
חגלה_(מושב)	98959
בית_נטיף	445229
רמת_ישראל	650704
רכס_רמים	465242
תחנת_הרכבת_סג'ד	498151
שבלי_-_אום_אל-גנם	8028
בית_החולים_הווטרינרי_האוניברסיטאי	1167965
קולנוע_שרון	576402
תחנת_הרכבת_כפר_חב"ד	337163
מסילת_ציון	99657
מחלף_שורק	475333
לגיו	772630
מחלף_מסובים	414820
המסגד_הלבן_(נצרת)	667321
מוזיאון_האצ"ל_בתש"ח	447027
מחלף_שורש	467408
גבעת_אנדרומדה	400990
בסיס_חיל_האוויר_לוד	263411
בית_ועד_הקהילה	834558
נחל_חרמון	6362
מחלף_וולפסון	875451
רקפת_(יישוב)	13802
גיתה_(יישוב)	103339
בית_עור_א-תחתא	335727
כנסיית_פטרוס_הקדוש_(יפו)	477923
תדמור_(בית_ספר_למלונאות)	319114
מגדלור_מכמורת	1031690
בית_סוסין	635298
בית_ג'יברין	1081900
אנדרטת_מלחמת_העצמאות_בעכו	1129937
אל-כוניסה	619261
תיכון_בית_ירח	109671
בורות_לוץ	1082505
יודפת	13781
נווה_נאמן	1290165
אצטדיון_סלה	784755
הר_איתן	1149686
תחנת_הרכבת_באר_שבע_צפון	373320
כפר_רות	108801
תל_בית_צידה	153307
קריית_אונו	7763
תחנת_הרכבת_קריית_מוצקין	281332
הכותל_המערבי	18816
המכללה_האקדמית_ספיר	364116
נחשולים	101091
טנטורה	97907
יפו_ג'	653821
המרכז_למוזיקה_ירושלים	635274
עגור_(מושב)	99663
בית_שמש	7731
טייבה_(בעמק)	104608
תל_יצחק	97384
מנזר_השתקנים	310477
כפר_אוריאל	478500
עציון_גבר	414361
גשר_יהודה_הימית	560954
כפר_המכבי	104622
תדהר	58020
אור_יהודה	7725
הר_כרכום	113598
המושבה_הגרמנית_(ירושלים)	179488
כדיתה	559520
נוגה_(מושב)	96799
כפר_בן_נון	93150
לוחמי_הגטאות	66098
בית_הכנסת_בבית_אלפא	169688
קריית_אתא	7764
כסייפה	7956
כיכר_המלך_אלברט	93904
צומת_הנגב	1037004
הר_התקווה	455843
המלון_הסקוטי	849336
קריית_שאול	644484
מצוק_מגדים	860343
אצטדיון_הקופסא	99003
אצטדיון_טדי	37953
דלתון_(מושב)	98901
גבעת_זאב	7919
פרדסיה	8009
מחלף_אולגה	1020803
בריכת_הקשתות	649900
רחוב_בן_יהודה_(ירושלים)	100366
גני_יהודה	98784
מורשת_(יישוב_קהילתי)	13790
גן_הקבר	119473
בלמונט_(מצודה)	766149
בית_שערים_(מושב)	164075
קרב_נירים	753247
היכל_טוטו_חולון	1215878
חוליקאת	776891
נורדיה_(שכונה)	549914
הדר_גנים-עמישב	251813
אשתאול	99634
אלומות	96829
כפר_מרדכי	99398
גשר_ווקופ	566772
בית_בונם	398774
מתקפת_הטרור_בדרום_ישראל_(2011)	925684
באסה_(הרצליה)	960790
אמאוס	113386
הקרב_בג'נין_2002	77782
מחלף_ראשון_דרום	630964
קריית_טבעון	8016
אתר_הנצחה_לחללי_קהילת_המודיעין	1000672
חבצלת_השרון_(מושב)	98748
ח'רבת_אל-מפג'ר	461406
ישקר	188174
טירת_כרמל	7743
בית_החינוך_ע"ש_א"ד_גורדון	502253
תחנת_הרכבת_רחובות	375899
שיכוני_חיסכון	655139
בית_בולאך	654234
רחובות_בנגב	110539
נחל_חדרה	276670
בית_הלורד	1289918
קלחים	91588
התחנה_המרכזית_של_פתח_תקווה	1036246
זרחיה	108919
אשבול_(מושב)	95284
שדה_בוקר	4416
מחלף_השלום	421676
עבדון	106204
בית_ברודצקי	650759
מכללה_ירושלים	324128
ישיבת_כרם_ביבנה	74454
בית_השייח_מוראד	667276
מלחה_(שכונה)	177994
כברי	36366
יד_אליהו	153604
ברקת_(מושב)	17568
בית_רבינסקי	691044
המכללה_האקדמית_אחוה	100450
המסגד_הגדול_ברמלה	239197
מתקן_המכ"ם_בדימונה	837987
מגדל_בין_ערים	1230331
גני_טל	29628
עין_צורים	20950
המוזיאון_הישראלי_לקריקטורה_ולקומיקס	481479
טייבה	7741
מועצה_אזורית_לכיש	147118
אל-באהג'ה	556483
מזור	147463
בית_וגן	113050
קריית_מלאכי	7769
פטיש_(מושב)	95292
ארון_הקודש_מרג'ו_אמיליה	547087
אוהל_משה_(תל_אביב)	651170
כרמיאל	2282
קרב_עיון_קרא	444765
מגדים	100742
נס_הרים	99373
תחנת_הרכבת_יבנה_מזרח	363057
אולמות_האבירים	1004702
נחל_אורן	835371
רמת_דניה	211906
בית_רולה_פלויד	1072428
צומת_השרון	167837
שמורת_שער_פולג	750591
היכל_הספורט_מטרו_ווסט_רעננה	656745
גזר_(קיבוץ)	99408
מחוז_תל_אביב	79489
גבעת_מרדכי	476040
אצטדיון_רמת_גן	59286
אביאל	703068
רמת_אהרן	1079257
בני_ציון	99048
שגור	213650
מוזיאון_אילנה_גור	1039710
מועצה_אזורית_גדרות	39701
אזור_תעשייה_עידן_הנגב	1040595
תחנת_הרכבת_כפר_סבא_-_נורדאו	376801
נמל_אילת	321438
הקסטל	170477
בית_הכנסת_היכל_יהודה	651641
כפר_יונה	7962
המושבה_האמריקאית-גרמנית_ביפו	180318
יער_חדרה	749499
הר_הקפיצה	268310
מגדל_עלית	166984
עקרבים_(יישוב_קדום)	911340
יכיני	96639
כפר_בירעם	444534
מלון_קרלטון_תל_אביב	1056869
כפר_הנשיא	102761
בתי_הכנסת_הספרדיים	186732
מחנה_חסה	697358
בית_הכט	643539
כוכב_הצפון_(שכונה)	382752
אמפיתיאטרון_גבעת_רם	1270046
מועצה_אזורית_מרחבים	38196
גלעד_לחללי_טייסת_114	1224919
בית_עיריית_כפר_סבא	1276047
אצטדיון_גרין	717275
יחד_(קיבוץ)	13768
ג'דיידה-מכר	7922
שכונת_התקווה	225454
קריית_מטרסדורף	834434
זבדיאל	108915
חנתון	103976
גאולים_(מושב)	97380
תל_מחוז	968056
קריות_(יהודה)	463630
אצטדיון_המכביה	128709
איי_אכזיב	81689
הכנסייה_הסלזיאנית	667808
מועצה_אזורית_חוף_אשקלון	100251
המכון_הישראלי_לדמוקרטיה	410724
גן_חיים	98785
נחל_אלכסנדר	4977
תחנת_הכרמל	368010
צומת_עלית	194720
מגדלור_יפו	1031679
תל_גזר	52064
בית_ספר_ויצו_ניר_העמק	467953
שפר	106222
מולדת_(יישוב)	106189
אולם_זיסמן	722843
יפיע_(יישוב_עתיק)	823925
תחנת_הרכבת_כפר_ג'יניס	504753
מנשייה_זבדה	104312
ביר_הדאג'	115884
ואדי_סאליב	23996
נחל_הדר	1114938
יער_יתיר	246152
מועצה_אזורית_אל-בטוף	41944
הבונים	95237
הבית_הירוק_(תל_אביב)	644048
המרכז_האולימפי_הלאומי_לקליעה_ע"ש_יגאל_אלון_ז"ל	1032197
הר_הגלבוע	17843
הגוש_הגדול	656177
העיר_העתיקה	31617
ידידה	504278
מועצה_אזורית_דרום_השרון	128900
מצודת_המישור	853866
מרכז_רפואי_מאיר	748871
גבעת_שפירא_(מושב)	168051
מחלף_קריית_ראשון	630959
ירכא	7951
שכונת_הבוכרים	375601
מצד_נקרות	1284361
בית_שלום_עליכם	263799
מרגליות	96695
שדות_ים	39313
מערת_שם_ועבר	1193432
בית_הוועד_הפועל_של_ההסתדרות	884489
ברנדייס_(שכונה)	423512
בניין_הדואר_המרכזי_(יפו)	797852
הפיגוע_בקו_37	232426
מחנה_שבטה	335955
מרכז_רפואי_רעות	638893
תל_בית_שמש	444531
תחנת_הרכבת_אשדוד_עד_הלום	375557
סטלה_מאריס	217658
תחנת_הרכבת_פתח_תקווה_-_קריית_אריה	374580
תל_איילון	1005626
תל_באר_שבע	171287
טבח_בתי_הזיקוק	497454
משמרות	95243
עאקיר	668002
בט"ר_דותן	191866
בית_ביאליק	85822
בית_הקברות_לחיילים_הגרמנים_בנצרת	176723
רחוב_בן_יהודה_(תל_אביב)	377451
אל-חרם	254846
ביתניה_תחתית	1174285
כיכר_היינריך_היינה	940499
ישיבת_כנסת_חזקיהו	359917
מלון_ענבל	1164280
שדה_התעופה_רמלה	757610
רינתיה	112527
מג'דל_(טבריה)	859539
שדרות	7777
יער_ביריה	414962
יהוד_(מושבה)	493030
דאלית_אל-כרמל	7931
אזור_התעשייה_אלון_תבור	1086756
שער_האריות	56127
מועצה_אזורית_שדות_נגב	130760
ניצנה	60655
קולנוע_גת	672286
קאקון	230330
מלון_ממילא	1277042
גן_העצמאות_(ירושלים)	367083
מלון_הר_ציון	248800
בית_מחניים	290871
מאורעות_תרפ"א	67917
קניון_חיפה	812960
שמורת_בני_ציון	688780
עזריאל	97942
ביר_אבו_מטר	676777
מקוה_ישראל	71614
משאבי_שדה	58137
הר_ארדון	361317
מרכז_רפואי_קפלן	41515
אצטדיון_עילוט	1121432
שדרות_ירושלים_(יפו)	301536
הערבה	91406
גלידה_מונטנה	643945
תיאטרון_ירושלים	411946
סגולה_(אזור_תעשייה)	453410
בית_יהושע	97386
כיכר_ביאליק	299538
הגימנסיה_העברית_"הרצליה"	143724
וילהלמה	222341
חוסמסה	189905
מחלף_שבעת_הכוכבים	670845
גניגר	103851
בית_שקמה	100260
האקדמיה_הלאומית_הישראלית_למדעים	281715
בית_הכנסת_הגדול_(ראשון_לציון)	197960
האנדרטה_לזכר_החיילים_היהודים_בצבא_האדום_במלחמת_העולם_השנייה	943271
ג'וינט	42310
בית_סקופסקי	1086979
מגדלי_עזריאלי	583969
אצטדיון_טוטו_עכו	931427
צרעה_(קיבוץ)	47837
רוויה_(מושב)	106218
מבצע_קילשון	191406
תחנת_הרכבת_רמלה	363027
ביתן_אהרן	98910
כרם_בן_שמן	135210
שדות_מיכה	99708
מלון_הרצליה_(צפת)	1182817
צרופה	101081
אולם_ספורט_צאלים_אילת	1128881
חיפה	678474
גבעת_אבני	103360
בית_הספר_החקלאי_כדורי	88823
דימונה	6165
טל_שחר	99647
שטיבלך_מאה_שערים	912528
מוזיאון_המזגגה	1041000
אשקלונה	1127920
לטרון	97329
יקנעם_עילית	7949
כביש_411	1092472
נחל_געתון	163279
בית_הספר_ויצמן	1234551
הר-טוב	356028
געתון_(קיבוץ)	5744
ראס_עטייה	635248
מגדל_מאייר_ברוטשילד	902660
נבטים_(בסיס)	170506
ליל_הגלשונים	54716
בורגתא	42922
התחנה_המרכזית_(באר_שבע)	1050862
מרינה_הרצליה	769424
כפר_ויתקין	98967
שדה_התעופה_הרצליה	179543
בית_הכנסת_זיכרון_משה	569026
קבר_הבאבא_סאלי	686189
מפלסים	58136
קריית_גת	7766
בית_גד_פרומקין	399507
מלון_אירוס_המדבר	1276074
בית_זלמן_שוקן	400284
הפיגוע_בקפה_הלל	944194
ניר_דוד_(תל-עמל)	108179
בית_הקברות_בהר_הזיתים	621919
מחלף_חוף_השרון	1020729
כישור_(קיבוץ)	13783
גן_סאקר	102621
חניאל	98961
חוף_התופים	1280592
שונם	714483
שפרעם	7778
כרי_דשא	109582
היכל_הספורט_לב_המושבה	1110525
התחנה_המרכזית_של_אשדוד	940041
נתיב_השיירה	97145
הכנסת	319299
חורבת_ירדה	371702
יסודות_(מושב)	99392
חורפיש	7941
רהט	7772
בית_דוד_(שכונה)	367028
דביר_(קיבוץ)	95344
כנסיית_הבכורה_של_פטרוס	536718
רפאל_-_מערכות_לחימה_מתקדמות	108204
שוק_התקווה	657812
משגב_דב	99396
תחנת_הרכבת_נמל_התעופה_בן-גוריון	369760
בית_הביל"ויים	655630
מסגד_אל-ג'זאר	662121
איילת_השחר_(קיבוץ)	101539
סביל_אבו_נבוט	640697
אגם_הנקיק	1186985
בקעה_(שכונה)	156787
כנסיית_החתונה	997304
ברור_חיל	96643
בריכות_הצאן	233003
אנדרטת_גדוד_52	1126315
מבצע_צוק_איתן	1201545
ישגב	645112
Ice_Peaks	1209114
בית_עיריית_תל_אביב-יפו	383217
משכן_הנשיא	109977
בית_ציוני_אמריקה	8775
פארק_המדע_קריית_ויצמן	550755
קרן_נפתלי	748923
האוניברסיטה_הפתוחה	8399
איסדוד	489561
רצועת_חוף_תל_אביב-יפו	375415
מכון_ון_ליר_בירושלים	338271
בית_לוינשטיין	275932
נמרוד_(יישוב)	51213
חלקת_המעפילים_בהר_הרצל	892719
בניין_המטה_הארצי_של_משטרת_ישראל_(יפו)	888494
הפיגוע_במועדון_מייק'ס_פלייס	652951
עין_גדי_(קיבוץ)	188426
מגדלא	64003
עין_שבע	105963
מערת_זוטייה	950992
כפר_סילבר	100262
בית_הכנסת_העתיק_בפקיעין	734247
ישיבת_נווה_הרצוג	98996
בית_סוהר_רימונים	573826
דורות	96650
נפת_עכו_(המנדט)	770534
תל_מלחתה	785931
נמל_תל_אביב	93613
בית_אל_על	347704
גשר_המיתרים_(פתח_תקווה)	358810
זנגביל_-_מרכז_קהילתי_לצמחונות	906975
אבטליון_(יישוב)	13770
מצפה_איתן	1280492
פרשת_הולילנד	1179902
מחלף_רמלה_מערב	464451
מעלול	959771
מגדלי_דוד	955714
מועצה_אזורית_עמק_הירדן	147281
כולל_שומרי_החומות	802194
כיכר_חורב	676890
גשר_עד_הלום	70931
באר_יעקב	7905
ישרש	31939
מחלף_תל_קשיש	1050526
אפרת	7904
מרכז_משמעו"ת	326322
עיינות	108797
עולש_(מושב)	98735
קניון_הנגב	402525
מחלף_אליפלט	1019302
מלון_הילטון_תל_אביב	245824
קריה_למחקר_גרעיני_-_נגב	13164
דומוס_גלילאה	464834
כנסיית_העלייה	127088
בית_סוהר_נפחא	1166179
סוריה_פלשתינה	1248181
פיצוץ_מלון_המלך_דוד	53651
בית_הספר_הדמוקרטי_בחדרה	286410
עמק_איילון	454192
תחנת_הרכבת_הוד_השרון_-_סוקולוב	349421
עין_כרם	74205
קתדרלת_השילוש_הקדוש	174865
עין_נקובא	99671
בני_דרום	45557
המרכז_הלאומי_לאימונים_ביבשה	104355
הר_רמון	536933
מפרץ_חיפה	45558
מתחם_לודוויפול	801189
מערת_אבשלום	72051
הזורע	5750
מסגד_הים_(עכו)	663315
חצר_סרגיי	128492
בני_דרור	97938
מגדיאל	97884
חי-בר_יטבתה	650338
פארק_גורן	72058
ספריית_בית_אריאלה	8326
בית_סוהר_כרמל	843732
המרכז_הירושלמי_לענייני_ציבור_ומדינה	348603
רמת_אביב_ג'	411111
ג'לג'וליה	7925
מקאם_הנביא_אבו_אברהים	1043278
בניין_הדואר_המרכזי_(ירושלים)	347419
פארק_ענבה	740803
בית_חורון_(עיר_מקראית)	1287181
סביל_אבו_נבוט_ב'	1020647
ספיר_(יישוב)	95320
רשפון	99387
מחלף_מבוא_כרמל	1022558
אצטדיון_קרני	887326
בית_הכנסת_עדס	733390
אולפנת_אור_תורה	876382
בית_העלמין_קריית_שאול	642899
סמטה_פלונית_וסמטה_אלמונית	129700
אביחיל	17038
הר_חלוץ	13774
דיזנגוף_סנטר	14972
בית_הקברות_הצבאי_הבריטי_בירושלים	116213
בית_וייס	383127
כרם_בן_זמרה	105328
ראס_א-טירה	636670
נירית	93310
בית_התנ"ך_העולמי	940502
גבעולים	57048
ממשית	125563
הדסה_נעורים	131290
ברורים	537662
השער_החדש	56143
הגלריה_האוניברסיטאית_לאמנות_ע"ש_גניה_שרייבר	650807
קריית_בנימין	846883
מועצה_אזורית_חבל_יבנה	19094
בית_דב_יוסף	398448
בית_הספר_לאמנויות_רננים	84417
תרביחא	237978
נגבה	99722
נחל_כזיב	10109
הצריף_הראשון_(הוד_השרון)	1071288
רמות_מנשה	51922
כפר_יעבץ	98710
מרכז_שפירא	135278
תלמי_יפה	100263
בית_קמה	5734
כנסיית_בית_פטרוס	684040
מסגד_אל-ג'רינה	856459
גלריה_גבעון	427388
רמת_השרון_(שכונה)	646784
ערערה	8002
מחלף_לה_גוארדיה	445016
תחנת_הרכבת_חיפה_מזרח	259987
מגדל_העיר	938808
אסותא_מרכזים_רפואיים	120711
שבי_ציון	364129
מישור_חוף_הכרמל	335208
נחל_יבנאל	684664
בית_הקברות_הצבאי_הבריטי_ברמלה	715458
עין_חוד	122199
ישיבת_ההסדר_שעלבים	579885
מחלף_לוד	447247
שדרות_בן_צבי	546720
זנוח	98949
אבו_קרינאת	91908
תיכון_א'_לאמנויות_תל_אביב	144551
חורבת_קצרה	250723
בית_החולים_הדסה_(תל_אביב)	244405
מנזר_סטלה_מאריס	1070175
בת_ים	7734
התחנה_המרכזית_של_ירושלים	180787
מלון_פלטין	469084
מרשה	32083
בית_הקברות_הצבאי_בהר_הרצל	1089463
אל-ח'אלצה	287602
בית_סוהר_נווה_תרצה	242737
אולם_נחמני	805664
כפר_מסריק	21888
הגנים_הבוטניים_האוניברסיטאיים_בירושלים	559225
אודים	99047
גן_לאומי_בית_עיטאב	1127699
אתר_ההנצחה_לזכר_יהודי_אתיופיה_שנספו_בדרכם_לישראל	788259
טבח_צפת_(מאורעות_תרפ"ט)	884387
גינת_וינר	1219396
תל_עובדיה	667476
נחל_רובין	195355
דיר_מוחיסין	634795
בית_הכנסת_אוהל_מועד	599826
איקרית	74081
תיאטרון_החאן	426226
עוצם	96139
בצת	94933
בית_מעצר_תל_אביב	1161362
מרכז_כלל	180726
היכל_התרבות	66876
בית_אהרנסון	1000765
היכל_מנורה_מבטחים	104690
מחלף_ג'לג'וליה	1117247
כפר_עאנה	320016
עילוט	7995
תראבין_א-צאנע	108936
חוקוק	95064
הקונסוליה_האמריקאית_בירושלים	672724
תחנת_הרכבת_בני_ברק	360628
השביל_המחבר	1182460
שרונה_(מושבה)	344827
טורעאן	7944
חוות_שבעא	135410
בית_היולדות_הקריה	576152
תמר_(שדה_גז)	636523
קריית_הלאום	901546
מסילת_הרכבת_לירושלים	357280
עין_גדי_(שמורה)	188428
המצור_על_עכו_(1799)	453269
חורשים	5756
ליפתא	281802
מגדל_המים_בראשון_לציון	1167389
שוק_בצלאל	222850
בית_בוסל	1051961
גבעת_ישעיהו	21109
השרון	92019
מאה_שערים_(תל_אביב)	654125
יער_השלום	582435
אבן_ספיר	91933
בריכת_דורה	473312
כנסיית_שנים-עשר_השליחים	684035
חלוצה_(משלט)	1169558
שדה_נחמיה	105629
פרעות_צפת_(1834)	802550
בית_גיבור_ספורט	234932
מלון_קראון_פלזה_ירושלים	18341
תחנת_הרכבת_תל_אביב_מרכז	218640
גן_מאיר	19526
מבצר_ראש_מיה	934046
מצפה_נטופה	106175
קניון_איילון	244990
כפר_חושן	95529
מדיאטק_הייטק	794394
אל-ע'וביה_א-תחתא	1181343
ישיבת_בני_עקיבא_גבעת_שמואל	600359
המרכז_הרפואי_ת"א_ע"ש_סוראסקי	309865
פסיפס_הציפורים_(קיסריה)	796200
בית_התותחן	1080289
קרב_מגידו	209013
הר_מחיה	90801
צפרירים	99684
רחוב_המלך_ג'ורג'_(תל_אביב)	256017
נחל_עיון	247111
מכון_תל_אביב_לחזנות	654269
נחלת_יצחק	210758
לורד_מלצ'ט_(פסל)	1206856
דרך_עובדיה_יוסף	1002290
תחנת_הרכבת_הרצליה	372147
מגדל_אמות_אטריום	1079926
זכרון_יעקב	7936
כפר_המכביה	196011
אנדרטת_חללי_הספארי	78586
קרב_בית_חורון_(166_לפנה"ס)	44093
איתמר_(התנחלות)	100500
כביש_531	346582
חולדה_(קיבוץ)	83468
סדום	10947
הכפר_הירוק	109783
מחלף_סומך	924829
אירוס_(יישוב)	1018744
מסגד_השלום	688350
בית_דראס	766557
חברון	6292
בית_הנכות_בצלאל	354690
יער_אשתאול	510863
רגבים	105631
מחלף_יבנה	1019132
נווה_ים	42099
בסיס_עתלית	1025503
בית_מילקן	470112
שזור	106221
גבעת_משואה	249564
בית_החולים_הגרמני_(ירושלים)	630534
מחלף_זרזיר	925687
כפר_ידידיה	98970
מרינה_תל_אביב	642177
כנסיית_יוסף_הקדוש	667428
כיכר_העצמאות	758483
פז_בית_זיקוק_אשדוד	495476
כנסיית_המשיח	760104
הכפר_הנאוליתי_בעתלית-ים	803442
בניין_בית_המשפט_העליון	502404
מוזיאון_עוקשי	663236
הדיונה_הגדולה	146460
אלון_הגליל	101444
גן_השלושה	169685
מלון_פנינת_ירושלים	352371
יאזור	470298
מצודת_כ"ח	131343
התיאטרון_הרומי_בטבריה	1070772
רחוב_יפו	99609
תל_זריק	1289874
שדה_יעקב	27475
תל_רחוב	482370
מצודות_טגארט	166886
קריית_עקרון	76847
מצד_תמר	309665
מרכז_מורשת_הרמב"ם	818960
מועצה_אזורית_בוסתאן_אל_מרג'	147251
ניר_עוז	90794
מרכז_סוזן_דלל	8772
מגדל_ישרוטל	650021
ימק"א_פניאל	848516
יד_לשריון	93112
רחוב_יפת	272124
בית_הכנסת_העתיק_בשפרעם	1240632
בית_החסד	865182
מחלף_חורשים	542395
פארק_לכיש	156064
בית_הספר_סם_שפיגל_לקולנוע_ולטלוויזיה	163438
כפר_גלעדי	95245
מחלף_דניאל	421672
בקעת_עובדה	121706
אצטדיון_עירוני_הרצליה	191526
פארק_החייל_האוסטרלי	866856
המכללה_האקדמית_תל-חי	644855
מול_ים	252770
אצבע_עוג_מלך_הבשן	381701
נחל_מערות	169699
גן_שמואל	5742
חורבת_קייאפה	649529
שושנת_העמקים	98980
נווה_אביבים	190940
חלקת_גדולי_האומה	5240
מנות	103845
צייטלין_(בית_ספר)	292634
מחלף_קק"ל	496784
בית_הכנסת_הדרת_קודש	933155
חצור_הגלילית	7942
נאות_אפקה	382378
תחנת_הרכבת_קיסריה_-_פרדס_חנה	246336
בית_הלוי	98954
תיכון_בליך	120909
מחלף_עין_תות	686273
ורד_הגליל	100416
רובע_מבוא_העיר	940447
ישיבת_מאורות_התורה	313914
שמורת_החולה	57407
הספרייה_המרכזית_ע"ש_ארן	1109859
מערת_המכפלה	6291
המקשר	310384
גילת	95297
שומרה_(מושב)	106220
תלפיות	91369
מבנה_שערי_צדק_הישן	578426
מחלף_שער_הגיא	421277
התחנה_המרכזית_הישנה_של_תל_אביב	199374
היכל_התרבות_ראשון_לציון	1245470
קדש_ברנע	75664
אושא	501203
וילה_לאה	415917
שעלבים	99412
סגולה_(מושב)	99725
תל_השומר	380316
ישיבת_חזון_עובדיה	447106
נין	100800
כפר_ורדים	7960
מכון_ויצמן_למדע	6373
שעריים	110757
שירה_(צוללת)	620564
גנות_הדר	98105
בית_הכנסת_האיטלקי_ע"ש_רבי_עובדיה_מברטינורו	500646
נטף	16794
שדה_דוד	96780
סעדון	250725
רעים	90789
מעלות-תרשיחא	7751
התחנה_לחקר_ציפורי_ירושלים	946776
קולנוע_תל_אביב	828490
כפר_מצר	100990
פעמי_תש"ז	95277
יסעור_(קיבוץ)	103980
דיר_מימאס	400367
טירת_יהודה	109727
אולפנית_ישורון	209348
גילה	111518
בקוע	99637
ישורון	67355
דאניאל	1228874
תחנה_מרכזית_אילת	1211939
מסוף_כרמלית	642251
עראבה	8000
כפר_אהרון	383058
מועצה_אזורית_הגליל_התחתון	147125
מצפה_רמון	1477
שורשים_(יישוב_קהילתי)	13803
אלעד	7900
כפר_דניאל	176903
עפרה	107653
בית_הספר_לטבע,_סביבה_וחברה	136351
מתקן_חולות	1221770
נחלה_(מושב)	99723
אמאוס_ניקופוליס	1004239
א-דווארה	349677
תחנת_הרכבת_נתניה	370842
מלון_אוויה	991496
המרכז_הרפואי_הגריאטרי_הרצפלד	1092271
אולפנת_תהילת_ישראל	887887
שיכון_חב"ד_(ירושלים)	782422
מירון_הקדומה	591182
בני_רא"ם	283724
רחוב_ביאליק_(תל_אביב)	653396
תל_ברוך	206923
היכל_הספר	77519
אלטלנה	7563
בית_גויטיין	397149
נורדיה	98048
מגדל_האופרה	650404
בית_הכנסת_לעולי_לוב	642496
קרב_קרני_חיטין	6216
חוף_פלמחים	551857
ג'וערה	199630
כפר_בלום	104620
המשכן_לאמנויות_הבמה	560706
שכונה_ה'_(באר_שבע)	192158
מערת_קשת	255129
סיידון	1181604
מגדל_המים_(בית_ספר_ויצמן)	1232015
מועצה_אזורית_חוף_השרון	147278
נווה_ירק	98830
אבן_שמואל	91934
מועצה_אזורית_לב_השרון	51080
עומר_(יישוב)	7993
בית_דגן	7912
בית_עזרא	21979
קבוצת_הר_כנרת	1187451
עדנים_(כפר_נוער)	514590
בית_מדרש_גור	941495
כנסיית_הגואל	188861
תעוז	99715
מחלף_השבעה	193847
אומלבס	481968
כפר_ביל"ו	99422
פארק_השרון	169804
אחוזת_דוברובין	1074843
תיכון_הנדסאים_הרצליה	175935
מעוז_אביב	267863
תל_הרור	56331
תחנת_הכוח_אשכול	654612
מבצר_המלך	1284370
גאוגרפיה_של_ארץ_ישראל	1177
מערת_עלמה	924320
בלד_א-שייח'	301559
וילה_אמין_ג'מל	547674
הספרייה_במרכז_פליציה_בלומנטל_למוזיקה	1171169
יפעת	104616
בית_אשל	62699
מחלף_שעריה	1019632
מעלה_הזיתים	358310
מחלף_בת_שלמה	464401
פארק_הירקון	25858
גשר_הרכבת_מעל_נחל_יתלה	1191227
פארק_הכט	1131274
המכתש_הקטן	2262
כנסיית_פטרוס_הקדוש_(אבו_כביר)	635277
בן_דור_(שכונה)	497588
שומריה_(מוסד_חינוכי)	34581
תחנת_הרכבת_בית_שמש	362388
נבי_רובין	84076
כפר_סבא	7746
ישיבת_פוניבז'	36487
המרכז_המשולב_לרפואה_גריאטרית_שהם	503431
הדר_יוסף	238054
הר_חריף	534742
כנסיית_פטרוס_אין_גליקנטו	456774
המכללה_לחינוך_גופני_ולספורט_ע"ש_זינמן_במכון_וינגייט	833129
חצרים_(בסיס)	55274
בית_החולים_צהלון	883520
המוזיאון_לתולדות_ראשון_לציון	1285967
אבוקה_(קיבוץ)	666677
גן_המנורה	926085
גאולה_(שכונה)	360901
אלסואמיר	1174000
אצטדיון_גבעת_רם	691363
בניין_החברה_התנ"כית	354057
בית_חאנון	212985
קדרים	101026
סולם_(יישוב)	100992
בית_חולים_לניאדו	85143
מחלף_חולון_מזרח	840549
המרכז_למיפוי_ישראל	206466
עזוז	58151
נהריים	85014
עין_החורש	17937
עין_דור	99740
מגרש_הרוסים	33427
רחוב_המלך_ג'ורג'_(ירושלים)	172566
יער_הילד_היהודי	1074945
מוצב_כרכום	1221861
מקאם_א-נבי_סעין	688366
גן_לאומי_אשקלון	299563
בית_המוטור	336896
תיכון_עירוני_י"ד	649959
כמון_(יישוב)	13785
בר_גיורא_(מושב)	99179
קדרון	124490
נמל_התעופה_הבינלאומי_טאבה	486537
טפחות_(מושב)	103978
כביש_431	303387
גן_אלנבי_(באר_שבע)	1050971
כפר_הרא"ה	551366
מצפה_רן	1167115
תל_זית	494908
בניין_הסיטי	872295
שדה_התעופה_ראש_פינה	200141
המוסד_לביטוח_לאומי	26378
תל_רגב	1058355
נוה_מונוסון	95665
מתחם_אוגוסטה_ויקטוריה	91370
עין_הנצי"ב	93891
קריית_ביאליק	7765
אצטדיון_דוחה	228238
הר_הלל	199639
כנסיית_המולד	132367
שלולית_חורף_-_ביצת_רחובות	1272518
נחל_עשן	1033437
פארק_התעשייה_קריית_גת	1227638
רמות_נפתלי	96730
מגדלור_אשדוד	1031554
שובל	96153
אג'ליל	255993
אצטדיון_השלום	1120279
אודיטוריום_סמולרש	650803
כפר_נחום	88547
כרמל_צרפתי	813038
בית_גוברין_-_מרשה	170497
תחנת_הרכבת_רינתיה	504749
אצטדיון_וינטר	64159
הר_הזיתים	20406
אשבל_(קיבוץ)	10444
כיכר_השעון	202551
גשר_מעריב	566771
מחלף_משה_דיין	888094
מערת_האיגרות	715578
קלנסווה	7762
תובל	13806
חמי_זוהר	1175531
נמל_התעופה_עובדה	117207
אצטדיון_בלומפילד	80716
אבו_כישכ	257249
בניין_זופניק	871954
עציון	299304
ניר_גלים	72078
תל_ערד	60031
קריית_עיריית_ירושלים	347401
שיכון_פאג"י	397800
מוזיאון_הרצליה_לאמנות_עכשווית	418411
נווה_אור	25242
קפה_לורנץ	801245
אחוזת_פוריה	1192966
מיטב_(צה"ל)	138204
בית_הכנסת_הגדול_(תל_אביב)	197971
בית_הדר_דפנה	653040
מכללת_רעננה	790880
בית_נחמיה	109712
בית_פריימן	1285708
אלקנה	7902
עין_מאהל	7996
אצטדיון_ימק"א	132635
צריפין	110627
יקום_(קיבוץ)	99382
הדרייב_אין_(תל_אביב)	888481
ליל_הגשרים	16884
הקריה_הלאומית_לארכאולוגיה_של_ארץ_ישראל	874128
שדרות_שאול_המלך_(תל_אביב)	384732
מסגד_מחמודיה	635243
עין_העמק	106212
כפר_יהושע	59345
מחלף_רבין	204480
כנסיית_בית_הכנסת	667804
מגדלי_אקירוב	339378
סוחמאתא	239726
חירבת_עזון	304340
עמיקם	103375
כלא_עכו	156391
מתקן_התפלה_אשקלון	411285
נס_עמים	115549
מקאם_שהאב_א-דין	670988
זרזיר_(יישוב)	7939
שערי_חסד	124906
מנחת_הבונים	1043934
מרכז_עלית_לספורט	653694
מגדלור_עכו	1031593
שדה_משה	96777
נווה_מבטח	100454
אתגר_(יישוב)	97106
תחנת_הרכבת_בנימינה	352385
אבו_סנאן	7894
דליה_(קיבוץ)	5748
חרוצים	99380
מצובה	97143
הכרמל	47841
מרכזית_המפרץ	319043
פארק_פרס	793579
בית_הכנסת_החורבה	28642
מצפה_עופר	749246
מלון_אליזבת_(טבריה)	1212281
בניין_הבייגלמאכער	354052
אוהלו_2	1164242
עין_דור_(אתר_מקראי)	953257
מחנה_סירקין	208716
מוזיאון_ההעפלה_וחיל_הים	208694
מסגד_עג'מי	793180
כפר_שמאי	104633
גת_שמנים	109593
המכון_הבין-אוניברסיטאי_למדעי_הים_באילת	752650
קרב_עמק_הירדן	994317
המסילה_המזרחית	409307
בתי_ורשה_(ירושלים)	880218
מיני_ישראל	151161
קיסריה_(יישוב)	146913
כורזים	203157
מועצה_אזורית_שפיר	135261
באר_מילכה	500796
בית_הכנסת_תפארת_ישראל	130707
רכבל_חיפה	796654
יעד	13782
מחלף_בצרה	1020923
מכון_שלום_הרטמן	589559
מגדל_יהלום	1083558
עזקה	268889
רחוב_חסן_שוקרי	1030983
מחלף_גלילות	269795
יעף	98714
מכתש_רמון	199649
מזכרת_משה	304431
המרכז_האקדמי_לעיצוב_ולחינוך_ויצו_חיפה	399022
תל_מיכל	627961
מקור_חיים_(שכונה)	311042
נחלת_אחים	723605
קריית_יערים	8017
אור_החיים_(בני_ברק)	1080823
מגדל_אפק	156348
בית_אלעזרי	106839
עזבת_צרטה	465522
רשות_העתיקות	204510
שורש_(מושב)	91399
יער_נחשונים	793816
גן_האם	324117
גת_(עיר_פלשתית)	36498
גן_דודזון	1093885
האנדרטה_לזכר_הנספים_באסון_השריפה_בכרמל	1048937
המשולש_(ירושלים)	705022
תחנת_הרכבת_ירושלים_מלחה	225512
ישיבת_ברכת_משה	101319
עמנואל	7998
מצודת_זאב	98212
משמר_הירדן_(מושבה)	44744
נהורה	96778
צומת_התשבי	926619
HIT_מכון_טכנולוגי_חולון	169663
נמל_התעופה_תמנע	775331
לפיד_(יישוב)	18098
מוזיאון_ישראל	24753
כיכר_חמרה	854355
ישיבת_אורחות_תורה	793722
מועצה_אזורית_מבואות_החרמון	51016
חרשים	13779
מחלף_אלנבי	1021807
תיאטרון_בית_ליסין	192417
קולנוע_קרן	1052463
התקופה_הרומית_בארץ_ישראל	132088
עין_זיתים	411908
תחנת_הרכבת_קריית_מלאכי	396268
בית_לחם	4203
חטיבת_הנגב	38680
מוזיאון_אסירי_המחתרות_-_עכו	296023
ארכיון_המדינה	489417
יקבי_רקנאטי	887126
הגליל_התחתון	48612
רביד	38897
כיכר_צה"ל	203067
קולנוע_אוריון	673805
גיא_בן_הינום	47597
מגדל_רוטשילד_1	1018558
ביריה	104296
חולון	4728
אנדרטת_מגיני_הרובע_היהודי_במלחמת_השחרור	928875
ברקה	111837
שיבולים	57051
הארכיון_הציוני_המרכזי	443388
שבי_דרום	874873
המצור_על_ירושלים_(1187)	674316
חורבת_סעדים	309722
חטיפת_חיילי_צה"ל_בגבול_לבנון_(2006)	381826
כביש_5	129579
בית_יוליוס_ג'ייקובס	399910
כביש_7	181797
תל_פולג	71635
כביש_1	26746
חצרים	54852
ירמוך	42960
רבדים	82024
בית_הכנסת_איצקוביץ'	51954
בית_הקיבוץ_המאוחד	497726
עין_השופט	52177
האקדמיה_ללשון_העברית	1602
אל-פאלוג'ה	108949
עין_חמד	169839
נופית	2149
נופך	199570
מבועים	96146
תפרח	58026
אלוני_אבא	96477
רמת_ישי	8026
רחוב_המלך_דוד	350269
קריית_מטלון	451470
חטיבת_ביסלמ"ח	62146
יוסף_זלצמן	1175702
מוזיאון_האדם_הקדמון	12503
חפציבה	101541
בית_הצדק_העולמי	557473
נווה_הדסה	99384
מעיין_טלמון	1074767
שמורת_גדור	754229
וילה_הארון_א-רשיד	371649
תחנת_הרכבת_צומת_חולון	717199
דרך_בגין_(תל_אביב)	153747
מרכז_קופת_חולים	295747
כיכר_דניה	1163447
הר_כיתרון	87078
בית_הספר_למל	61634
חורשת_עציון	1077367
חורבת_דובה	1040992
תחנת_הרכבת_תל_אביב_השלום	254100
טירת_שלום	204921
צור_נתן	98905
כביש_35	349258
בית_סוהר_סהרונים	1053150
שדה_התעופה_עטרות	200532
ג'וליס_(נפת_עזה)	813149
הודיה	100256
מבואות_ים	135115
משכנות_שאננים	53263
מבצר_הארבל	1284373
בני_עקיבא	1875
ישיבת_אור_וישועה	496296
נווה_שאנן_(תל_אביב)	199376
מצד_חשביהו	396015
מועצה_אזורית_עמק_יזרעאל	44972
רמת_כורזים	583649
מחנה_ישראל	114427
פיצוץ_מלון_סמירמיס	545944
תיכונט_ע"ש_אלתרמן	1285339
מגדל_ירושלים	1106108
חאן_אל-פראנג'	663294
שבח_מופת	109469
הפיגוע_בישיבת_מרכז_הרב	490787
נפת_רמאללה_ואל-בירה	1282125
אליכין	7899
המרכז_הארצי_להצלת_צבי_ים	802885
אנדרטת_בני_חוף_הכרמל	1104938
קדומים	8011
מלון_באב"ד	1212702
מועצה_אזורית_גן_רווה	25886
רחוב_שלומציון_המלכה	364655
בית_קברות_טאסו	534491
עלמה_(מושב)	106209
סוכנות_החלל_הישראלית	15213
גשר_הירקון	563569
מוזיאון_חיפה_לאמנות	535006
נצר_חזני	1229103
אלקוש	94705
מוזיאון_הרצל	623985
דווימה	1012910
שדה_נחום	48973
מקרר_התופת_בכיכר_ציון	803207
קרן_הכרמל	35960
מבצר_עתלית	159402
יפתח_(קיבוץ)	104970
באר_גנים	52754
מרחביה	70121
אנדרטת_פורצי_הדרך_לירושלים	572857
בנייני_האומה	100056
הפקולטה_לרפואה_בגליל	949382
הר_צין	487964
דולב_(יישוב)	13494
ביתניה_עילית	536571
גשר_מודעי	121266
בית_האונייה	375736
שער_הרחמים	28635
המכון_הפולני_בישראל	1169447
מג'דל_שמס	7974
תחנת_הרכבת_קריית_חיים	331497
רמת_הכובש	32193
מסד_(יישוב_קהילתי)	109588
בית_ההבראה_של_"מבטחים"_בזכרון_יעקב	864654
הטבח_בנמל_התעופה_לוד	9258
גורן_(מושב)	103327
כרם_מהר"ל	101082
המשתלה	382400
מנחת_ראשון_לציון	1043985
אילות	94992
כפר_ברו	773509
המצור_על_עכו_(1291)	664105
רעידת_האדמה_בצפת_(1837)	24286
רחוב_(מושב)	100995
מערת_קבורה_כלקוליתית_בפקיעין	864459
בית_אל	7909
אילון	22101
יזרעאל_(קיבוץ)	104611
תחנת_הרכבת_חיפה_בת_גלים	318921
זאב_ז'בוטינסקי	367
העוגן	5753
שכונת_שפירא	476940
כיבוש_ירושלים_בידי_הבריטים	444753
בית_יוסף_באו	1166294
המצור_על_ירושלים_(1099)	617288
נמל_חיפה	229355
נחל_איילון	163239
עין_קנייא	7997
תחנת_הרכבת_פתח_תקווה_סגולה	373808
נווה_עוז	251818
הר_שוקף	859251
מוסך_דן	714620
מוזיאון_הרכב_ההיסטורי	208392
ואדי_מע'רה	704006
רמת_דוד_(בסיס)	26788
חאן_חילו	1073221
בית_הקברות_הצבאי_בכפר_ורבורג	1121857
עין_עבדת	144611
מעיין_צבי	97364
משכן_הכנסת	74452
אל-מוג'ידל	985045
המכתש_הגדול	2263
מערת_פער	784339
מסגד_אל-עומרי_(לוד)	1071774
חורש_לזכר_עולים_מצפון_אמריקה_שנפלו_במערכות_ישראל	1163173
אל-עריאן	108807
עלה_נגב	397373
עין_ראפה	99682
המרכז_הבינתחומי_הרצליה	147707
חשמונאים_(יישוב)	100669
מטולה	226712
עקורי_איקרית_ובירעם	74014
בית_הראשונים_(רמת_השרון)	823131
ביאר_עדס	260749
תימורים	18807
משרד_העלייה_והקליטה	194713
ימין_משה	203651
אבו_זריק	1194001
מגדל_ששון_חוגי	1087793
אשחר_(יישוב)	13611
נאות_מרדכי	99742
כפר_הנוער_ע"ש_ב.צ._מוסינזון	244782
כפר_צבי_סיטרין	482622
מחלף_גשר_השלום	560335
כביש_90	124946
נאות_חובב	90826
עין_חרוד_איחוד	108865
מחלף_שפירים	197094
שיכון_למד	128682
מועצה_אזורית_עמק_חפר	19170
נחל_נעמן	217634
גשר_זוהר	292742
יפה_נוף_(ירושלים)	279709
מחלף_תקווה	370968
המושבה_הגרמנית_(חיפה)	296048
הררית	13775
בסיס_אילת	1026281
תל_בית_מירסים	1039656
מרכז_רפואי_מעיני_הישועה	676818
וילה_שבלי_ג'מל	1227006
לבון	13786
האנדרטה_לזכר_קרבנות_אסון_מגדלי_התאומים_(ירושלים)	752202
שוק_מחנה_יהודה	100130
הושה	731189
חצר_שטרויס	838355
המכללה_האקדמית_גליל_מערבי	567017
ערוגות	100340
מודיעין_עילית	7975
כפר_הילדים_והנוער_ויצו_קנדה_הדסים	557049
חורבת_מנות	766285
בית_הספירלה	1226679
סעסע	1135818
תיאטרון_תמונע	262326
ישיבת_מעלות_התורה	118708
בית_החולים_האיטלקי_(ירושלים)	127387
גד_מכנס_(עסקן)	932019
כפר_החורש	104693
מצליח	8859
תל_עכו	662190
בית_העלמין_ירקון	643118
מודיעין-מכבים-רעות	7749
חזון	147503
מחלף_גנות	182445
גשר_פז	558553
מלון_המלך_דוד	78851
מחלף_רוקח	442125
כיכר_הלוחמים	838312
הספרייה_הלאומית	82023
נירים	58139
בריכת_רם	79288
מחלף_הדרים	1020956
הראל_(קיבוץ)	5754
תלמה_ילין_(בית_ספר)	144926
טל-אל	13780
קריית_היובל	192224
מרכז_יצחק_רבין_לחקר_ישראל	420297
תל_זוריקיה	71636
מבצע_עמוד_ענן	1055695
כפר_זיתים	104624
אום_אל-פחם	7724
באקה-ג'ת	7729
חרות_(מושב)	98037
שדה_הנפט_חלץ	803448
שלושה_ואחת	1186704
פארק_צמרת	384377
חבל_לכיש	92409
ישיבת_חכמי_לובלין_(בני_ברק)	331832
נחל_תבור	467462
חי-בר_כרמל	1073064
המוסד_למודיעין_ולתפקידים_מיוחדים	1605
מחלף_דב_הוז	762645
משואות_יצחק	52008
בית_כנסת_הפירמידה	1052420
מחלף_עין_הקורא	627445
עמק_זבולון	50568
נחל_אבוב	721909
קרב_עייתא_א-שעב	768710
גבעת_הרדאר	187680
צומת_מלאכי	583203
מוזיאון_טיקוטין_לאמנות_יפנית	168036
הר_וגיא	136188
חצרות_יסף	1198138
כורזים_(יישוב)	96693
צרעה_(פירושונים)	47937
אנדרטת_חטיבת_כפיר	1184675
כביש_79	349019
פארק_צ'ארלס_קלור	283685
אזורי_חן	382740
בן_שמן	37605
שדה_יואב	99731
מיתר_(יישוב)	7979
כביש_71	348913
כביש_70	181820
כביש_77	349040
כביש_75	348886
צוקי_ים	98929
תחנת_הרכבת_חדרה_מזרח	360801
כמהין_(מושב)	478272
עין_אל-אסד	109308
אצטדיון_ווינר_באר_שבע	919804
בית_השגרירות_הרוסית	167547
יד_נתן	96796
מרכז_עסקים_שורק	1033495
כפר_טרומן	169303
פארק_ירוחם	92091
דרך_בית_לחם	814892
מחלף_בן-גוריון	464443
בסיס_קציעות	1282138
מתתיהו_(יישוב)	150413
נשר_(עיר)	8905
מחלף_בר-אילן	465395
תיאטרון_גבעתיים	1218918
המכללה_הטכנולוגית_של_חיל_האוויר	152434
נעלה	108127
תעשיית_ייצור_הדבש_בתל_רחוב	983868
מוזיאון_ינקו_דאדא	396651
שלווה_(מושב)	135280
תל_אשדוד	783285
ישיבת_הר_עציון	24891
יפו	10532
אילת	6146
ישיבת_מקור_חיים	68529
דיר_א-שיח'	399350
הכנסייה_האנגליקנית_(נצרת)	667387
מרכז_באוהאוס	715861
תחנת_הרכבת_יבנה_מערב	392815
מגדל_הקריה	169627
רמת_שרת	477798
כפר_שלם	86129
ניר_משה	58142
מנזר_המצלבה	82467
בארותיים	97070
בית_חולים_אי.מ.מ.ס_הסקוטי	1074403
אמירים	202802
אולם_ישורון	781535
בית_הכנסת_אוהל_שרה	921854
נחלאות	258582
מבצר_דטרוא	160042
תיכון_עירוני_ד'	650840
מועצה_אזורית_גזר	99433
ביתר_עילית	7732
מערב_ירושלים	1024763
סינמה_סיטי	72685
ניר_בנים	100451
פרישמן_46	1208942
שער_האשפות	44438
פארק_יצחק_רבין	480547
ג'בל_חשם_א-טריף	860203
נחל_קטלב	210943
כפר_ורבורג	100269
כרם_ישראל	784697
דן_(קיבוץ)	5749
ארז_(קיבוץ)	45481
דוב"ב	69030
זיכרון_משה	187846
מזרעה	7977
נוף_חנה	1038486
עשרת	99399
חוות_הצופים	515845
בית_חנה	471726
דבורייה	7932
בית_ג'מאל	153625
חמדיה	97349
גני_הדר	99415
שכונת_פקידי_אפ"ק	651039
תחנת_הרכבת_להבים_-_רהט	375087
עשר_טחנות	641434
אידניבה	349713
ח'ירבת_ניג'ם	1249544
כנסיית_אל-קובייבה	1004199
ירושלים	325
מנשייה_(עכו)	775377
כנסיית_הביקור	599719
מרכז_רפואי_אשדוד	296481
מחלף_כפר_סבא_רעננה_צפון	1020845
בית_הגמלים	1085723
אורות_רבין	261773
בית_העלמין_העתיק_בצפת	961818
עמיעד	12674
הר_ציון	29525
המרכז_האקדמי_שלם	1093033
בית_ניר	5733
מערת_איילון	198913
בקעת_בית_נטופה	246924
קרני_שומרון	8019
עין_אל-ג'רבה	1148176
מושבי_יחדיו	178307
סער	97141
בית_הקברות_הצבאי_הבריטי_בבאר_שבע	444532
פארק_נשר	693505
מבצר_לטרון	1004038
גשר_שלוש	564867
הקריה	108058
תל_סחר	368913
קאלוניה	667513
בית_דניאל_(זכרון_יעקב)	150905
עכו	7759
צומת_ישי	926346
עמותת_חיים	1050957
נמל_חדרה	746286
קריית_עתידים	114852
קסטרא_(קניון)	328058
תל_פר	1064283
עין_הוד	46844
כיכר_המושבות	545335
מגדל_אשכול	18340
מבצע_גי"ס	229600
בית_החולים_מאיר_רוטשילד	604910
מלון_לוט	734550
תל_לכיש	32906
בית_הכנסת_של_מושב_זקנים	687640
פסל_הבולבוסים	1100926
המנזר_הבנדיקטיני_באבו_גוש	633092
בבלי_(שכונה)	382878
סידנא_עלי	178572
הר_הרוח	570267
לוד	7747
הטכניון_-_מכון_טכנולוגי_לישראל	14110
גן_העצמאות_(תל_אביב)	242153
כפר_כילא	403777
בית_הסופר	4291
ישיבת_ההסדר_ירוחם	87588
אום_בטין	115887
בית_הספר_חביב	90529
צהלה	133493
מחלף_מאחז	611359
בת_חן	98974
מחלף_רופין	1019818
תיכון_"מור_מטרו_ווסט"_רעננה	876286
מגדל_השעון_(יפו)	549532
יונתן_בן_עוזיאל	212951
מישר	99395
המכללה_האקדמית_לחינוך_ע"ש_קיי	349191
חורבת_סרגונה	1282426
בית_הדר	277911
משרד_האוצר	111745
מרכז_הכרמל	501619
תל_דור	53693
המרכז_לבריאות_הנפש_טירת_כרמל	628135
מחנה_דורי	138212
אביעזר	91924
בית_העלמין_היהודי_ביפו	650419
בית_השלום_(אמאוס)	663301
איי_ראש_הנקרה	73881
מחלף_אשדוד	468874
ירדנית	566859
בית_הקברות_נחלת_יצחק	344564
משגב_לדך	119980
אוניברסיטת_תל_אביב	17766
זרועה	95234
גן_הנעדרים	877060
ניר_צבי	99477
האנדרטה_למייסדי_העיר_תל_אביב	650034
נאות_סמדר	95048
שלוחות	93896
ישיבה_תיכונית_-_תורה_ומדע_ליד_מכון_לב	21928
עברונה	191084
תיאטרון_אורנה_פורת_לילדים_ולנוער	958232
בוסתן_כיאט	792919
אנדרטת_הקרון	189207
מתחם_הבימה	413726
שדה_אליהו	33039
חופית_(יישוב)	98973
תחנת_הרכבת_בת_ים_-_קוממיות	713088
פארק_הזהב	1164472
אורנים_-_המכללה_האקדמית_לחינוך	109295
המרכז_הרפואי_לבריאות_הנפש_-_מזרע	872482
כתף_הינום	370000
גן_בלומפילד	792465
מרכז_המידע_לאמנות_ישראלית	974829
מבוא_חורון	91824
נחל_תנינים	164813
התיכון_הישראלי_למדעים_ולאמנויות_(ירושלים)	102698
גנתון	31765
כיכר_מסריק	294453
בקעת_בית_כרם	113067
נווה_מיכאל	99371
אל-מוחרקה	186063
מונפור_(מבצר)	94373
קפה_גלינה	1277792
מוזיאון_הנגב_לאמנות	900410
כביש_85	181859
יטבתה	28791
כביש_80	348836
נווה_אילן	99660
מערות_אפקה	195359
מאיר_שפיה	100736
סומית_הגליל	1092901
בית_סוהר_חרמון	541354
מעלה_אדומים	7750
כביש_89	181829
חיבת_ציון_(מושב)	98913
כיכר_אתרים	282138
זיקים	5755
מגדל_(יישוב)	7973
כוכב_הירדן	131337
בית_גבריאל	641970
שער_ציון	56147
תל_יזרעאל	439759
ואדי_ניסנאס	540724
מחלף_חיפה_דרום	466790
מספנות_ישראל	600668
בית_יוסף_(מושב)	97357
חפץ_חיים_(קיבוץ)	29520
עבדת	26348
מנחת_מצפה_רמון	1099925
יער_להב	850529
יגל	99472
בניין_קולנוע_קסם	888837
מערות_סמך	642625
המרכז_האקדמי_לב	107282
אבטין	91912
השירות_המטאורולוגי_הישראלי	778788
פארק_גב_ים_נגב	1131128
אצטדיון_קנדה	159613
קריית_שמואל_(ירושלים)	599932
בית_המאירי	716724
עתלית	8004
רחוב_פאולוס_השישי	688562
בית_גולדמינץ	984076
בסמ"ה	7915
תל_מונד	8033
בית_ברלין-פסובסקי	167566
גשר_הרכבת_הטורקי_על_נחל_בארותיים	1193415
מנחמיה	7981
מגדלי_תל_אביב	465093
תל_דן	32883
המרכז_לטניס_בישראל_-_יפו	1215647
קריית_הרצוג	479854
מאפיית_אבולעפיה	645577
היכל_המשפט_תל_אביב	651266
שדה_ורבורג	97391
ערביה_(פרובינקיה)	755681
גברעם	15806
תחנת_הרכבת_יפו	414321
גת_רימון	98787
בן_עמי	97144
עזר	100455
כיפת_הסלע	14034
צבעון	101027
שמורת_ביצת_זיתא	881490
מצפה_הכוכבים_בגבעתיים	442345
מצודת_אנטוניה	63377
כפר_חנניה	104628
היכל_המשפט_חיפה	1059294
המרכז_הבהאי_העולמי	13338
מחנה_יהודה_(תל_אביב)	651167
גשר_הרכבת_מעל_עמק_איילון	479400
עמיר	97393
רמת_הגולן	11803
ישראל	320304
גן_החיות_של_תל_אביב	144110
הר_דבורה	748932
נחל_נחש	859746
בניין_עיריית_חיפה	181106
שעב	8032
כלא_שש	66903
פארק_בריטניה	268850
כיכר_היל	288635
אבל_אל-קמח	289201
כיכר_החתולות	44124
כביש_66	348859
מחלף_חירם	1021241
מרפאת_זמנהוף	687456
ג'מאסין_א-שרקי	261868
תל_זהרה	914003
מועצה_אזורית_הגליל_העליון	120663
נטעים	15895
רמות_השבים	8024
מרחביה_(קיבוץ)	61315
מתחם_לביא	1044420
כפר_אז"ר	41095
חולא	385396
נאעורה	109666
אחוזם	94647
אל-באסה	234896
משכן_האמנים_(הרצליה)	1242584
נחלת_בנימין	216583
תיכון_עירוני_ה'_(תל_אביב)	651448
קריית_משה	248734
שוק_תלפיות	879353
משרד_ראש_הממשלה	120342
התיאטרון_הקאמרי	110299
בית_הספר_אליאנס_(תל_אביב)	1134195
גבעת_הרב"טים	1149806
גבעת_מיכאל	313528
ברעם	5735
מגדל_מנורה_מבטחים	1079309
בית_הנסן	531417
מגדל_נוה_נוף	936034
בית_נבון_ביי	449535
עמק_יזרעאל	44804
בית_חשמונאי_(יישוב)	107398
נחל_פולג	195393
פארק_בגין	449267
הרצליה	7737
האתר_המוסטרי_במוצא_נחל_מחניים	1146044
מסילות	97147
גבעות_בר	96189
ואדי_חנין	947071
שכונת_הארגזים	652792
רחוב_הארבעה	558811
כיכר_מגן-דוד	93895
מחוז_הצפון	50597
טחנת_הרוח_במשכנות_שאננים	599842
כפר_רופין	97352
אלפי_מנשה	7901
חדרה	7739
מחו"ה_אלון	396204
לאורת_נטופה	693590
מטע_(מושב)	99369
שכונת_אחווה_(תל_אביב)	651169
פאטריה	47825
נתיבי_המפרץ	346146
שפיים	14617
הקריות	11833
צריף_בן-גוריון	47557
עמק_רפאים	77349
מתת	106181
אחוזת_לנגה	653224
מכון_פישר_למחקר_אסטרטגי_אוויר_וחלל	197529
מוזיאון_הפלמ"ח	599641
חוף_האלמוגים_(אילת)	1135757
הר_הנגב	155259
עלמון	107427
בית_ראובן	489147
מצבת_הזיכרון_הטורקית_בבאר_שבע	443947
שכונת_מחלול	497278
אשקלון	7728
מסוף_רדינג	641650
שדמה	99403
הפיגוע_במעלות	14677
הגליל	13049
הקריון	488176
כיכר_לונדון	130201
פארק_עדולם	513511
נחל_משמר	216126
מרכזית_חוף_הכרמל	319439
בית_הפגודה	154758
חולתה	101266
שגב_שלום	8029
כפר_גבירול	620462
גלריה_גורדון	457203
מגדל_אלקטרה	681153
מסיל_אל-ג'יזל	1181191
עין_המפרץ	97146
בית_טליתא_קומי	618941
תל_אבו_הואם	739950
בית_נבאללה	1094383
מחלף_רמלה_דרום	464661
סטף	264355
משמר_השרון	31475
בית_חנניה	104282
מגדל_איילון	679657
תחנת_הרכבת_נען	468893
מגדל_W	647122
הפיגוע_בנהריה_(1974)	845356
בית_דניאל_(תל_אביב)	364756
מעבר_ניצנה	531308
שפך_הירקון	414928
אשל_הנשיא	95276
מעיין_ברוך	6030
קרב_צליחת_מעברות_הירקון	709236
נווה_איתן	97354
תחנת_הרכבת_דימונה	377066
עיר_הכרמל	211384
המכון_למדעי_כדור_הארץ	555167
בורג'_א-סלאם	866318
המרכז_לטניס_בישראל	823124
מחווה_לירושלים	217343
אוהל_יזכור	187063
בית-גן	399952
אצטדיון_עירוני_טבריה	1233906
בית_הספר_הצרפתי_למקרא_ולארכאולוגיה	677680
בנק_ישראל	82632
נווה_צדק	12708
גדות	43444
משגב_עם	105385
יקבי_ברקן	463705
מגדל_סונול	1173052
בית_כנסת_הרמב"ן	92313
בנימינה-גבעת_עדה	7914
הרי_אפרים_(מוסד_חינוכי)	152511
שריגים	99667
סאג'ור	7990
יחיעם	66852
יבנה-ים	450391
דיר_יאסין	339349
געש	5743
קמפוס_ביאליק-רוגוזין	734211
יהוד-מונוסון	127474
ראש_העין	7771
רוחמה	17672
מתחם_בתי_הקברות_בחיפה	938014
בני_ברק	7733
נחל_קישון	90192
מגדל_לוינשטיין	372269
פארק_תעשיות_בר-לב	1116582
הפארק_הלאומי_(רמת_גן)	172187
מנוף_(יישוב)	13792
תיאטרון_באר_שבע	192409
כנסיית_סנט_אנדרוז	116436
בית_רבקה_(בית_חולים)	638743
מבצע_קדם	223953
אלנבי_58	653462
מגרון_(מאחז)	599351
כפר_ברוך	101450
שקע_הבזלת_של_דלתון	477255
מדרשת_בן-גוריון	135122
רחוב_סוקולוב_(הרצליה)	1243423
הפיורד_(סיני)	1233440
תל_אנפה	147083
נחל_לוטם	589424
גן_וואהל_לוורדים	286936
תלמי_אלעזר	106276
המסלול_האקדמי_המכללה_למינהל	391653
תל_רקית	967076
כביש_3	181019
מועצה_אזורית_בני_שמעון	39774
בית_שמעון_רוקח	653900
מצד_זוהר	741096
קולנוע_אלהמברה	560072
דיר_ראפאת	99644
גבים	96648
סופרלנד	338996
חמאם_אל-באשה	663207
המכללה_האקדמית_צפת	646850
שער_העמקים	101543
אור_עקיבא	7726
מלון_יערות_הכרמל	844310
תל_מבורך	1006439
גבע_כרמל	101080
הר_אדר	7935
ספריית_המטכ"ל_ע"ש_רא"ל_חיים_לסקוב	923100
בית_סוהר_שקמה	1196511
מכון_מופ"ת	625072
בטחה	95295
מנזר_ניקודמוס_הקדוש	1055749
להבים	7969
גבעת_תום_ותומר	530020
נווה_שרת	274882
משה_צדוק	251369
כנסיית_הלחם_והדגים	682864
מחלף_גבעת-שמואל	438594
גן_אברהם	840543
אצטדיון_האורווה	297149
שדמות_דבורה	97397
מג'ד_אל-כרום	217568
מעיין_מרים	666966
גבולות	5738
רמת_צבי	106217
ישיבת_איילת_השחר	73282
חצב_(מושב)	17403
אולפנת_הרב_בהר"ן	377481
אוניברסיטת_בן-גוריון_בנגב	5565
מחלף_אונו	1019664
אנדרטת_גדוד_54	1122400
כדורי_(מרכז_אזורי)	182543
אנדרטת_גדוד_51	1163187
אנדרטת_גדוד_53	1271767
מעבר_יצחק_רבין	531176
בית_רומנו_(תל_אביב)	1161461
שיכון_חזון_איש	883656
בית_סורסוק	887276
קפה_טעמון	447743
תל_ארזה	611847
מחלף_בן_שמן	201997
בראשית_(מלון)	992977
גוש_דן	8829
הפיגוע_במלון_סבוי	292188
ברוש_(מושב)	95343
ישיבת_היישוב_החדש	217945
לביא_(קיבוץ)	97458
רמת_אביב	133410
מחלף_ארלוזורוב	197290
קרב_עין_ג'אלות	23853
רכבל_מצדה	964969
חניון_שקמי_עיינות	1129994
בנק_דיסקונט_לישראל	182957
דרך_שכם	461324
קשת_אקה_הומו	122488
כנסיית_יוסף_הקדוש_(חיפה)	1000587
מסלול_(מושב)	58023
רחוב_פרישמן_(תל_אביב)	1208984
תל_חנתון	582265
מגדל_הבינלאומי	574525
נחל_תות	1046100
צומת_האיקסים	409507
מרום_גולן	70095
לכיש_(מושב)	147466
מחלף_אליקים	1021034
תיכון_חדש	142245
כנסיית_בן_האלמנה	693321
קרבות_רמלה	656359
אל-עראקיב	787227
בני_עטרות	101009
מועצה_אזורית_אפעל	148998
מצד_בוקק	1071948
צומת_השומר	415874
ספורטק_הרצליה	1061334
דודאים	59668
מנזר_האחיות_ציון_(העיר_העתיקה)	122405
ראש_הנקרה_(קיבוץ)	95069
ספוריה	738966
המרינה_הכחולה	792001
ח'וואלד	131215
מועצה_אזורית_עמק_לוד	148698
עין_שריד	98720
מגדל_אמות_השקעות	383121
תחנת_הרכבת_חיפה_מרכז_-_השמונה	341663
ספריית_שוקן	400292
מוזיאון_המדע_בירושלים	183713
אוניברסיטת_חיפה	22735
צמח_(מרכז_אזורי)	172498
בית_הקברות_הצבאי_בקריית_ענבים	752123
שוק_הפשפשים_(יפו)	222793
תל_חנן	672565
ריחאניה	104642
עברון	92396
סאסא	99736
רמון_(בסיס)	173381
כפר_כנא	7964
בית_הקברות_של_נציבי_ישיבת_פוניבז'	803367
כרם_התימנים	164477
עלמא	415503
סלע_אנדרומדה	26394
תל_מור	816242
הדר_עם	98957
בית_הקברות_של_המושבה_האמריקאית_בהר_הצופים	1275334
בית_הכנסת_העתיק_במירון	477287
נמל_עכו	662105
נחל_אביב	1100890
חוות_הנוי	94113
אלומה_(יישוב)	219537
אחווה_(מרכז_כפרי)	536710
מסגד_א-זיתונה	663313
ניר_עקיבא	58143
חורבת_בורגתה	549614
ואדי_אל-חמאם	100977
בית_הפקידות	497834
בריכת_ממילא	254654
בית_הספר_טביתא	1161376
תחנת_הרכבת_לוד_גני_אביב	391725
ישיבת_הרעיון_היהודי	242127
כנסיית_יוחנן_הקדוש_(עכו)	664301
ג'וב_יוסף	463007
עמק_החולה	25109
אולם_הספורט_בגין	1024226
מעבר_נטפים	566324
מכינת_גליל_עליון	192735
עין_גב	42380
גבעת_וולפסון	842452
בית_החולים_העירוני_(ירושלים)	916958
איתן_(מושב)	135332
עזריאלי_-_מכללה_אקדמית_להנדסה_ירושלים	302054
קברי_הסנהדרין	225293
אתר_ההנצחה_לחללי_אסון_המסוקים	1000649
קול_ישראל	20682
רמת_אלחנן	1223657
הר_גילה	38902
בית_הכנסת_הגדול_(פתח_תקווה)	381522
נחל_שיח	369850
המוסד_האקדמי_נצרת	849933
מועצה_אזורית_מרום_הגליל	147124
מאה_שערים	62587
פלמחים_(בסיס)	155914
נמל_התעופה_אילת	198814
אדולף_אייכמן	1093
בית_הכנסת_אוהבי_ציון	399099
עזריקם	100411
מאפיות_אנג'ל	244408
עמינדב	99711
עיראק_סווידאן	222774
כפר_שמריהו	7967
ברפיליה	619254
בית_הספר_לקציני_ים_עכו	335756
כסרא-סמיע	7957
מכון_ירושלים_לחקר_ישראל	264531
רגבה	13502
רמת_רזיאל	62480
בית_עור_אל-פוקא	335726
מים_ואש	889261
צפצאף	906482
הר_הרצל	37463
כיכר_הדוידקה	44394
ישיבת_ההסדר_קריית_שמונה	328005
מחלף_חטיבת_הנגב	1021839
גינת_שינקין	651473
הפיגוע_במסעדת_סבארו	213334
גן_חטיבת_פלמ"ח_הראל	1058741
תל_חסי	437202
סכנת_א-תורכי	681749
מגדל_משה_אביב	6263
תחנת_הרכבת_תל_אביב_דרום	497429
כיכר_אלנבי	199940
יד_לבנים_(באר_שבע)	1191193
המכון_למחקר_ביולוגי_בישראל	20874
בית_הסנה	1162929
מכמנים	13791
בית_הכנסת_אוהל_יעקב	487358
כפר_אוריה	97179
מערת_התאומים	183205
סנהדריה	360928
בניין_הזואולוגיה	354075
גבעת_רם	129765
נצרת_עילית	7754
מחוז_יהודה_ושומרון	99323
תחנת_הרכבת_חדרה_מערב	371211
הרצליה_מדיקל_סנטר	853391
נצרת	4005
לשון_ים_המלח	543511
המכללה_האקדמית_בית_ברל	91524
צורית	13799
חוות_הלימוד	421154
מוזיאון_הטבע_(ירושלים)	402377
סאריס	635930
בית_החולים_האיטלקי_(חיפה)	357400
עספיא	7999
גשר_(קיבוץ)	62407
עין_חוגה	968579
אשדות_יעקב_איחוד	97097
תל_שדוד	578761
באר_שבע:_שכונות	1033387
בקעת_יבנאל	113065
תחנת_הרכבת_חיפה_חוף_הכרמל	345114
קרב_חרבת_מחאז	585464
כפר_הרי"ף	98895
רמת_אשכול	272381
כאבול	7952
שייח'_מוניס	100540
מגדל_המטכ"ל	650024
חלץ	100255
קשת_אילון	760422
טובא-זנגרייה	7943
תיאטרון_גשר	207670
גבעת_שמואל	7921
יזרעם	110492
בית_העיתונאים_על_שם_סוקולוב	659099
אל-בירווה	699497
בית_חורון	100666
כפר_מרמורק	110610
בית_אהרן_שלוש	668078
אליפלט	101447
עצים_עתיקים_בארץ_ישראל	772685
תחנת_הרכבת_חוצות_המפרץ	338214
חוות_שקמים	438171
בית_ג'יז	635151
מזרע	19802
הר_הצופים	35731
אחוזת_ברק	34654
גשר_הרכבת_הטורקי_על_נחל_באר_שבע	574516
גן_החיות_הלימודי_חיפה	246125
הפיגוע_בדולפינריום	103380
בניין_המטה_הארצי_של_משטרת_ישראל_(תל_אביב)	1085228
מרכז_הירידים_והקונגרסים_בישראל	311015
אבל_בית_מעכה	104317
בית_פולאק	647432
בית_גוברין_(קיבוץ)	69916
דרך_בורמה_(ישראל)	212834
קריית_בעלז	746495
פקיעין	8007
נחל_כלח	861813
בתרונות_רוחמה	929210
אובליסק_הטכניון	637480
כופח'ה	399851
עצמון-שגב	13797
חוות_האלפקות	992457
טבח_כפר_קאסם	6741
מנזר_סנט_אטיין	676552
שיכון_דן	286935
הפיגוע_בנהריה_(1979)	237934
רוממה	349707
נחל_גלים	862940
מוזיאון_אשדוד_לאמנות	488101
מוזיאון_ארצות_המקרא_ירושלים	186366
מגדלור_תל_אביב	1031736
תל_רגב_(בית_קברות)	1177072
מנזר_האחיות_הבורומאיות	43095
חורבת_מדרס	304325
תחנת_הכוח_רוטנברג	350303
קבר_דוד_המלך	93180
חוות_שפון	389035
כרם_אברהם	169497
מחצבות_קדומים	826887
גשר_עזריאלי	565153
עמק_האלה	388049
בית_טיכו	42602
בת_עין	64317
ברכיה_(מושב)	12807
ניר_ישראל	100261
אלישיב_(מושב)	85884
רומאנה	100982
מגרש_קטמון	195274
שחר_(מושב)	96781
יד_לאיש_הספורט_היהודי	565729
בית_חיים_ויצמן	400322
מגדלורי_הרצליה	1031806
ע'ויר_אבו_שושה	139922
מכללת_אילימה	1276883
גן_הכוזרי	397151
גורנות_הגליל	103335
כאברי	1087975
האקדמיה_למוסיקה_ולמחול_בירושלים	471923
אצטדיון_הי"א_באשדוד	108468
משמר_איילון	44540
הקרב_על_הבופור	712424
שמורת_ערבת_עברונה	1238536
מוזיאון_חיל_האוויר	58210
כיכר_ספרא	98651
הקרבות_על_בית_דראס	698374
גליל_ים	99378
גן_יבנה	7926
תיכון_אוסטרובסקי	708932
תחנת_הרכבת_פאתי_מודיעין	381910
מועצה_אזורית_אלונה	103278
עמדת_הסנטוריום	1184095
בית_אנגל	392069
רחוב_ליליינבלום	133291
כנסיית_דומינוס_פלוויט	42726
נחשון_(קיבוץ)	99662
גבעת_חיים_מאוחד	71933
גבעת_המורה	74520
מרחב_עם	106336
מגדלי_התאומים_(רמת_גן)	940042
הולילנד	490765
כפר_ברעם_(יישוב_עתיק)	872799
אפיקים	97094
מנהרות_הכרמל	19926
שרשרת_(מושב)	57045
ישעי	36586
ארמון_הנציב	77344
קריית_צאנז	136685
בית_הספר_לקצינים_של_צה"ל	66205
פארק_אדית_וולפסון	269330
כרמים	96188
בית_ליברמן	128953
הטבח_בטבריה	378276
פג'ה	260757
הר_שלום_(בני_ברק)	1031228
בית_חולים_הרצוג	603148
זכריה_(מושב)	99250
מגדל_דוד	28649
בית_המכס_(תל_אביב)	1077346
תחנת_המשטרה_ביפו	655154
הר_חרת	257940
שתולים	100270
עייתא_א-שעב	255643
הפיגוע_בקפה_אפרופו	471675
תחנת_הרכבת_נתיבות	407901
עוזה	297100
מכון_התקנים_הישראלי	269202
צ'ק_פוסט_(אזור)	480242
אכזיב	22929
חיטין	350245
אפקה	133442
הנגב	152240
מלון_ירושלים	1072429
רחוב_אילת	905266
מועצה_אזורית_שער_הנגב	146973
קבוצת_שילר	105636
רמות_אלון	170059
מבצע_מוות_לפולש	229102
השוק_הלבן	663300
מצפה_הילה	112966
קתדרלת_סנט_ג'ורג'	236533
אצטדיון_עירוני_קריית_שמונה	673021
חקל_דמא	381709
צור_הדסה	46256
הר_שגיא	1077023
תחנת_הרכבת_בר_גיורא	359916
בית_הכנסת_הגדול_(הרצליה)	300006
מאגר_אשכול	39348
ישיבת_מיר	115805
מלון_הילטון_מלכת_שבא	355352
תחנת_הלוויינים_עמק_האלה	1044099
שיח'_דנון	103984
פארק_המצפה_התת-ימי_באילת	656993
מחלף_גת_רימון	1019106
בית_קשת	103849
תחנת_הרכבת_ראשון_לציון_-_הראשונים	344275
שוקדה	44467
מסעדה_(יישוב)	7982
שילת	26977
בית_ג'ן	7911
בית_סוהר_איילון	497672
מרכז_שניידר_לרפואת_ילדים_בישראל	52208
חוואסה	313206
מרכז_רפואי_ברזילי	425005
אל-ח'ירייה	258432
רמת_פנקס	155419
נבטים_(מושב)	58138
אנדרטת_הצוללת_אח"י_דקר	928897
מלון_שפרד	700616
קולוסיאום_(דיסקוטק)	650457
רמת_החייל	346164
בית_ארתור_רופין	401104
חלוצה	91583
בית_אלישר	398434
שוק_העלייה	714482
גיחון	224923
כביש_42	349268
כביש_46	348825
עיילבון	7994
בית_הקברות_הצבאי_הבריטי_בחיפה	715840
מוזיאון_הכט	302765
בית_גרשם_שלום	400812
המשולש	117242
ספריית_וינר_לחקר_התקופה_הנאצית_והשואה	1195061
פרדס_חנה-כרכור	8008
בית_הבטון	310247
כנסיית_בית_ברתולומאוס_השליח	996743
תיכון_הרטמן	493625
תלמי_יחיאל	100404
עפולה	7760
תל_אביב-יפו	7779
אפולוניה	71475
בוסתן_הגליל	97118
צומת_וולקן	1284020
מעוז_חיים	97398
רמת_הנדיב	30912
קולנוע_ציון	493677
ישיבת_מרכז_הרב	22260
גשר_יוסף	1091576
אסון_הבונים	39643
מרכז_אילן_רמון_לנוער_שוחר_פיזיקה	489878
דרך_הבשמים_(ישראל)	89738
יהוד	7745
ים_המלח	7041
הר_גילון	670760
כפר_הנוער_הדתי	104691
תל_כברי	891904
כיכר_אנטין	133502
סתריה	99424
בית_הגדודים	393835
בית_הטקסטיל	650463
יער_עזרא	587688
אמונים	100418
פיגוע_מצובה	241219
אתר_ההנצחה_לימאי_צי_הסוחר_שמקום_קבורתם_לא_נודע	923972
ארסוף	71481
צאלים	90805
נועם_(מושב)	477147
קסר_א-סיר	86873
שדרות_הרצל	360448
יאקוק	1129688
תחנת_הרכבת_בנייני_האומה	256956
כפר_ברא	7959
נס_ציונה	302394
יער_חורשים	794836
שדה_עמודים	335436
כביש_41	303893
קולה_(יישוב)	274900
בית_סוהר_צלמון	577441
פוריה_-_כפר_עבודה	97091
עין_בוקק	1175460
מעלה_החמישה	54300
הונין	275560
מלון_דן_תל_אביב	538869
סינמטק_ירושלים	187782
שריד	104308
מלון_לאונרדו_פלאזה_ירושלים	1090546
קזינו_בת_גלים	804881
המרכז_העירוני_לקהילה_הגאה	532349
בית_אהמן	43079
עין_ע'זאל	646320
צור_משה	97379
כיסופים	90765
בית_הכנסת_האר"י_הספרדי	964177
אשדוד	2999
בית_הקברות_טרומפלדור	174876
המרכז_הרפואי_שערי_צדק	124486
מחלף_מורשה	376364
מוזיאון_פתח_תקווה_לאמנות	489954
מדרון_יפו	636098
בית_הקברות_ההודי_בתלפיות	1218478
בית_העם_הטמפלרי_(חיפה)	179307
אנדרטת_חללי_פעולות_האיבה_והטרור_בישראל	877109
משרפות_מים	993923
כנסיית_מרים_של_הגרמנים	1064019
ישיבת_הר_המור	40580
מערות_לוזית	740224
המשט_לעזה_(2010)	781809
מרכז_לידר	909627
מצפה_הכוכבים_על_שם_וייז	540575
האצטדיון_העירוני_נתיבות	426484
שמורת_חוטם_הכרמל	1166605
יריחו	12922
קבר_רבי_שמעון_בר_יוחאי	477649
שבע_טחנות	641431
עופר_(מושב)	101090
בית_האמנים_בירושלים	999030
גמזו_(מושב)	60610
תל_נפוליאון	260041
אצטדיון_נשר	613749
צומת_רעננה	357751
המכללה_הטכנולוגית_באר_שבע	1189283
חוות_הנוער_הציוני	540476
יער_חניתה	898852
מחלף_ענבה	420999
רחוב_המסגר	650454
תיכון_קלעי	917674
קטמונים	384556
מבצע_פלשת	245385
סמינר_הרב_וולף	1234886
דהמש	1251862
וילה_מלצ'ט	1086488
יקב_בנימינה	876839
שנקר_-_בית_ספר_גבוה_להנדסה_ולעיצוב	5654
צח"ר	1045502
כפר_גלים	497209
נחל_הירקון	29326
פרשת_הסרג'נטים	164899
יקנעם_(מושבה)	35953
מלון_פאלאס	245123
חורבת_כרך	738223
יד_הזיכרון_למגיני_ירושלים	1088588
רצח_יצחק_רבין	65519
כיכר_מיכאל'ס	416222
סוסיתא_(אתר_ארכאולוגי)	229164
בית_מנחם_אוסישקין_(ירושלים)	401059
חאן_אל-באשה	667496
בית_אוליפנט_(דאלית_אל-כרמל)	1042672
מערת_תלפיות	488407
שיחין	1126836
מחלף_אלישמע	1021863
יציץ	31923
אליקים	101452
מואה_הנבטית	110589
פקיעין_החדשה	108174
מגדלור_אילת	1031743
בית_שטרן	358276
סלמה_(יפו)	258705
אולם_הספורט_הדר_יוסף	1171260
גרר	1190483
בית_אוסישקין_(תל_אביב)	401595
תירוש_(מושב)	99685
קריית_חיים	72421
אל-קבו	621373
העיר_הלבנה	181100
ערב_א-נעים	7315
נהלל	35013
בית_הכנסת_גבעת_רם	1089840
הרדוף_(קיבוץ)	101271
כיבוש_חיפה_במלחמת_העולם_הראשונה	449027
כפר_יאסיף	7961
קריית_החינוך_אורט_סינגאלובסקי	653185
בית_הספר_לאמנויות_תל_אביב	1225
אדמית	5728
בית_מאיר	99635
בית_אמות_משפט	656791
תל_עדשים	34590
סאקיה	748331
ניצן_(יישוב)	98438
השוק_הסיטונאי_בתל_אביב	533688
בריכת_גורדון	650437
תל_ירמות	434280
בית_ספר_שדה_הר_מירון	543829
מגדל_עזריאלי_שרונה	1288699
גבעת_עלייה	652988
יערה	100492
מרכז_שלם	228361
תיכון_ברנר_פתח_תקווה	957781
צריף_הביל"ויים	1153032
מוזיאון_רכבת_ישראל	287029
בית_מחסיר	530477
מעגלים	57042
בית_מגורי_העיתונאים	1090500
תל_שבע	7703
אולם_אוסישקין	163013
מערת_קסם	852798
גבעת_הקיבוצים	539691
חוסנייה	13776
אולפן_עקיבא	654340
בורסת_היהלומים_הישראלית	356350
עין_הבשור_(מעיין)	645460
תל_כודאדי	638924
מנחת_יטבתה	1043949
חורבת_עקד	1248033
מועצה_אזורית_רמת_הנגב	16310
פדיה	99413
עמקה	97110
משמרת	98715
קרני_חיטין	64257
ריף_הדולפינים	1286346
המכללה_האקדמית_עמק_יזרעאל	209020
המוזיאון_לאמנות_המזרח_הרחוק	859187
לוטם_(יישוב)	13787
תחנת_הרכבת_עתלית	339655
מצפה_אבי"ב	284217
תל_קסילה	303281
סומייל	82827
מצדה	12301
ג'וליס	7924
בית_שנה	1181964
כוכב_מיכאל	100259
קאסר_אל-יהוד	431190
תנובות	98044
בית_עברה	648855
שתולה	106194
נחלה_(חיפה)	881178
תחנת_הרכבת_עכו	331367
שאר_ישוב	59548
זיתן	44693
כנסיית_וירי-גלילאי	646643
בנק_מרכנתיל_דיסקונט	920675
תל_עירני	619819
באר_אורה_(בסיס)	390683
גבעת_קוזלובסקי	592653
גפן_(מושב)	99646
קוסיימה	445731
רחוב_דיזנגוף	240386
סלון_מזל	154574
כרמי_יוסף	99428
תחנת_הכוח_דוראד	1125511
שמורת_אלוני_יצחק	853139
זהרי_חמה	457501
אשלים	90802
רמת_יוחנן	105634
בית_חולים_אלי"ן	638882
גן_העיר_(תל_אביב)	414424
בית_ליסין	192420
גבעת_אורנים_(ירושלים)	727248
המכון_למחקרי_ביטחון_לאומי	366831
רחוב_הלל	279543
נווה_שלום	99661
אנדרטת_הניצחון_בנתניה	1022427
מסגד_ג'באליה	793192
לוביה_(כפר)	880839
מדבר_פארן	1217806
שביט_(משגר_לוויינים)	24551
תחנת_הרכבת_בית_יהושע	372193
תיאטרון_חיפה	200052
דור_(מושב)	133078
אזור_התעשייה_ברקן	956249
עין_נטפים	96149
האנדרטה_לזכר_כ"ג_יורדי_הסירה	928915
מרכז_אמיר	975667
הר_חוצבים	487767
סנהדריה_המורחבת	565214
כיכר_רבין	17558
אור_הגנוז	100498
נחל_בצת	163273
טמרה_(יזרעאל)	104610
שביל_ישראל	6400
בית_החולים_ביקור_חולים	124641
כליל	97112
המגדלור_במרינה_אשקלון	1034128
מוזיאון_הילדים_חולון	784138
אשרת_(יישוב)	85142
הר_המנוחות	114970
תל_רכש	434413
בית_שאן	7730
מוסקוביה_(נצרת)	994914
מחלף_מוטה_גור_(חיפה)	893656
בית_הכנסת_והמרכז_למורשת_היהדות_ע"ש_צימבליסטה	628647
מחנה_רחבעם	915371
בית_פולישוק	415722
נוה_דקלים	29605
שכניה	13805
כנסיית_גבריאל_הקדוש	667339
גבעת_ברנר	229746
צור_יצחק	153270
משמר_השבעה	99475
הפיגוע_בצומת_בית_ליד	472407
מלון_עדן	609892
פסגת_זאב	98398
גבעת_השלושה	19551
תלמי_יוסף	90785
לונה_פארק_תל_אביב	374708
עיר_המלכים	387369
לפידות	101550
אבו_גוש	7893
כיכר_השבת	44021
גן_לאומי_ברעם	644791
מגדל_דניאל_פריש	652802
מחסיה	99654
כנסיית_גאורגיוס_הקדוש	635790
רמת_השופט	31666
נחל_קנה	381143
כביש_34	399134
משמר_הכרמל	842957
כנות	100461
ישיבת_קול_תורה	112925
מגדל_נווה_צדק	455959
פארק_הקופים	698287
תל_מעמר	807727
כביש_38	359783
שגרירות_ארצות_הברית_בישראל	652832
רמב"ם_-_הקריה_הרפואית_לבריאות_האדם	186244
רעננה	7776
יד_יצחק_בן-צבי	49787
בית_החולים_ליס_לנשים_וליולדות	652030
שמרת	97140
קיר_העורבים	1047910
צובה	72222
נחל_צאלים	179955
בית_בוירלה	43092
רחוב_אבן_גבירול	233422
שכונת_עזרא	656877
מגדל_מרגנית	650023
רמות_מנשה_(קיבוץ)	105635
רבבה	100653
מרכז_רפואי_העמק	471576
נחל_שניר	6363
זוהר_(מושב)	96795
קולנוע_עדן	133284
מערת_הגדי	1013799
נחל_הבשור	90800
תל_חיים	288558
מתקן_התפלה_חדרה	1106442
מנזר_ניקולאס_הקדוש	635214
משמר_הירדן_(מושב)	44725
חאן_א-שוורדה	663351
תחנת_הרכבת_נהריה	337152
תמרת	22216
מצד_עין_טמיר	1251280
מצד_מאגורה	742068
מפרץ_אילת	21263
ערערה-בנגב	8003
מרכז_קהילתי_לב_אביב	651606
כפר_עבודה	500066
תל_ניצנה	110583
הישיבה_הגדולה_ותלמוד_תורה_מאה_שערים	911687
באר_אורה	109713
הרי_יהודה	69635
הגנים_הבוטניים_של_אוניברסיטת_תל_אביב	816109
עין_נוטרה	318524
בית_השגריר_הצרפתי	792547
צרעה_(אתר_מקראי)	556045
חוות_השומר	130981
נחל_לכיש	58751
יד_למעפיל_האלמוני	466942
חורבת_עוזה	792557
רשפים	93900
מחלף_הכפר_הירוק	442220
הר_נחום	105705
בית_הסראייה_הישן_(יפו)	650779
מבצר_נמרוד	91536
שמעון_מזא"ה	674729
פוריה_עילית	97088
גן_סוטין	655805
כפר_הנגיד	10763
צומת_פוריידיס	1037481
מיסכה	269427
אהל_שם_(בית_ספר)	158985
עקרון_(עיר_מקראית)	151605
הפיגוע_ברחוב_אלנבי_(2002)	1124210
יקב_דלתון	477245
אנדרטת_מתנדבי_היישוב_במלחמת_העולם_השנייה	928953
תחנת_הרכבת_ראש_העין_צפון	374902
צומת_העמקים	591511
הישיבה_לאמנויות_ולמדעים_בר-אילן	425642
בית_אברלה	43077
מגדל_תפן	106827
מוזיאון_בית_אוסישקין	401244
מלון_פאסט	352921
השגרירות_הנוצרית_הבינלאומית_ירושלים	684528
בית_הלל_(מושב)	43180
נחלים	101010
אל_קובאב	1181770
חוסן	104605
כפר_מנדא	7965
אורוות_שלמה	121938
טבע_עירוני_בירושלים	611967
מנהרות_גילון	1001585
נהר_הירדן	11142
משמר_הנגב	36048
גשר_אוסישקין	1078863
הר_הבית	10618
ראש_הנקרה	25020
מעבר_קרני	265870
אשדות_יעקב_מאוחד	97099
יאג'ור	757847
חוף_השרון	742276
אל_עזי	479696
גן_לאומי_אשכול	171281
גבעת_יערים	52585
תקיפת_שיירת_הנשק_הערבית_בקריית_מוצקין	498940
אולם_התיכונט	1192161
חורבת_עוצה	970423
חורבת_עומרית	972387
אכסאל	7898
שער_הפרחים	15289
מנחת_בר-יהודה	190990
שוק_הכרמל	382065
מחלף_גן-רווה	194288
אחיהוד	63096
קתדרלת_אליהו_הנביא	1005986
בית_רובינשטיין	331477
מועצה_אזורית_באר_טוביה	100248
קפלת_ההלקאה	1052281
קולנוע_אסתר	259631
עמוקה	106215
האנדרטה_לזכר_החיילים_היהודים_בצבא_הפולני_במלחמת_העולם_השנייה	943368
מלון_וולדורף_אסטוריה_ירושלים	964380
בית_צבי	128979
כיכר_צינה_דיזנגוף	19687
עין_פוריה	1187674
סכר_דגניה	38885
רמת_רחל	99375
יריד_המזרח	111654
מדבר_צין	1218676
קולנוע_מוגרבי	354778
קרב_אשקלון	622580
התחנה_המרכזית_של_הרצליה	513162
יד_בנימין	97302
בית_חולים_דנה-דואק_לילדים	443215
המכתש_הגדול_(שכונה_ד')	1277383
נתיב_הל"ה	13575
שירה_חדשה_(ירושלים)	364308
כפר_חב"ד	18747
כנף_(מושב)	69777
קולג'_טרה_סנטה	374501
יער_המגינים	256944
קריית_הממשלה	186347
נמל_אשדוד	268815
כיכר_ציון	28254
טחנת_הקמח_היהודית_בבאר_שבע	1190217
שער_עגל	781338
מרכז_לבריאות_הנפש_גהה	801174
עין_כרמל	99737
מרכז_לבריאות_הנפש_שלוותה	799311
רמת_דוד	94365
צופית_(מושב)	157068
מפעל_נשר_רמלה	280966
נמל_היובל	692601
משען	100264
ישיבת_תורת_החיים	80710
מגדל_שלום_מאיר	6268
מוזיאון_ההגנה	421575
מגדלור_סטלה_מאריס	1031723
יושיביה	130965
חרב_לאת	70550
העיר_העתיקה_(באר_שבע)	1054983
מזרקת_האריות	849175
מסוף_2000	397087
בית_נקופה	99636
מחצבות_מגדל_צדק	530373
השפלה	53949
אל-מיר	269398
מורן_(קיבוץ)	13788
תרום	99705
כלנית_(יישוב)	104637
קניון_ארנה	1061288
מעונה	35474
הר_הטייסים	240810
פארק_הרצליה	1061196
יד_לבנים_הדרוזים	344688
תלמים	96801
קניון_גבעתיים	723106
כפר_מל"ל	62915
נווה_ימין	80684
מחלף_גדרה	1037953
כנסיית_עמנואל	635784
תל_בני_ברק	968886
סביון_(יישוב)	7991
מעבר_טאבה	403420
דגם_ירושלים_בסוף_ימי_בית_שני	465037
בית_הכנסת_אבוהב	1240570
משרד_החוץ	90916
אסף_שמחוני	192365
תחנת_הרכבת_אשקלון	375275
פארק_העמקים	591364
מנחת_מישר	1101038
אזור_תעשייה_עבר_הירקון	380450
פלמחים	14652
יקב_יתיר	875203
אנדרטת_גדוד_184,_אבירי_לב	1163288
כיכר_מאנגר	1161163
המכללה_האקדמית_אשקלון	343144
גן_קריית_ספר	569111
שמורת_טבע_תל_דן	130142
תחנת_הרכבת_נחל_שורק	435211
ערב_אל_עראמשה	103982
בית_היולדות_סדובסקי	881431
זירעין	565789
בית_הכנסת_הגר"א_(שערי_חסד)	954426
ע'ג'ר	7992
ארבל_(יישוב_עתיק)	1089176
צוריאל	105327
בר_יוחאי_(יישוב)	104280
יהודייה_(עבאסייה)	256672
חוות_רהם	903027
מחנה_המעצר_בעתלית	424592
מוסררה_בית_הספר_לצילום,_מדיה_ומוסיקה_חדשה_ע"ש_נגר	551127
קבר_הרמב"ם	762052
הסוללים	95065
נבי_סבלאן	37206
מרכז_הספורט_הלאומי_-_תל_אביב	886701
צומת_עמיעד	655309
ראמה_(יישוב)	8020
מרכז_דניאל_עמיחי_ללימודי_חתירה_וימאות	642585
פסוטה	8006
מרכז_ארצי_לבחינות_ולהערכה	714450
תיאטרון_הספרייה	446935
שמורת_המסרק	452489
רכסים	8023
מימדיון	218333
נמל_התעופה_חיפה	187858
אום_ח'אלד	71914
יד_אבשלום	42711
מעגן_(קיבוץ)	103846
נהריה	7752
בית_הייסמן	1285437
בית_האמנים_תל_אביב	366671
קרבות_לטרון	733191
גדר_הצפון	234584
כוכב_יאיר_צור_יגאל	7954
המרכז_למחקר_גרעיני_-_שורק	207534
הר_שנאן	464501
עין_לימון	638512
קריית_הממשלה_באר_שבע	1193747
בועיינה-נוג'ידאת	7906
בית_החולים_לילדים_מריאנשטיפט	623762
מחוז_חיפה	61795
רחוב_קפלן	299866
מבוא_מודיעים	259009
שדרות_רוטשילד	17749
מצד_שער_העמקים	1244173
אי_האלמוגים	540685
עינות_גיבתון	702194
משמר_העמק	32910
רמות_פולין	368325
פארק_תעשיות_משגב	1176243
הרי_אילת	1863
בית_החולים_רבקה_זיו	674806
חוות_מקורה	299580
תחנת_הרכבת_הטורקית_(באר_שבע)	391027
תל_שקמונה	368774
ים_כנרת	14159
נהרדעא_(ישיבה_תיכונית)	917896
הפיגוע_בקריית_שמונה_(1974)	806565
רחביה	91354
היכל_העצמאות_(ישראל)	693947
ימין_אורד	805157
כנסיית_ההשלכה	693517
מחלף_פולג	560646
מחלף_קריית_גת	541919
בית_הספר_הארצי_לכבאות_ולהצלה	887316
כנסיית_מר_מיכאל	635799
המוזיאון_לאמנות_ישראלית,_רמת_גן	531573
