Institut_Manajemen_Global_Indonesia	85021
Kepaniteraan_Mahkamah_Agung_Republik_Indonesia	1460419
Partai_Nasional_Indonesia_-_Massa_Marhaen	1075971
Daftar_sekolah_menengah_pertama_swasta_di_Indonesia	368411
Liga_Bola_Basket_Nasional_Indonesia	38114
Divisi_Profesi_dan_Pengamanan_Kepolisian_Negara_Republik_Indonesia	658232
Operasi_militer_Indonesia_di_Aceh_1990-1998	1115966
Dinas_Jasmani_Militer_Tentara_Nasional_Indonesia_Angkatan_Darat	1726573
Saluran_Film_Indonesia	953516
Polisi_Militer_Angkatan_Laut_Indonesia	293939
Skandal_penyadapan_Australia-Indonesia	1402399
Mitologi_Indonesia	229145
Pusat_Misi_Pemeliharaan_Perdamaian_Tentara_Nasional_Indonesia	1462698
Final_Piala_Indonesia_2010	881739
Equity_Life_Indonesia	787782
Media_Indonesia	30659
The_Voice_Indonesia	1009745
Distrik_(Indonesia)	70009
Hubungan_Indonesia_dengan_Israel	1581695
Komando_armada_Indonesia_kawasan_timur	43797
Jaringan_Universitas_Indonesia_Terpadu	889205
SMA_Laboratorium_Percontohan_Universitas_Pendidikan_Indonesia	1115586
Indonesia_dalam_Api_dan_Bara	74188
Universitas_Indonesia_Bandung	965594
Bioskop_Indonesia_(saluran_TV)	1062157
Playboy_Indonesia	1421213
Daftar_Menteri_Lingkungan_Hidup_dan_Kehutanan_Indonesia	1636230
Daftar_Menteri_Keuangan_Indonesia	44203
Harian_Indonesia_Raya	37445
Komisi_Penyiaran_Indonesia_Daerah_Jawa_Barat	251722
PT_Softex_Indonesia	1642439
Gereja_Kristen_Protestan_Indonesia	57459
Daftar_Kota_Besar_Indonesia_Berpenduduk_Diatas_100.000_Jiwa	1669290
Permufakatan_Perhimpunan-perhimpunan_Politik_Kebangsaan_Indonesia	1566936
Prostitusi_di_Indonesia	594159
Dewan_Da'wah_Islamiyah_Indonesia	866806
Rumah_Robot_Indonesia	1090571
Indonesia_Air_Transport	123198
Yayasan_Lembaga_Bantuan_Hukum_Indonesia	36330
Daftar_nama_tumbuhan_endemik_Indonesia	757645
Sistem_liga_sepak_bola_di_Indonesia	755199
Bintang_Republik_Indonesia_Pratama	4322
Semen_Indonesia	35306
Anugerah_Musik_Indonesia	306170
Kementerian_Indonesia	42762
Tugu_Pratama_Indonesia	788959
Diskriminasi_terhadap_Tionghoa-Indonesia	1038420
BreaktimeIndonesia	1737209
Masyarakat_Telematika_Indonesia	1700955
Indonesia_dalam_tahun_1965	1642949
Sejarah_teks_Alkitab_bahasa_Indonesia	349234
Gereja_Kristus_Rahmani_Indonesia	1159595
Menteri_Penghubung_Alim-Ulama_Republik_Indonesia	1695584
Direktorat_Amerika_Utara_dan_Tengah_Kementerian_Luar_Negeri_Indonesia	450586
Daftar_Ketua_Umum_Palang_Merah_Indonesia	1658711
Pusat_Pendidikan_dan_Pelatihan_Pegawai_Kementerian_Pendidikan_Nasional_Indonesia	967646
Divisi_Utama_Liga_Indonesia_2007	121593
Daftar_Menteri_Kehutanan_Indonesia	50339
Putri_Wirausaha_Kreatif_Indonesia_2013	1611721
Daftar_tokoh_yang_meninggal_dalam_pembersihan_anti-komunis_Indonesia	457191
BP_Indonesia	108217
Daftar_pusat_perbelanjaan_di_Indonesia	210134
Mora_Telematika_Indonesia	1708626
Anak_Indonesia	1637463
Asosiasi_Wartawan_Profesional_Indonesia	1725503
Indonesia_Bagus	1147824
Daftar_nama_Indonesia_yang_mengandung_unsur_Sanskerta	593787
Persyaratan_visa_warga_negara_Indonesia	1459412
Daftar_kata_serapan_dari_bahasa_Persia_dalam_bahasa_Indonesia	215268
Kementerian_Pemberdayaan_Perempuan_dan_Perlindungan_Anak_Indonesia	50267
Indonesia_Terbuka_1999	342485
Yayasan_Ginjal_Diatrans_Indonesia	331857
Miss_Indonesia	77287
Miss_Indonesia_Tourism	232649
Sekolah_calon_perwira_Indonesia	67793
Indonesia_Terbuka_1997	738793
Festival_Film_Indonesia_2007	236881
Festival_Film_Indonesia_2006	85683
Festival_Film_Indonesia_2005	25997
Festival_Film_Indonesia_2004	26000
Daftar_tokoh_perempuan_Indonesia	955403
Festival_Film_Indonesia_2009	463452
Festival_Film_Indonesia_2008	338766
Menteri_Pendidikan_Dasar_dan_Kebudayaan_Indonesia	1695574
Kuliner_tradisional_indonesia	1752452
Sensus_Penduduk_Indonesia_2000	616163
Badan_Perfilman_Indonesia	1434169
Junior_MasterChef_Indonesia_(musim_2)	1649814
Persatuan_Rakyat_Marhaen_Indonesia	999309
Badan_Komunikasi_Pemuda_Remaja_Masjid_Indonesia	942936
Daftar_Rektor_Universitas_Islam_Indonesia	876528
Yahudi_di_Indonesia	260034
Arema_Indonesia_musim_2011–12	905910
Rising_Star_Indonesia	1560195
Standar_Nasional_Indonesia	100321
Daftar_Menteri_Luar_Negeri_Indonesia	30764
Daftar_kota_di_Indonesia_menurut_provinsi	667703
Liga_Super_Indonesia_2013	1068624
Gereja_Ortodoks_Indonesia	1147976
Kongres_Buruh_Seluruh_Indonesia	1533348
Bala_Keselamatan_Indonesia	1755076
Peraturan_Pemerintah_Pengganti_Undang-Undang_(Indonesia)	84573
Saluran_Musik_Indonesia	953524
Pop_Indonesia_Vol._II	1047869
Kementerian_Agraria_dan_Tata_Ruang_Republik_Indonesia	1641735
Revolusi_Nasional_Indonesia	349849
Yayasan_Kegizian_untuk_Pengembangan_Fortifikasi_Pangan_Indonesia	980191
Alfabet_bahasa_Indonesia	656008
Pabrik_Kertas_Indonesia	1644129
Daftar_bandar_udara_di_Indonesia	6293
Suara_Mahasiswa_Universitas_Indonesia	1669381
Flight_Simulation_2004_Indonesia	531039
Gerakan_Angkatan_Muda_Kristen_Indonesia	198497
Anugerah_Musik_Indonesia_2002	1568826
Daftar_aktris_Indonesia	22433
Kementerian_Perindustrian_Republik_Indonesia	50240
Kereta_Pustaka_Indonesia	836150
Daftar_kayu_di_Indonesia	375297
Komite_Penyelamat_Sepak_Bola_Indonesia	1012918
Daftar_majalah_di_Indonesia	19297
Olimpiade_Indonesia_Cerdas_Musim_I	1740234
Daftar_Lembaga_Pemerintahan_Indonesia	39961
Lembaga_Sertifikasi_Profesi_Teknologi_Informasi_dan_Telekomunikasi_Indonesia	1701299
Kementerian_Energi_dan_Sumber_Daya_Mineral_Republik_Indonesia	50237
Great_Eastern_Life_Indonesia	789369
Titik_ekstrem_Indonesia_menurut_kota	831077
Daftar_kata_serapan_dari_bahasa_Tionghoa_dalam_bahasa_Indonesia	13599
Daftar_perguruan_tinggi_negeri_di_Indonesia	6101
Persengketaan_rokok_kretek_Indonesia	1485710
Kesatuan_Indonesia	430819
Divisi_Utama_Liga_Indonesia_1996–97	19247
Universitas_Satya_Negara_Indonesia	279561
Daftar_istilah_Internet_Indonesia	2827
Miss_Indonesia_2010	534076
Asosiasi_Satelit_Indonesia	1675768
Daftar_Duta_Besar_Indonesia_untuk_Malaysia	83225
Miss_Indonesia_2011	723620
Daftar_kata_serapan_dari_bahasa_Arab_dalam_bahasa_Indonesia	215812
Daftar_penghargaan_khusus_pada_Puteri_Indonesia	1442481
Kampus_Universitas_Indonesia_Depok	1128810
Arsitektur_Perbankan_Indonesia	731814
Fakultas_Kesehatan_Masyarakat_Universitas_Indonesia	318968
Lembaga_Industri_Musik_Indonesia	216382
Asosiasi_DPRD_Kota_Seluruh_Indonesia	348681
Anugerah_Komisi_Penyiaran_Indonesia_2013	1755863
The_Indonesian_Board_of_Hypnotherapy	1485482
Anugerah_Komisi_Penyiaran_Indonesia_2014	1643341
Spacetoon_(Indonesia)	45440
Daftar_candi_di_Indonesia	530390
Grup_Fisikawan_Teoritik_Indonesia	249340
Ananda_(Puteri_Indonesia)	211454
Nasional_Demokrat_(Indonesia)	498503
Indonesia_Road_Safety_Award	1694966
Palang_Merah_Indonesia	65767
Indonesian_Idol	6530
Bank_J_Trust_Indonesia	698508
Indonesian_Idol_(musim_ketiga)	242889
Sekolah_Tinggi_Sains_dan_Teknologi_Indonesia	282736
Bactrocera_indonesiae	1228342
Sekretariat_Jenderal_Kementerian_Luar_Negeri_Republik_Indonesia	1694940
Sapa_Indonesia	1700019
Daftar_Acara_Komedi_Indonesia	1691398
Kustodian_Sentral_Efek_Indonesia	210717
Sistem_Penghitungan_Karbon_Nasional_Indonesia	1724500
Daftar_Menteri_Pemberdayaan_Aparatur_Negara_dan_Reformasi_Birokrasi_Indonesia	44209
Federasi_Serikat_Petani_Indonesia	64319
Indonesia's_Got_Talent	590811
Sibernetika_Desa_Indonesia	1516891
Operasi_militer_Indonesia_di_Aceh_2003-2004	304369
Internet_di_Indonesia	1059957
Tesaurus_Bahasa_Indonesia_Pusat_Bahasa	489758
Divisi_Dua_Liga_Indonesia_2010–11	590704
Dinas_Penelitian_dan_Pengembangan_Tentara_Nasional_Indonesia_Angkatan_Darat	1727125
Milisi_pro-Indonesia_di_Timor_Leste	531811
Partai_Komunis_Indonesia	6076
Konfusianisme_di_Indonesia	1104617
Daftar_40_orang_terkaya_di_Indonesia_(2006)	146763
Daftar_musisi_Indonesia	966211
Universitas_Muslim_Indonesia	120596
Nutrifood_Indonesia	252968
Partai_Pengusaha_dan_Pekerja_Indonesia	297679
Daftar_produk_telekomunikasi_di_Indonesia	82839
Angowuloa_Masehi_Indonesia_Nias	1026579
Arka_Music_Indonesia	649531
Puteri_Indonesia_2012-2013	955565
Fakultas_Ilmu_Sosial_dan_Ilmu_Politik_Universitas_Indonesia	318986
Divisi_Satu_Liga_Indonesia	19293
Sekretariat_Inspektorat_Jenderal_Kementerian_Pertahanan_Indonesia	749758
Daftar_40_orang_terkaya_di_Indonesia_(2007)	267570
Kamus_Besar_Bahasa_Indonesia	626743
Daftar_orang_hilang_di_Indonesia	58919
MasterChef_Indonesia_Musim_Pertama	842245
Indonesia_Mencari_Bakat	545743
Universitas_Putra_Indonesia	90401
Most_Favourite_Actress_pada_MTV_Indonesia_Movie_Awards	259348
Dewan_Perwakilan_Rakyat_Republik_Indonesia_periode_2014-2019	1677526
Asosiasi_Bola_Lantai_Indonesia	876102
Geopolitik_di_Indonesia	530552
Fakultas_Farmasi_Universitas_Indonesia	968571
STMIK_Indonesia_Mandiri	260592
Persekutuan_Gereja-gereja_Tionghoa_Indonesia	1058285
Daftar_tokoh_Indonesia	528247
Pop_Indonesia_Vol._4	1047873
Kebijakan_visa_Indonesia	1433049
Garis_waktu_sejarah_Indonesia	348125
Lensa_Indonesia_Sore_(acara_televisi)	1518962
Bank_Indonesia	10458
Miss_Chinese_Cosmos_Pageant_Indonesia	232648
Daftar_Ketua_Dewan_Perwakilan_Daerah_Republik_Indonesia	395378
Sejarah_surat_kabar_Indonesia	519510
Obor_Berkat_Indonesia	71216
Masyarakat_Komputasi_Indonesia	249342
Universitas_Kristen_Indonesia	407126
Indonesia_Movieland	407874
ZALORA_Indonesia	1459207
Dewan_Perwakilan_Rakyat_Republik_Indonesia_periode_2004-2009	372992
Pemilihan_umum_presiden_Indonesia	1586069
La_Academia_Junior_Indonesia_(musim_kedua)	1670409
Persatuan_Bola_Basket_Seluruh_Indonesia	38113
Kejaksaan_Agung_Indonesia	84620
Daftar_Rektor_Universitas_Pendidikan_Indonesia	1632226
Indonesian_Movie_Awards	240772
Perpustakaan_Nasional_Republik_Indonesia	38547
Kontes_Robot_Indonesia	150481
Indonesia_Now	209569
Indonesian_Idol_(musim_keenam)	459315
Deputi_Bidang_Perundang-undangan_Sekretariat_Jenderal_Dewan_Perwakilan_Rakyat_Republik_Indonesia	1644479
Daftar_pabrik_gula_di_Indonesia	372918
Korps_wanita_(Angkatan_Darat_Tentara_Nasional_Indonesia)	67740
Rumah_Yatim_Indonesia	958821
Bank_ANZ_Indonesia	772581
Sekolah_Tinggi_Ilmu_Administrasi_Mandala_Indonesia	1148901
Karwell_Indonesia	203671
Daftar_Susunan_Organisasi_Kementerian_Negara_Indonesia	1687515
Gereja_Kristen_Luther_Indonesia	1045868
Liga_Super_Indonesia_2010–11	602748
Kesatuan_Aksi_Mahasiswa_Indonesia	601211
Hubungan_India_dengan_Indonesia	839409
Persengketaan_bea_masuk_anti-dumping_pada_kertas_impor_Indonesia	1489840
Hukum_di_Indonesia	58660
Daftar_gunung_di_Indonesia	14732
Statistik_Liga_Super_Indonesia_2014	1483627
Dream_Girls_Indonesia	375369
Daftar_kata_serapan_dari_bahasa_Jepang_dalam_bahasa_Indonesia	190174
Daftar_antropolog_Indonesia	84238
Gereja_Bethel_Indonesia	58276
Daftar_kota_di_Indonesia_menurut_kepadatan_penduduk	404092
The_Rough_Guide_to_the_Music_of_Indonesia	1449405
Deal_or_No_Deal_Indonesia	195788
Komando_armada_Indonesia_kawasan_barat	43795
Zona_waktu_Indonesia	80130
Ikatan_Naturopatis_Indonesia	115716
Partai_Aliansi_Demokrat_Indonesia	1076409
Divisi_Utama_Liga_Indonesia_2009–10	388058
Indonesian_Netlabel_Union	1553015
Taman_Mini_Indonesia_Indah	23575
Perkembangan_Teknologi_Komunikasi_di_Masyarakat_Indonesia	1461010
Daftar_paroki_di_Indonesia	721205
Museum_Bank_Indonesia	125517
Pupuk_Indonesia_Holding_Company	1056486
Pusat_Penelitian_Karet_Indonesia	839914
Daftar_perguruan_tinggi_pertanian_di_Indonesia	1175376
Daftar_danau_di_Indonesia	119023
Indonesia_Internet_Exchange	227541
Daftar_juara_sepak_bola_Indonesia	603666
Badan_Pengkajian_dan_Pengembangan_Kebijakan_Kementerian_Luar_Negeri_Republik_Indonesia	1698774
Koordinat_geografis_titik-titik_garis_pangkal_kepulauan_Indonesia	597454
Miss_Celebrity_Indonesia_2008	853585
X_Factor_Indonesia	984786
Sekolah_Perwira_Prajurit_Karier_Tentara_Nasional_Indonesia	250900
Daftar_film_nominasi_Indonesia_untuk_Film_Berbahasa_Asing_Terbaik_(Oscar)	1116905
Duta_Besar_Indonesia_untuk_Arab_Saudi	1476703
Partai_Kedaulatan_Bangsa_Indonesia_Baru	297650
Hasil_pertandingan_Liga_Super_Indonesia_2010–11	605899
Partai_Gerakan_Indonesia_Raya	297680
Persatuan_Islam_Tionghoa_Indonesia	212940
Armenia-Indonesia	348209
Agama_Buddha_di_Indonesia	538359
Perjanjian_Kewarganegaraan_Ganda_Indonesia-Tiongkok	1687763
Arsip_Nasional_Republik_Indonesia	45905
Lambang_Negara_Indonesia	221127
Parisada_Hindu_Dharma_Indonesia	1480346
Hubungan_Belanda_dengan_Indonesia	784976
Panitia_Persiapan_Kemerdekaan_Indonesia	81656
Kata_serapan_dalam_bahasa_Indonesia	226007
Partai_Syarikat_Islam_Indonesia_1905	1077681
Majelis_Tinggi_Agama_Konghucu_Indonesia	72469
Bursa_Komoditas_dan_Derivatif_Indonesia	1126490
Pengembangan_sumber_daya_manusia_Indonesia	1531892
Gereja_Protestan_Indonesia_di_Papua	1026524
Perhimpunan_Advokat_Indonesia	569190
Bencana_alam_di_Indonesia_sejak_tahun_2004	612812
Daftar_Menteri_Perdagangan_Indonesia	50338
Puteri_Muslimah_Indonesia	1753341
Konsulat_Jenderal_Indonesia_di_Houston,_Amerika_Serikat	699291
Garuda_Indonesia	8107
Perbedaan_antara_sebutan_bahasa_Melayu_basahan_dan_bahasa_Indonesia	5655
Polisi_Kehutanan_Indonesia	1040092
Persatuan_Ahli_Farmasi_Indonesia	570220
Museum_Rekor_Dunia_Indonesia	25460
Ikatan_Sarjana_Oseanografi_Indonesia	1563265
Lembaga_Pengembangan_Perbankan_Indonesia	360356
Asuransi_Ekspor_Indonesia	291392
Institut_Bisnis_dan_Informatika_Indonesia	255612
Daftar_tokoh_Eropa-Indonesia	81947
Persatuan_Tinju_Amatir_Indonesia	138020
Daftar_nama_burung_di_Indonesia:_Non-Passeriformes	128976
Daftar_hari_penting_di_Indonesia	6959
Daftar_pemain_sepak_bola_legendaris_Indonesia	178303
Daftar_sekolah_dasar_negeri_di_Indonesia	409040
Program_Pascasarjana_Universitas_Indonesia	1000642
Daftar_komedi_situasi_Indonesia	1467277
International_Indonesia_Forum	1386207
Pusat_Penelitian_Perkebunan_Gula_Indonesia	593038
Pelopor_Kajian_Filsafat_Indonesia	28135
Garuda_Indonesia_Penerbangan_200	148495
Daftar_tokoh_Melayu-Indonesia	1170035
Daftar_Duta_Besar_Indonesia_untuk_Mesir	313052
Garuda_Indonesia_Penerbangan_206	125759
Partai_Kebangkitan_Dharma_Indonesia	965233
Sony_BMG_Music_Entertainment_Indonesia	528491
Mahasiswa_Pecinta_Alam_Universitas_Indonesia	769678
Cat_Fanciers'_Society_of_Indonesia	1612965
Daftar_Menteri_Pendidikan_dan_Kebudayaan_Indonesia	50349
Komando_Pertahanan_Udara_Nasional_Indonesia	43838
Kementerian_Pertanian_Republik_Indonesia	50248
Divisi_Regional_Kereta_Api_Indonesia	1059591
Indonesia_Cable_Television_Association	1700053
Liga_Bola_Basket_Wanita_Nasional_Indonesia	1045718
Gereja_Reformed_Injili_Indonesia	128683
Partai_Hijau_Indonesia	384341
Komunitas_Historia_Indonesia	1127391
Perbedaan_antara_bahasa_Malaysia_dan_bahasa_Indonesia	137545
Indonesian_Idol_(musim_kedelapan)	959323
Bank_Negara_Indonesia	15956
Indonesia_pada_Olimpiade_Musim_Panas_2012	973489
Soccer_Star_Indonesia	990417
Daftar_Wakil_Menteri_Agama_Indonesia	888438
Daftar_tokoh_keturunan_atau_kelahiran_Indonesia	338471
Artileri_dalam_Tentara_Nasional_Indonesia	382359
Partai_Tionghoa_Indonesia	71711
STMIK_Indonesia	740518
Chevron_Pacific_Indonesia	123188
Bank_Dagang_Nasional_Indonesia	777061
Bintang_Republik_Indonesia_Adipradana	4319
150_Lagu_Indonesia_Terbaik	590144
Partai_Rakyat_Indonesia_Merdeka	973270
Daftar_kabupaten_di_Indonesia_menurut_waktu_pembentukan	1056432
Himpunan_Kimia_Indonesia	869635
Sekretariat_Jenderal_Komisi_Yudisial_Republik_Indonesia	1654611
Komisi_Yudisial_Republik_Indonesia	36260
Daftar_masakan_Indonesia	19964
Direktorat_Jenderal_Sarana_Pertahanan_Kementerian_Pertahanan_Indonesia	556070
Masyarakat_Vegan_Indonesia	56407
Ikatan_Pustakawan_Indonesia	77478
Partai_Persatuan_Nahdlatul_Ummah_Indonesia	316812
Gerakan_mahasiswa_Indonesia_1998	63081
Lisensi_Penyiaran_Digital_(Indonesia)	1695594
Indonesia_AirAsia_Penerbangan_8501	1666675
Negara_Republik_Indonesia_(RIS)	1026503
Daftar_Ketua_Majelis_Permusyawaratan_Rakyat_Republik_Indonesia	16548
Gereja_Methodis_Indonesia	1026582
Daftar_Menteri_Pariwisata_Indonesia	201215
Liga_Indonesia_(perusahaan)	542226
Masyarakat_Profesi_Proteksi_Kebakaran_Indonesia	203109
Direktorat_Jenderal_Bea_dan_Cukai_Kementerian_Keuangan_Indonesia	45252
Daftar_petinju_profesional_Indonesia_yang_pernah_bertanding_dalam_kejuaraan_dunia	185043
Daftar_Uskup_di_Indonesia	1067908
Ikatan_Sarjana_Pendidikan_Indonesia	1161489
Rekor_dan_statistik_tim_nasional_sepak_bola_Indonesia	891089
Liga_Futsal_Indonesia_2006–07	590800
Gereja_Protestan_Indonesia_di_Donggala	1016900
Indonesian_Business_Association_of_Shanghai	6713
Keluarga_Mahasiswa_Katolik_Indonesia	132121
Waktu_Indonesia_Tengah	10467
Liga_Super_Indonesia	251109
Inspektorat_Logistik_Itjen_Kementerian_Pertahanan_Indonesia	749757
Daftar_tokoh_India-Indonesia	87308
Superliga_Badminton_Indonesia	199920
Sekretariat_Wakil_Presiden_Republik_Indonesia	248311
Boy_&_Girl_Band_Indonesia	820155
Indonesia_Sustainable_Palm_Oil	1190783
Sony_Music_Entertainment_Indonesia	436760
Gereja_Katolik_di_Indonesia	132738
Piala_Indonesia_2012	878700
Daftar_Ketua_Komisi_Yudisial_Republik_Indonesia	1655080
Piala_Indonesia_2010	526981
Badan_Kerjasama_Kabupaten_Seluruh_Indonesia	121610
Biro_Klasifikasi_Indonesia	307271
Sky_Aviation_(Indonesia)	823734
Lembaga_Pembiayaan_Ekspor_Indonesia	190418
Sisipan_dalam_bahasa_Indonesia	818084
Daftar_Wakil_Menteri_Perdagangan_Indonesia	888311
Waktu_Indonesia_Barat	10468
Bisnis_Indonesia	43135
Miss_Celebrity_Indonesia_2010	853603
Daftar_miliarder_Indonesia	1096159
Miss_Celebrity_Indonesia_2012	981292
Miss_Celebrity_Indonesia_2013	1187257
Miss_Celebrity_Indonesia_2014	1635588
Made_in_Indonesia	282545
Gereja_Pentakosta_Indonesia	861324
Kementerian_Lingkungan_Hidup_dan_Kehutanan_Republik_Indonesia	1636231
Phonemarket_indonesia	1658061
Kabinet_Pemerintahan_Indonesia	1717670
Karate_di_Indonesia	1090390
Komisi_Perlindungan_Anak_Indonesia	66849
Pelabuhan_Indonesia_III	291416
Partai_Kebangkitan_Muslim_Indonesia	368814
Daftar_Menteri_Badan_Usaha_Milik_Negara_Indonesia	201458
Uang_Republik_Indonesia_Propinsi_Sumatera	822204
Puteri_Indonesia_Sumatera_Utara	1665079
Daftar_Benda_Cagar_Budaya_di_Indonesia	1009409
Indonesia_dalam_tahun_2005	1628550
Bekas_Jabatan_Politik_di_Indonesia	1695241
Multibreeder_Adirama_Indonesia	205347
Sentral_Organisasi_Buruh_Seluruh_Indonesia	1047241
Daftar_keuskupan_di_Indonesia	40180
Daftar_Ketua_Umum_Majelis_Ulama_Indonesia	1453344
Seleksi_Masuk_Universitas_Indonesia	1669614
Ikatan_Sarjana_Farmasi_Indonesia	74929
Masalah_di_Indonesia	31007
Universitas_Kristen_Indonesia-Tomohon	1183383
Bank_Danamon_Indonesia	70840
Paduan_Suara_Mahasiswa_Universitas_Indonesia_Paragita	1669400
Standar_perusahaan_pers_di_Indonesia	1722227
Daftar_Kepala_Staf_Kepresidenan_Republik_Indonesia	1669648
Indonesian_Movie_Awards_2009	386212
Indonesian_Movie_Awards_2008	266630
Mahkamah_Agung_Republik_Indonesia	325453
Pemerintahan_Darurat_Republik_Indonesia	12994
Liga_Super_Indonesia_2011–12	791604
Sekretariat_Presiden_Republik_Indonesia	248310
Pengakuan_tanggal_kemerdekaan_Indonesia_oleh_Belanda	46876
Divisi_Satu_Liga_Indonesia_2014	1485607
MTV_Indonesia	244145
Divisi_Satu_Liga_Indonesia_2010	682661
Partai_Buruh_(Indonesia)	316816
Dr._OZ_Indonesia	1463569
Indonesia_Digital_Network_2015	1721572
Daftar_filsuf_Indonesia	28749
Grand_Indonesia_Shopping_Town	390053
Partai_Solidaritas_Pekerja_Seluruh_Indonesia	1078688
Daftar_Duta_Besar_Amerika_Serikat_untuk_Indonesia	675531
Bantuan_Likuiditas_Bank_Indonesia	40007
Istana_Wakil_Presiden_Indonesia	13062
Indonesia_Pusaka	548827
Galeri_Sepak_Bola_Indonesia	889992
Pengelola_Nama_Domain_Internet_Indonesia	201651
Daftar_pelawak_Indonesia	20529
Tim_Olimpiade_Komputer_Indonesia	737986
Most_Favourite_Supporting_Actress_pada_MTV_Indonesia_Movie_Awards	260627
Universitas_Al_Azhar_Indonesia	197939
Universitas_Komputer_Indonesia	352484
Polemik_pluralisme_di_Indonesia	28385
Pembagian_administratif_Indonesia	97218
Indonesia_Air	1091593
Hubungan_Indonesia_dengan_Thailand	642648
Wahana_Lingkungan_Hidup_Indonesia	31867
Indonesia_pada_Pesta_Olahraga_Asia_Tenggara_2011	815952
Daftar_sekolah_pelayaran_di_Indonesia	1173732
Permainan_Qiu-Qiu_Indonesia	1486308
Universitas_Pertahanan_Indonesia	994620
Daftar_pemenang_Miss_Indonesia	865626
Dewan_Masjid_Indonesia	152543
Majelis_Rakyat_Indonesia	1558134
Daftar_kereta_api_di_Indonesia	961789
K20_Top_Hits_Indonesia	1089615
Nostalgia_Indonesia	970714
Daftar_kata_serapan_dari_bahasa_Belanda_dalam_bahasa_Indonesia	69032
Daftar_perguruan_tinggi_Islam_negeri_di_Indonesia	70020
Kekuasaan_kehakiman_di_Indonesia	84817
Daftar_Wakil_Ketua_Dewan_Perwakilan_Daerah_Republik_Indonesia	1665418
Indonesia_Telecommunications_User_Group	1701325
Indonesia_Network	975145
Indonesia_pada_Olimpiade_Musim_Panas_2004	644341
50_Penyanyi_Indonesia_Terbaik	1581437
Indonesia_pada_Olimpiade_Musim_Panas_2008	305497
Program_Vokasi_Universitas_Indonesia	711191
Paguyuban_Campursari_Indonesia	250460
Veteran_Anumerta_Republik_Indonesia	1745246
MasterChef_Indonesia_Musim_Kedua	865195
Lembaga_Survei_Indonesia	67341
Sejarah_Indonesia_(1965-1966)	1151450
Awalan_dalam_bahasa_Indonesia	660777
Kementerian_Desa,_Pembangunan_Daerah_Tertinggal,_dan_Transmigrasi_Republik_Indonesia	50270
Liga_Primer_Indonesia	616406
Partai_Uni_Demokrasi_Indonesia	1076940
Sejarah_Tentara_Nasional_Indonesia	1043052
Daftar_semboyan_lembaga_di_Indonesia	674225
Sanofi_Group_Indonesia	1676313
Partai_Indonesia_Baru	368812
Indonesia_Press_Photo_Service	633792
Perhimpunan_Indonesia_Tionghoa	83454
Kementerian_Kesehatan_Republik_Indonesia	50245
Daftar_Sekretaris_Kabinet_Indonesia	793199
Daftar_perguruan_tinggi_swasta_di_Indonesia	6344
Liga_Bola_Basket_Nasional_Wanita_Indonesia_2013–14	1566622
Kau_dan_Aku_Cinta_Indonesia	1419648
Asosiasi_Penyelenggara_Multimedia_Indonesia	1700317
Daftar_sekolah_menengah_atas_negeri_di_Indonesia	368720
Gereja_Protestan_Indonesia_di_Gorontalo	1026511
Daftar_Gereja_Advent_di_Indonesia	31443
Kementerian_Koperasi_dan_Usaha_Kecil_dan_Menengah_Republik_Indonesia	45043
Pelabuhan_Indonesia	1578347
Dominique_Sanda_(aktris_Indonesia)	297798
Partai_Kristen_Nasional_Indonesia	1076334
Jalur_kereta_api_aktif_di_Indonesia	1125340
40_Years_of_Silence:_Sebuah_Tragedi_Indonesia	1555839
Daftar_sekolah_menengah_kejuruan_swasta_di_Indonesia	1010385
Dewan_Perwakilan_Daerah_Republik_Indonesia	11925
Tim_nasional_sepak_bola_U-17_Indonesia	776653
Kementerian_Sosial_Republik_Indonesia	50244
Yayasan_Peduli_Psoriasis_Indonesia	985298
Daftar_provinsi_Indonesia_menurut_IPM	472241
Sejarah_Indonesia_(1950–1959)	91334
Sekretariat_Jenderal_Dewan_Perwakilan_Daerah_Republik_Indonesia	1644265
Unilever_Indonesia	1408256
Daftar_film_Indonesia_yang_dicekal	128151
Komite_Olimpiade_Indonesia	210312
Pemerintah_Indonesia	50223
Daftar_Wakil_Ketua_Badan_Pemeriksa_Keuangan_Republik_Indonesia	1665459
Liga_Super_Indonesia_2014	1196785
Kamus_Inggris-Indonesia	901291
Hubungan_Indonesia_dengan_Vietnam	642656
Uji_Kemahiran_Berbahasa_Indonesia	80673
Insiden_penyerempetan_kapal_Indonesia_dan_Malaysia_2005	16669
SMP_Indonesia_Baru	1016849
Armada_Pesawat_Garuda_Indonesia	1673190
Himpunan_Kerukunan_Tani_Indonesia	62330
Indonesian_Varsity_English_Debate	38411
Direktorat_Jenderal_Perimbangan_Keuangan_Kementerian_Keuangan_Indonesia	215083
Daftar_tokoh_pejuang_kemerdekaan_Indonesia	966875
Sangha_Agung_Indonesia	1270346
Sejarah_Indonesia_(1945–1949)	83411
Festival_Film_Indonesia	36472
Indonesia_Terbuka_2009	737565
Sekretariat_Jenderal_Kementerian_Agama_Republik_Indonesia	1699010
Hello!_Indonesia	894642
Daftar_kata_serapan_dari_bahasa_Hindi_dalam_bahasa_Indonesia	325257
Sistem_penomoran_kereta_api_di_Indonesia	757705
Suluh_Indonesia	1420993
Indonesia_Terbuka_2004	10830
Menteri_Negara_Investasi_Republik_Indonesia	1695218
Bahasa_Belanda_di_Indonesia	78342
Indonesia_Terbuka_2005	30506
Soekarno:_Indonesia_Merdeka	1395835
Asosiasi_Emiten_Indonesia	91068
Ikatan_Akuntan_Indonesia	1663599
Puteri_Indonesia_Lingkungan	1186922
Organisasi_Amatir_Radio_Indonesia	63002
Bank_Mizuho_Indonesia	772592
Daftar_Wakil_Ketua_Dewan_Perwakilan_Rakyat_Republik_Indonesia	1641965
Resource_Alam_Indonesia	202491
Masalah_lingkungan_hidup_di_Indonesia	1634804
Indonesia_dalam_tahun_2015	1674471
Indonesia_dalam_tahun_2014	1612247
Daftar_Duta_Besar_Indonesia_untuk_Austria	43855
Pelabuhan_Indonesia_II	291415
Hakim_Konstitusi_Indonesia	225584
Lensa_Indonesia_Pagi_(acara_televisi)	1555410
Persatuan_Wartawan_Republik_Indonesia	1720691
Wikipedia_bahasa_Indonesia	79607
Jadwal_kereta_api_di_Indonesia	463704
Freeport_Indonesia	45245
Daftar_Menteri_Kesehatan_Indonesia	44592
Pelabuhan_Indonesia_IV	311609
Liga_Prima_Indonesia	776685
Dewan_Perwakilan_Mahasiswa_Universitas_Indonesia	1636241
Indonesia_pada_Pesta_Olahraga_Asia_Tenggara_2005	75931
Hubungan_Indonesia-Ukraina	1418263
Daftar_julukan_kota_di_Indonesia	51631
Departemen_Ilmu_Hubungan_Internasional_Universitas_Indonesia	1775160
Penduduk_Indonesia_2000	503928
Kliring_Penjaminan_Efek_Indonesia	210695
Sejarah_Indonesia_(1959–1965)	85082
Masakan_Indonesia	127409
Asosiasi_Guru_Penulis_Indonesia	1773527
Kepustakaan_Presiden-Presiden_Republik_Indonesia	304754
Peradilan_umum_di_Indonesia	44785
MTV_Indonesia_Movie_Awards	90380
Daftar_Jaksa_Agung_Indonesia	44027
Menteri_Koordinator_Bidang_Produksi_dan_Distribusi_Republik_Indonesia	1695208
Peradilan_militer_di_Indonesia	44787
Pemerintahan_Revolusioner_Republik_Indonesia	180414
Daftar_anak_perusahaan_Kereta_Api_Indonesia	1161958
Institut_Pastoral_Indonesia	1567840
Sekolah_Tinggi_Ilmu_Manajemen_Indonesia_Samarinda	738416
Sekolah_Tinggi_Manajemen_Industri_Indonesia	186939
Ikatan_Sarjana_Biblika_Indonesia	1567938
Bintang_Republik_Indonesia_Nararya	4321
Geografi_Indonesia	15745
Penerbangan_domestik_di_Indonesia	9052
Daftar_Menteri_Koordinator_Bidang_Perekonomian_Indonesia	44158
Miss_Celebrity_Indonesia_2011	853609
X_Factor_Indonesia_(album)	1148498
Garuda_Indonesia_Penerbangan_421	149492
Bunga_Nasional_Indonesia	79955
Sejarah_Internet_Indonesia	75874
Hubungan_Indonesia_dengan_Vatikan	247316
Kompetisi_Jembatan_Indonesia_dan_Kompetisi_Bangunan_Gedung_Indonesia	1404729
Gereja_Kristen_Indonesia_Sumatera_Utara	1026539
Daftar_alat_musik_Indonesia	15353
Museum_Indonesia	467900
Organisasi_mahasiswa_di_Indonesia	78441
Bank_Dinar_Indonesia	1126943
Aku_Cinta_Indonesia	26144
Pemeringkat_Efek_Indonesia	204781
Multi_Bintang_Indonesia	202205
Daftar_Menteri_Koordinator_Bidang_Politik,_Hukum,_dan_Keamanan_Indonesia	44157
Tiphone_Mobile_Indonesia	1730601
Partai_Indonesia	1631210
Partai_Sosialis_Indonesia	23640
Jemaat_Pentakosta_Indonesia	474995
Perguruan_tinggi_Kristen_negeri_di_Indonesia	783750
Peraturan_Daerah_(Indonesia)	84581
Miss_Earth_Indonesia	211438
Kontes_Robot_Cerdas_Indonesia	355297
Indonesia_Corruption_Watch	10199
Daftar_Ibu_dan_Bapak_Negara_Indonesia	540618
Daftar_Menteri_Ketenagakerjaan_Indonesia	1636234
Daftar_tokoh_teknologi_informasi_Indonesia	472560
Indonesia_Digital_Association	1751203
Semboyan_moto_dan_julukan_kota_dan_kabupaten_di_Indonesia	652547
Take_Him_Out_Indonesia	465184
Persatuan_Radio_Siaran_Swasta_Nasional_Indonesia	741404
Daftar_album_terlaris_di_Indonesia	413580
Nasionalisme_Indonesia	732537
Anugerah_Musik_Indonesia_1999	1570185
Anugerah_Musik_Indonesia_1998	1568691
Direktorat_Jenderal_Hak_Kekayaan_Intelektual_Kementerian_Hukum_dan_HAM_Indonesia	190498
India-Indonesia	33970
Generali_Indonesia	1043425
Liga_Super_Indonesia_U-21_2011	892857
Liga_Super_Indonesia_U-21_2014	1485408
Bank_BNP_Paribas_Indonesia	773319
Daftar_40_orang_terkaya_di_Indonesia_(2014)	1655083
Arsitektur_Indonesia	227266
Televisi_Republik_Indonesia	824
Ketua_Dewan_Pertimbangan_Presiden_Republik_Indonesia	1659788
Politik_Indonesia	52049
Mobil_nasional_(Indonesia)	471581
Bank_Maybank_Syariah_Indonesia	765644
Hubungan_Indonesia_dengan_Singapura	1420911
Model_Indonesia	6609
Orang_Indonesia_perantauan	1103233
Ikatan_Nasional_Konsultan_Indonesia	1742766
Inspektorat_Jenderal_Kementerian_Dalam_Negeri_Republik_Indonesia	1688121
Daftar_nama_Allah_dalam_Alkitab_bahasa_Indonesia	360124
Agama_di_Indonesia	146698
Perserikatan_Bisbol_dan_Sofbol_Amatir_Seluruh_Indonesia	228830
Gedung_Bank_Indonesia_Lama_Padang	1135200
Daftar_kota_Indonesia_menurut_gedung_tinggi	1687527
Grand_Prix_Sepeda_Motor_Indonesia_1996	1389707
Grand_Prix_Sepeda_Motor_Indonesia_1997	1389719
Daftar_kota_di_Indonesia	199424
Daftar_tim_sepak_bola_di_Indonesia	651105
Anugerah_Musik_Indonesia_2001	1575577
IFCC-KSK_Indonesia	901092
Puteri_Indonesia_1992	304806
Festival_Film_Interasional_Anak-anak_dan_Remaja_Indonesia	711062
Puteri_Indonesia_1996	304798
Puteri_Indonesia_1995	304801
Puteri_Indonesia_1994	304803
Daftar_Ketua_Badan_Pemeriksa_Keuangan_Republik_Indonesia	432510
Gereja_Misi_Indonesia_Hong_Kong	258803
Festival_Lagu_Populer_Indonesia_1978	274114
Badan_Nasional_Penempatan_dan_Perlindungan_Tenaga_Kerja_Indonesia	201236
Indonesia_pada_Olimpiade	307394
Kependudukan_di_Indonesia	1520304
Daftar_satelit_Indonesia	33878
Semangat_Pagi_Indonesia	694054
Dewan_Penerbangan_dan_Antariksa_Nasional_Republik_Indonesia	1660716
Sejarah_Indonesia_(1998-sekarang)	19013
Standar_penyiaran_digital_terestrial_di_Indonesia	1695929
Universitas_Persada_Indonesia_YAI	347456
Perdiode_senirupa_modern_Indonesia	1708515
Museum_Prangko_Indonesia	707770
Daftar_Perdana_Menteri_Indonesia	33414
Universitas_Prima_Indonesia	1084696
Putri_Olahraga_Indonesia	1102398
Daftar_air_terjun_tertinggi_di_Indonesia	1528187
Menjadi_Indonesia	1172588
Pemain_Sepak_Bola_Keturunan_Indonesia	1155846
Kementerian_Luar_Negeri_Republik_Indonesia	6391
Asosiasi_Masinis_Indonesia	1067455
Akademi_Sekretari_dan_Manajemen_Indonesia	816477
Daftar_Menteri_Pemuda_dan_Olahraga_Indonesia	201315
Tari_Topeng_Indonesia	1097596
Yayasan_Puteri_Indonesia	711263
Direktorat_Jenderal_Kekayaan_Negara_Kementerian_Keuangan_Indonesia	267268
Kementerian_Komunikasi_dan_Informatika_Republik_Indonesia	50242
Teijin_Indonesia_Fiber	206857
AXA_Life_Indonesia	1127855
Fakultas_Kedokteran_Universitas_Indonesia	318965
Dinas_Sejarah_Tentara_Nasional_Indonesia_Angkatan_Darat	1726814
Gereja_Kristen_Setia_Indonesia	1595712
Angkatan_Bersenjata_Republik_Indonesia	5890
Daftar_Menteri_Sosial_Indonesia	50346
Daftar_perusahaan_kelapa_sawit_Indonesia	228172
Daftar_kota_di_Indonesia_menurut_jumlah_penduduk	395418
Tim_nasional_sepak_bola_U-19_Indonesia	776649
Daftar_Menteri_Komunikasi_dan_Informatika_Indonesia	201048
Politeknik_Indonesia_Jepang	103924
Musibah_Fokker_F28_Garuda_Indonesia_1979	78860
Putri_Wirausaha_Kreatif_Indonesia	1611715
Daftar_stasiun_televisi_nasional_tertua_di_Indonesia	1663466
Daftar_acara_gelar_wicara_Indonesia	1566489
Liga_Super_Indonesia_U-21_2008–09	387766
Federasi_Olahraga_Mancing_Seluruh_Indonesia	64513
Partai_Katolik_(Indonesia)	282647
Daftar_ibu_kota_provinsi_di_Indonesia	422184
Badan_Pemeriksa_Keuangan_Republik_Indonesia	28812
Komunikasi_di_Indonesia	663890
Daftar_bahasa_di_Indonesia	598354
Rig_Tenders_Indonesia	221589
Perguruan_tinggi_Hindu_negeri_di_Indonesia	1696190
Daftar_perguruan_tinggi_di_Indonesia	70014
Partai_Kristen_Indonesia	731069
Hari_libur_nasional_di_Indonesia	908486
Radio_amatir_di_Indonesia	1726339
Kementerian_Perencanaan_Pembangunan_Nasional_Republik_Indonesia	50271
Indonesian_Dangdut_Awards_2014	1668045
Kedutaan_Indonesia_di_Washington,_D.C.	1199906
Daftar_jalan_antarprovinsi_di_Indonesia	630984
Daftar_ormas_islam_di_Indonesia	1674433
Komisi_Penyiaran_Indonesia	251720
Miss_Celebrity_Indonesia	323116
Persatuan_Sepak_Bola_Seluruh_Indonesia	14958
Bintang_Republik_Indonesia_Utama	4323
Akademi_Ilmu_Pengetahuan_Indonesia	117159
Bank_Chinatrust_Indonesia	771354
Lima_Suara_Indonesia	1677350
Daftar_perusahaan_di_Indonesia	25595
Indonesia_pada_Asian_Games_2010	1450410
Asosiasi_Pemilik_Pelayaran_Nasional_Indonesia	184835
Sekretariat_Jenderal_Kementerian_Dalam_Negeri_Republik_Indonesia	1658480
Indonesia_pada_Asian_Games_2014	1629415
Departemen_Arsitektur_Universitas_Indonesia	1760189
Klasifikasi_jalan_di_Indonesia	389431
Daftar_kode_telepon_di_Indonesia	33950
Daftar_Menteri_Perhubungan_Indonesia	50341
Partai_Rakyat_Nasional_(Indonesia)	1523406
Lembaga_Pendidikan_Komputer_Indonesia-Amerika	42552
Museum_Keprajuritan_Indonesia	707734
Daftar_pemilihan_kepala_daerah_di_Indonesia_2012	889079
Daftar_pemilihan_kepala_daerah_di_Indonesia_2013	1095797
Marga_di_Indonesia	326985
Serikat_Petani_Indonesia	591262
Teknologi_informasi_indonesia	1722675
Kabinet_Indonesia_Bersatu_II	445543
Daftar_tokoh_Arab-Indonesia	58945
Ikatan_Ilmuwan_Indonesia_Internasional	615760
Galeri_Indonesia_Kaya	1685449
Hubungan_Arab_Saudi_dengan_Indonesia	97496
Rama_Superman_Indonesia	338242
Isuzu_Astra_Motor_Indonesia	120066
Perhimpunan_Pengarang_Indonesia	1074876
Indonesia_Banget_(acara_televisi)	1519126
Tim_nasional_sepak_bola_wanita_Indonesia	651721
Pers_Indonesia	523049
Indonesia_Terbuka_(disambiguasi)	397159
Gereja_Kerapatan_Injili_Bangsa_Indonesia	1096212
Kekristenan_di_Indonesia	532870
Gereja_Protestan_di_Indonesia	110985
Bandar_Udara_Naha_(Indonesia)	1493309
Indonesia_dan_Perserikatan_Bangsa-Bangsa	945258
Sangha_Mahayana_Indonesia	1454735
Organisasi_kementerian_negara_Indonesia	468906
Divisi_Utama_Liga_Indonesia_2008–09	142001
Konsorsium_Televisi_Digital_Indonesia	1694159
OLX_Indonesia	1106426
ASDP_Indonesia_Ferry	352790
Daftar_terminal_bus_di_Indonesia	1148068
Badan_Audit_Kemahasiswaan_Universitas_Indonesia	1636255
Liga_Super_Indonesia_U-21_2012-13	1386568
Medali_Sewindu_Angkatan_Perang_Republik_Indonesia	4327
Lembaga_Alkitab_Indonesia	1037
Indonesian_Idol_(musim_keempat)	242897
Daftar_gua_Maria_di_Indonesia	300569
Sastra_eksil_Indonesia	827742
Badan_Penyelidik_Usaha_Persiapan_Kemerdekaan_Indonesia	35648
Ikatan_Pencak_Silat_Indonesia	138885
Himpunan_Penerjemah_Indonesia	425990
Daftar_provinsi_Indonesia_menurut_PDRB_per_kapita	527979
Daftar_transfer_sepak_bola_Indonesia_2011–12	885538
Badan_Penelitian_dan_Pengembangan_Kementerian_Dalam_Negeri_Republik_Indonesia	1688711
Daftar_kota_kembar_di_Indonesia	1062000
Billboard_(perusahaan_rekaman_Indonesia)	230430
Indonesia_Timur	280949
Peraturan_perundang-undangan_Indonesia	84588
Hubungan_Indonesia_dengan_Jerman	1600953
Fauna_Indonesia	128701
Korea-Indonesia	272524
Majelis_Permusyawaratan_Rakyat_Republik_Indonesia_2014–2019	1680906
Seputar_Indonesia	30660
Partai_Ikatan_Pendukung_Kemerdekaan_Indonesia	1077398
Inspektorat_Jenderal_Kementerian_Pertahanan_Republik_Indonesia	556980
Pop_Indonesia_(album_Dian_Piesesha)	999698
Perpajakan_di_Indonesia	594317
Daftar_perguruan_tinggi_Islam_swasta_di_Indonesia	123413
Inspektorat_Utama_Badan_Pemeriksa_Keuangan_Republik_Indonesia	1644625
Hell's_Kitchen_Indonesia	1669009
Divisi_Utama_Liga_Indonesia_2011–12_(LPIS)	905823
Kantor_Wilayah_Kementerian_Hukum_dan_Hak_Asasi_Manusia_Indonesia	190513
Sejarah_Perminyakan_di_Indonesia	1643751
Daftar_Wakil_Menteri_Energi_dan_Sumber_Daya_Mineral_Indonesia	888285
Universitas_Pramita_Indonesia	251621
Badan_Arbitrase_Nasional_Indonesia	198827
Hari_Lanjut_Usia_(Indonesia)	139044
Diaspora_Indonesia	1180406
Daftar_nama_burung_di_Indonesia	128978
Visi_Indonesia_2020	799429
Liga_Indonesia	19249
Kedutaan_Indonesia_di_Ottawa	1199885
Pameran_Mobil_Internasional_Indonesia	590969
Daftar_Wakil_Menteri_Keuangan_Indonesia	536700
Fakultas_Ilmu_Pengetahuan_Budaya_Universitas_Indonesia	318991
Centre_for_Strategic_and_International_Studies_(Indonesia)	180528
Daftar_pulau_di_Indonesia	760
Deputi_Bidang_Pencegahan_Komisi_Pemberantasan_Korupsi_Republik_Indonesia	1656881
Indonesia_Terbuka	30505
Ikatan_Cendekiawan_Muslim_Indonesia	42119
Kongres_Bahasa_Indonesia	664235
Film_Indonesia_tahun_2015	1684074
Gereja_Kristen_Muria_Indonesia	1026589
Daftar_alumni_Universitas_Pendidikan_Indonesia_(UPI)	1417243
Veteran_Pembela_Kemerdekaan_Republik_Indonesia	1745243
Film_Indonesia_tahun_2014	1567845
Indonesia_Air_Traffic_Controllers_Association	968106
Divisi_Tiga_Liga_Indonesia	63739
Indonesia_Wireless_Broadband_(ID-WiBB)	1701311
Indonesia_International_Institute_for_Life_Sciences	1582379
Pengerukan_Indonesia	70554
Persatuan_Wartawan_Indonesia	68552
Kelompok_Antarpemerintah_bagi_Indonesia	39510
Daftar_tokoh_agama_Indonesia	472555
Daftar_pemilihan_kepala_daerah_di_Indonesia_2007	206982
Divisi_Utama_Liga_Indonesia_1995–96	19242
Fakultas_Psikologi_Universitas_Indonesia	318992
Paras_Indonesia	32054
Korupsi_di_Indonesia	110112
Reasuransi_Internasional_Indonesia	300734
Hubungan_Indonesia_dengan_Korea_Utara	1395002
Komisi_Tinju_Profesional_Indonesia	135819
Dewan_Perwakilan_Rakyat_Republik_Indonesia_periode_2009-2014	1679546
Gerakan_Mahasiswa_Kristen_Indonesia	76551
Mude_In_Indonesia	1744268
Kementerian_Koordinator_Bidang_Politik,_Hukum,_dan_Keamanan_Republik_Indonesia	50227
Gereja_Pantekosta_di_Indonesia	532946
Kementerian_Pertahanan_Republik_Indonesia	6841
Filsafat_Indonesia	27522
Ikatan_Motor_Indonesia	440238
Politeknik_Pos_Indonesia	1050467
Indonesian_Choice_Awards_2015	1744286
Rumah_Zakat_Indonesia	267280
Daftar_persekutuan_gereja_di_Indonesia	436534
Gereja_Kristen_Injili_Indonesia	1049515
Sejarah_pemerintahan_daerah_di_Indonesia	407037
Forum_Keluarga_Muslim_Indonesia_Tsukuba	1557491
Indonesia_pada_Asian_Games_2006	1450392
Kementerian_Kehutanan_Indonesia	50241
Jaringan_telepon_di_Indonesia	442804
Pusat_Rehabilitasi_Kementerian_Pertahanan_Indonesia	556976
Persatuan_Renang_Seluruh_Indonesia	1486754
Gereja_Kristus_Di_Indonesia	1103567
Daftar_pembangkit_listrik_di_Indonesia	199651
Indonesia_pada_Olimpiade_Musim_Panas_1976	976628
Direktorat_Jenderal_Aplikasi_Telematika_Kementerian_Komunikasi_dan_Informatika_Indonesia	209719
Konferensi_Waligereja_Indonesia	40179
Mahasiswa_Indonesia_(surat_kabar)	264273
Daftar_pemilihan_kepala_daerah_di_Indonesia_2005	206981
Harmoni_hubungan_kesultanan_-_kesultanan_Indonesia	62274
Perwakilan_Kepulauan_Riau_di_kontes_kecantikan_Indonesia	1473781
Telekomunikasi_seluler_di_Indonesia	443324
Daftar_terumbu_karang_di_Indonesia	760278
Sampoerna_Telekomunikasi_Indonesia	297991
Persatuan_Wartawan_Indonesia_Reformasi	1725533
Tokio_Marine_Life_Insurance_Indonesia	1123255
Divisi_Utama_Liga_Indonesia_2013	1417769
Divisi_Utama_Liga_Indonesia_2014	1418569
Universitas_Kristen_Indonesia_Maluku	1158814
Bank_Pembangunan_Indonesia	44894
Komunitas_Pekerja_Bersepeda_Indonesia	218476
Miss_Teen_Indonesia_2011	721843
Daftar_air_terjun_di_Indonesia	377238
Pemilihan_umum_legislatif_Indonesia_1992	303297
Daftar_rumah_sakit_di_Indonesia	22305
Daftar_grup_lawak_Indonesia	62740
Pemilihan_umum_legislatif_Indonesia_1997	303292
Pemilihan_umum_legislatif_Indonesia_1999	5511
Pemufakatan_Perhimpunan-perhimpunan_Politik_Kebangsaan_Indonesia	146676
Miss_Indonesia_2007	200644
Pelanggaran_hak_asasi_manusia_oleh_Tentara_Nasional_Indonesia	192901
Inhealth_Indonesia	1127822
Miss_Indonesia_2009	391050
Miss_Indonesia_2008	282046
Indonesiana,_Tidore,_Tidore_Kepulauan	658478
Mahkamah_Konstitusi_Republik_Indonesia	42826
Daftar_pemilihan_duta_putra_putri_wisata_di_Indonesia	86677
Himpunan_Mahasiswa_Buddhis_Indonesia	109254
Menteri_Negara_Pangan_dan_Holtikultura_Republik_Indonesia	1695224
Proklamasi_Kemerdekaan_Indonesia	12126
Usulan_pemindahan_ibu_kota_Indonesia	749477
Indonesia_Jazzy_Girls	1084448
Bahasa_Indonesia	8
Sidang_Agung_Gereja_Katolik_Indonesia	808439
Daftar_presenter_wanita_Indonesia	1612604
Ahmadiyyah_di_Indonesia	1151433
Kabel_Sistem_Thailand_Indonesia_Singapura	1706331
Indonesia_pada_Piala_Dunia_FIFA	1564609
Kamar_Dagang_dan_Industri_Indonesia	440363
Jambur_Indonesia,_Siempat_Nempu_Hilir,_Dairi	646003
Akademi_Sekretaris_dan_Manajemen_Indonesia_Citra_Nusantara	1666463
Daftar_olahragawan_Indonesia	138984
Urun_daya_dalam_pemilihan_umum_Presiden_Indonesia_2014	1588720
Arab-Indonesia	78760
Garuda_Indonesia_Penerbangan_865	660276
Liga_Prima_Indonesia_2013	986649
Daftar_masjid_di_Indonesia	50327
Daftar_selat_di_Indonesia	534198
Pemilihan_umum_di_Indonesia	13898
Daftar_marching_band_di_Indonesia	374277
Peradilan_agama_di_Indonesia	44786
Daftar_lambang_kota_di_Indonesia	573757
Persekutuan_Gereja-gereja_Pentakosta_Indonesia	1055406
Indonesia_Menentukan_(acara_televisi)	1518904
Festival_Film_Indonesia_1955	440904
Penampakan_UFO_di_Indonesia	1059844
Puteri_Indonesia	47012
Pemimpin_wanita_di_Indonesia	885459
Persatuan_Insinyur_Indonesia	44299
Kementerian_Pendayagunaan_Aparatur_Negara_dan_Reformasi_Birokrasi_Indonesia	50268
Sekolah_Tinggi_Informatika_dan_Komputer_Indonesia	1038540
Partai_Bhinneka_Tunggal_Ika_Indonesia	1076768
Music_Factory_Indonesia	1199971
Daftar_sutradara_Indonesia	22736
X_Factor_Indonesia_(musim_pertama)	998282
Daftar_stasiun_kereta_api_di_Indonesia	388715
Kalender_Indonesia	552691
Daftar_sekolah_menengah_atas_di_Indonesia	963068
Liga_Pendidikan_Indonesia	877513
Daftar_bank_di_Indonesia	15701
Tokoh_Buddha_Indonesia	1188546
Bank_Pundi_Indonesia	765501
Gabungan_Politik_Indonesia	46287
Daftar_suku_bangsa_di_Indonesia_menurut_provinsi	654525
The_New_Eat_Bulaga!_Indonesia	1643318
Hubungan_Indonesia_dengan_Malaysia	97312
Daftar_peserta_asal_Indonesia_di_kontes_kecantikan_internasional	725584
SD_Huria_Kristen_Indonesia	1016778
Daftar_teluk_di_Indonesia	560124
Partai_Kesatuan_Demokrasi_Indonesia	829713
Huria_Kristen_Indonesia_(HKI)	236249
Daftar_Wakil_Perdana_Menteri_Indonesia	887949
Persatuan_Muslim_Indonesia	135976
Sekolah_Staf_dan_Komando_Tentara_Nasional_Indonesia	1485622
Tugu_Reasuransi_Indonesia	1126179
Museum_Nasional_Indonesia	11790
Daftar_grup_musik_Indonesia	15355
Olimpiade_Indonesia_Cerdas_Musim_II	1692893
Asosiasi_Penyelenggara_Jasa_Internet_Indonesia	274141
STIE_Solusi_Bisnis_Indonesia	854204
La_Academia_Junior_Indonesia	1613111
Daftar_bandar_udara_tujuan_Sky_Aviation_(Indonesia)	981976
Pos_Indonesia	176100
Musik_Indonesia	362651
Jellyfish_(grup_musik_Indonesia)	849599
Daftar_tokoh_organisasi_olahraga_Indonesia	1411655
Birokrasi_di_Indonesia	454060
Persatuan_Bulu_Tangkis_Seluruh_Indonesia	395777
Daftar_sungai_di_Indonesia	269060
Daftar_perusahaan_yang_tercatat_di_Bursa_Efek_Indonesia	785037
Sangha_Theravada_Indonesia	737281
Asuransi_Allianz_Life_Indonesia	1128013
Indonesian_Idol_(musim_kelima)	278517
CNN_Indonesia	1566056
Partai_Nasional_Benteng_Kerakyatan_Indonesia	297693
Institut_Seni_Indonesia_Padang_Panjang	87361
Mister_Global_Indonesia	1450969
Sekolah_Tinggi_Theologia_Baptis_Indonesia	847464
Pencalonan_Indonesia_untuk_Piala_Dunia_FIFA_2022	1449409
Yurisprudensi_Mahkamah_Agung_Republik_Indonesia	13429
Daftar_kejuaraan_bulu_tangkis_di_Indonesia	330958
Daftar_tokoh_Islam_Indonesia	472561
Daftar_selebriti-politisi_Indonesia	713495
Pembantaian_di_Indonesia_1965–1966	594625
Daftar_film_Indonesia_terlaris_sepanjang_masa	1482834
Kertas_Basuki_Rachmat_Indonesia	461660
Indonesia_AirAsia	20153
Festival_Lagu_Populer_Indonesia_1984	273504
Festival_Lagu_Populer_Indonesia_1985	274048
Festival_Lagu_Populer_Indonesia_1986	273930
Festival_Lagu_Populer_Indonesia_1987	273536
Partai_Politik_Islam_Indonesia_Masyumi	1078308
Festival_Lagu_Populer_Indonesia_1981	274098
Festival_Lagu_Populer_Indonesia_1982	274095
Festival_Lagu_Populer_Indonesia_1983	274093
Bank_Muamalat_Indonesia	17475
Festival_Lagu_Populer_Indonesia_1988	273911
Museum_Bank_Indonesia_Surabaya	1735130
Voice_of_America_Indonesia	1433016
Daftar_maskapai_penerbangan_Indonesia	375324
Lensa_Indonesia_Siang_(acara_televisi)	1555411
Juventus_Club_Indonesia	904721
Perusahaan_Perdagangan_Indonesia	977527
Universitas_Methodist_Indonesia	711995
PT._Asuransi_Jasa_Indonesia	291393
Kementerian_Lingkungan_Hidup_Indonesia	45045
Demografi_Indonesia	8575
Tesaurus_Bahasa_Indonesia	645862
Daftar_pencetak_gol_terbanyak_Piala_Indonesia	600676
Daftar_Duta_Besar_Indonesia_untuk_Britania_Raya	43849
Media_Audio_Digital_di_Indonesia	880694
Gereja_Bethany_Indonesia	34577
Indonesian_Cat_Association	1612952
Indonesia_Mengajar	634991
Kementerian_Badan_Usaha_Milik_Negara_Indonesia	50272
Garuda_Indonesia_Penerbangan_708	990894
Take_Me_Out_Indonesia	395357
Indonesian_Choice_Awards	1569862
Sekretariat_Militer_Presiden_Republik_Indonesia	248312
Divisi_Utama_Liga_Indonesia_2003	365077
Divisi_Utama_Liga_Indonesia_2002	154408
Divisi_Utama_Liga_Indonesia_2001	146057
PPKB_Universitas_Indonesia	1699995
Divisi_Utama_Liga_Indonesia_2006	36795
Divisi_Utama_Liga_Indonesia_2005	29514
Divisi_Utama_Liga_Indonesia_2004	365078
Telkom_Indonesia	22293
Kontes_Robot_Seni_Indonesia	356860
Tentara_Nasional_Indonesia	5605
Kepangkatan_Tentara_Nasional_Indonesia	5924
Daftar_Menteri_Kelautan_dan_Perikanan_Indonesia	44929
Satuan_kavaleri_Tentara_Nasional_Indonesia	1017893
Pemilihan_umum_legislatif_Indonesia_1987	303293
Korps_Pegawai_Republik_Indonesia	68034
Daftar_kota_di_Indonesia_menurut_hari_jadi	765742
Pemilihan_umum_legislatif_Indonesia_1982	303294
Sekretariat_Jenderal_Badan_Pemeriksa_Keuangan_Republik_Indonesia	1644610
Daftar_frasa_idiomatis_dalam_bahasa_Indonesia	617679
Kementerian_Koordinator_Bidang_Pembangunan_Manusia_dan_Kebudayaan_Indonesia	1636219
Sejarah_provinsi_di_Indonesia	461254
Miss_Indonesia_2012	892980
Miss_Indonesia_2013	959324
Miss_Indonesia_2014	1440233
Miss_Indonesia_2015	1611811
Daftar_Menteri_Pemberdayaan_Perempuan_dan_Perlindungan_Anak_Indonesia	74237
Gerakan_mahasiswa_di_Indonesia	78459
Deal_or_No_Deal_Indonesia_Musim_I	1631999
Republik_Indonesia_Serikat	49467
Indonesia_dalam_lagu	321011
Santika_Indonesia_Hotels_&_Resorts	904020
Yayasan_Tanggul_Bencana_di_Indonesia	679432
Pop_Indonesia_Vol._3	1047872
Komisi_penyiaran_Indonesia_daerah	251721
Daftar_nama_situs_terumbu_karang_di_Indonesia	366455
Daftar_suku_bangsa_di_Indonesia	6729
Produksi_pisang_di_Indonesia	1418100
Indonesia_Media	106046
Olimpiade_Indonesia_Cerdas_(acara_televisi)	1641907
Daftar_busana_daerah_Indonesia	49663
Daftar_pegunungan_di_Indonesia	366468
Daftar_bendera_Indonesia	597288
Himpunan_Fisika_Indonesia	249372
Orang_Indonesia_di_Malaysia	1717185
Samudera_Indonesia_(perusahaan)	221060
Mandara_Selular_Indonesia	1756405
Perkumpulan_Kinologi_Indonesia	336728
Mister_Photogenic_Indonesia	1611501
Persekutuan_Gereja-gereja_di_Indonesia	33594
Serikat_Buruh_Islam_Indonesia	1486055
Bank_ICBC_Indonesia	777257
Daftar_Badan_Usaha_Milik_Negara_Indonesia	42348
Ordinariat_Militer_Indonesia	738156
Dewan_Perwakilan_Rakyat_Republik_Indonesia_Serikat	1718793
Mobil_kepresidenan_Indonesia	42792
Partai_Persatuan_Indonesia	1692597
Ikatan_Arsitek_Indonesia	677496
Indonesia_dalam_tahun_1999	1628551
Indonesia_dalam_tahun_1998	1610753
Kementerian_Perdagangan_Republik_Indonesia	50235
Pornografi_di_Indonesia	344735
Daftar_seniman_Indonesia	472566
Taman_Safari_Indonesia_2	782090
Taman_Safari_Indonesia_3	1459857
Daftar_sekolah_menengah_atas_swasta_di_Indonesia	368358
Daftar_alumni_Universitas_Indonesia	537021
Pemerkosaan_di_Indonesia	1487462
Lembaga_Dakwah_Islam_Indonesia	91019
Garuda_Indonesia_Penerbangan_035	868053
Mahasiswa_Berprestasi_Utama_Universitas_Indonesia	1680409
Dewan_Perwakilan_Rakyat_Republik_Indonesia	5474
Daftar_kedutaan_besar_Indonesia	1199612
Daftar_Menteri_Perindustrian_Indonesia	50337
Daftar_gempa_bumi_di_Indonesia	192975
Kepaniteraan_Mahkamah_Konstitusi_Republik_Indonesia	1654116
Partai_Syarikat_Islam_Indonesia	1077204
Daftar_Institusi_Kesehatan_Advent_di_Indonesia	31395
Institut_Theologia_dan_Keguruan_Indonesia	185257
Inspektorat_Keuangan_Itjen_Kementerian_Pertahanan_Indonesia	749756
Daftar_tokoh_partai_Indonesia	1677873
IHE_Indonesia	754277
Gereja_di_Indonesia	366590
Inspektorat_Jenderal_Kementerian_Luar_Negeri_Republik_Indonesia	1698771
Asosiasi_Televisi_Komunitas_Indonesia	1699391
Suara_Indonesia_(acara_televisi)	609493
Daftar_gubernur_di_Indonesia	46445
United_States_–_Indonesia_Society	1445834
Hak_cipta_di_Indonesia	1566077
Kontes_Dangdut_Indonesia	101896
Sepak_bola_di_Indonesia	651718
Indonesia_Terbuka_2008	342487
Sejarah_lembaga_kepresidenan_Indonesia	396668
Sekolah_Tinggi_Penerbangan_Indonesia_Curug	224597
MasterChef_Indonesia	663492
Indonesia_Terbuka_2006	140227
Indonesia_Terbuka_2007	152332
Indonesia_Terbuka_2000	140302
Indonesia_Terbuka_2001	140251
Indonesia_Terbuka_2002	140247
Indonesia_Terbuka_2003	140299
Tim_nasional_sepak_bola_U-23_Indonesia	660905
Masakan_Tionghoa-Indonesia	115979
Perhimpunan_Dokter_keluarga_Indonesia	350794
Seputar_Indonesia_Pagi	352464
Daftar_Menteri_Pekerjaan_Umum_Indonesia	44661
SHS_23_Aero_Movel_Indonesia	707790
Majelis_Agama_Buddha_Theravada_Indonesia	1164713
Tim_nasional_bulu_tangkis_Indonesia	535193
Daftar_sekolah_dasar_swasta_di_Indonesia	368398
Perhimpunan_Fitopatologi_Indonesia	30187
Daftar_nama_binatang_endemik_Indonesia	757646
Daftar_lagu_daerah_Indonesia	152122
Fakultas_Teknik_Universitas_Indonesia	318972
Lembaga_Biblika_Indonesia	41621
Daftar_Ketua_Mahkamah_Agung_Republik_Indonesia	44024
Daftar_struktur_tertinggi_di_Indonesia	1160035
Maman_(pesepakbola_Indonesia)	1434566
Puteri_Indonesia_2014	1404916
Forum_Gerakan_Pengembangan_Koperasi_Indonesia	208189
Ikatan_Jurnalis_Televisi_Indonesia	39623
Clipan_Finance_Indonesia	204654
Bank_Royal_Indonesia	1396947
Daftar_Duta_Besar_Indonesia_untuk_Australia	44143
Daftar_artis_Indonesia_yang_dipenjara	595833
Festival_Lagu_Populer_Indonesia_1975	274125
Sastra_Indonesia	5598
Festival_Lagu_Populer_Indonesia_1977	274120
Daftar_Pahlawan_Nasional_Indonesia	33537
Jaminan_Kredit_Indonesia	993948
Daftar_tanjung_di_Indonesia	989568
Daftar_Wakil_Ketua_Majelis_Permusyawaratan_Rakyat_Republik_Indonesia	1664872
ESPN_FC_Indonesia	1672396
HIV/AIDS_di_Indonesia	238612
Ateisme_di_Indonesia	1421872
Deputi_Bidang_Administrasi_Sekretariat_Jenderal_Dewan_Perwakilan_Rakyat_Republik_Indonesia	1644590
Sejarah_perkeretaapian_di_Indonesia	121676
Indonesia_pada_Olimpiade_Musim_Panas_1972	976625
Musibah_Fokker_F28_Garuda_Indonesia_1982	1094981
Jam_Bunga_Taman_Mini_Indonesia_Indah	709649
Mister_Indonesia	728438
Negara_Indonesia_Timur	152000
Daftar_pemilihan_kepala_daerah_di_Indonesia_2006	38333
SD_Indonesia_Baru	1016782
Partai_Sarikat_Indonesia	316814
Daftar_rekor_memancing_air_laut_di_Indonesia	64482
Daftar_perusahaan_pers_di_Indonesia	793077
Olahraga_di_Indonesia	348346
Daftar_penyanyi_wanita_Indonesia	15354
Putri_Pangan_Indonesia	1638530
Daftar_fauna_identitas_provinsi_di_Indonesia	267613
Gereja_Protestan_Indonesia_di_Buol_Toli-Toli	1018176
Festival_Lagu_Populer_Indonesia_1991	273923
Festival_Lagu_Populer_Indonesia_1990	386003
Asosiasi_Penyelenggara_Telekomunikasi_Seluruh_Indonesia	1674460
Tim_Dokter_Kepresidenan_Indonesia	248313
Fakultas_Ekonomi_dan_Bisnis_Universitas_Indonesia	318981
Konsulat_jenderal_Indonesia	451315
Badan_Pendidikan_dan_Pelatihan_Kementerian_Pertahanan_Republik_Indonesia	556878
Menteri_Negara_Urusan_Khusus_Republik_Indonesia	1692066
Daftar_stasiun_televisi_lokal_di_Indonesia	63738
Hak_LGBT_di_Indonesia	508014
Tanda_Kepangkatan_Tentara_Nasional_Indonesia_Angkatan_Darat	124158
Indonesian_Society_for_Social_Transformation	61105
Asuransi_Kredit_Indonesia	291413
Puteri_Indonesia_Bangka_Belitung	846226
Kementerian_Koordinator_Bidang_Perekonomian_Republik_Indonesia	50228
Sains_dan_Teknologi_di_Indonesia	1179507
Bank_Barclays_Indonesia	772489
Indonesia_pada_Olimpiade_Musim_Panas_1952	976689
Festival_Lagu_Populer_Indonesia_1980	274111
Indonesia_pada_Olimpiade_Musim_Panas_1956	976919
Daftar_perusahaan_asuransi_Indonesia	250323
Indonesia_Lawyers_Club	1610327
Daftar_museum_di_Indonesia	596304
Sekretariat_Kabinet_Republik_Indonesia	42764
Penduduk_Indonesia_1961	531931
Wanita_Angkatan_Udara_Indonesia	840277
Big_Brother_(Indonesia)	685319
Community_Shield_Indonesia	439443
Soneta_Volume_11_-_Indonesia	1495079
Keluarga_Silat_Nasional_Indonesia_Perisai_Diri	210861
Daftar_petinju_Indonesia	177838
Partai_Solidaritas_Uni_Nasional_Indonesia	1085050
Daftar_Wakil_Menteri_Pekerjaan_Umum_Indonesia	888422
Penduduk_Indonesia_1980	323605
Kejaksaan_Republik_Indonesia	42827
Krisis_sandera_konsulat_Indonesia_1975	1584191
Daftar_komposer_Indonesia	723464
Daftar_ilmuwan_Indonesia	968769
Perkumpulan_Guru_Madrasah_Indonesia	1610357
Liga_Super_Indonesia_2008–09	292387
The_Dance_Icon_Indonesia_(musim_pertama)	1702696
Partai_Indonesia_Raya	433721
Hubungan_Indonesia_dengan_Kamboja	1188100
Akademi_Sekretari_dan_Manajemen_Indonesia_Jayapura	736916
Bank_Indonesia_(Transjakarta)	1135262
Divisi_Utama_Liga_Indonesia_1994–95	19240
Institut_Seni_Indonesia	44298
ENI_Indonesia_Ltd	130674
Festival_Film_Indonesia_1975	441941
Bank_di_Indonesia	934186
Indonesia_Shang_Bao	82803
Liga_Prima_Indonesia_2011–12	1113262
Pemilihan_umum_legislatif_Indonesia_1955	30705
Daftar_jalan_tol_di_Indonesia	32998
Daftar_ekonom_Indonesia	472557
Direktorat_Jenderal_Perbendaharaan_Kementerian_Keuangan_Indonesia	215497
Badan_Permusjawaratan_Kewarganegaraan_Indonesia	65878
Dinas_Penerangan_Tentara_Nasional_Indonesia_Angkatan_Darat	71318
Sekretariat_Kementerian_Perencanaan_Pembangunan_Nasional_Republik_Indonesia	1757909
Sejarah_Radio_Republik_Indonesia	465417
Indonesia_Prima_Property	218682
Daftar_Wakil_Menteri_Hukum_dan_Hak_Asasi_Manusia_Indonesia	888260
Daftar_Wakil_Menteri_Pendidikan_dan_Kebudayaan_Indonesia	777539
Direktorat_Perlindungan_Warga_Negara_Indonesia_dan_Badan_Hukum_Indonesia_Kementerian_Luar_Negeri_Indonesia	452549
Gereja_Injili_Karo_Indonesia	1084830
Daftar_film_Indonesia	528062
Badan_Sarana_Pertahanan_Kementerian_Pertahanan_Republik_Indonesia	749132
Indonesia_Berkebun	1127449
Veteran_Pejuang_Kemerdekaan_Republik_Indonesia	1745242
Festival_Film_Indonesia_1976	445445
Festival_Film_Indonesia_1977	462659
Festival_Film_Indonesia_1974	441511
MNC_Kapital_Indonesia	1196934
Festival_Film_Indonesia_1973	441414
Indonesia_Malaise	1117027
Universitas_Pendidikan_Indonesia	6545
Festival_Film_Indonesia_1978	462661
Festival_Film_Indonesia_1979	462852
Pusat_Komunikasi_Publik_Kementerian_Pertahanan_Indonesia	749136
Daftar_pemilihan_umum_kepala_daerah_di_Indonesia_2008	371385
STMIK_Indonesia_Era_Prestasi	103015
Daftar_stadion_di_Indonesia	882798
Daftar_terowongan_kereta_api_di_Indonesia	994846
Perwakilan_Indonesia_di_luar_negeri	42989
Institut_Seni_Indonesia_Denpasar	114485
Sekolah_High/Scope_Indonesia	452256
Daftar_Wakil_Ketua_Mahkamah_Agung_Republik_Indonesia	1757210
Coelacanth_Indonesia	1421781
Festival_Film_Indonesia_1990	482420
Festival_Film_Indonesia_1991	482429
Festival_Film_Indonesia_1992	482439
Indonesian_Airlines	123199
Ikatan_Penerbit_Indonesia	50983
Lembaga_Ilmu_Pengetahuan_Indonesia	38185
Kementerian_Agama_Republik_Indonesia	22172
Deportivo_Indonesia	456739
Majalah_impor_di_Indonesia	72614
Pusat_Kodifikasi_Kementerian_Pertahanan_Indonesia	556971
Indonesia-Australia	735998
Partai_politik_di_Indonesia	306223
Indonesia_pada_Asian_Games	1450363
The_Dance_Icon_Indonesia	1702690
Otonomi_daerah_di_Indonesia	569566
Majelis_Permusyawaratan_Rakyat_Republik_Indonesia	5439
Hakim_Agung_Indonesia	1459318
Institut_Teknologi_Indonesia_Serpong	202465
Untukmu_Indonesiaku	290924
Warga_Negara_Indonesia	379021
Daftar_apartemen_di_Indonesia	331657
Dirgantara_Indonesia	40140
Komisi_Tinju_Indonesia	135822
Indonesia_Terbuka_2013	1157675
Indonesia_Terbuka_2011	737571
Indonesia_Terbuka_2010	737567
Indonesia_Terbuka_2015	1762426
Indonesia_Terbuka_2014	1763887
Open_Government_Indonesia	1443113
Sekretariat_Mahkamah_Agung_Republik_Indonesia	1495011
Direktorat_Jenderal_Pemasyarakatan_Kementerian_Hukum_dan_HAM_Indonesia	190505
Review_of_Indonesia	1674691
Universitas_Pembinaan_Masyarakat_Indonesia	710522
Kejahatan_seksual_terhadap_anak_di_Indonesia	1601249
Daftar_presenter_pria_Indonesia	1612603
Moody’s_Indonesia	206493
Pusat_Polisi_Militer_Tentara_Nasional_Indonesia	206028
Bapak_bangsa_Indonesia	1670598
Tarian_Indonesia	693125
Mister_Global_Indonesia_2014	1625110
Dewan_Revolusi_Indonesia	1063436
Ikatan_Dokter_Indonesia	42572
Daftar_menteri_dan_pejabat_tinggi_Indonesia	964769
Forum_Aktif_Menulis_(FAM)_Indonesia	1643327
Daftar_Wakil_Menteri_Badan_Usaha_Milik_Negara_Indonesia	888497
Piala_Indonesia	41808
Polisi_Militer_Angkatan_Udara_Indonesia	391155
Indonesia_pada_Olimpiade_Remaja_Singapura_2010	595780
Universitas_Kristen_Indonesia_Paulus	710323
Hasil_pertandingan_tim_nasional_sepak_bola_Indonesia_tahun_2013	1415303
Bom_Kedubes_Indonesia,_Paris_2004	6629
Hasil_pertandingan_tim_nasional_sepak_bola_Indonesia_tahun_2014	1416689
Tanda_Kepangkatan_Tentara_Nasional_Indonesia_Angkatan_Udara	124423
Sail_Indonesia	806640
Daftar_Ketua_Dewan_Perwakilan_Rakyat_Republik_Indonesia	11954
Produksi_nasi_di_Indonesia	1486849
Daftar_Asuransi_di_Indonesia	789629
Sikhisme_di_Indonesia	1498578
Djarum_Superliga_Badminton_Indonesia_2011	676303
Ranking_Provinsi_di_Putri_Pariwisata_Indonesia	1751606
Konfederasi_Serikat_Pekerja_Seluruh_Indonesia	1674681
Tunas_Indonesia_Raya	783678
Direktorat_Jenderal_Pajak_Kementerian_Keuangan_Indonesia	120907
Konfrontasi_Indonesia-Malaysia	15796
Posisi_utang_luar_negeri_Indonesia	117393
Consentrasi_Gerakan_Mahasiswa_Indonesia	1554581
Sekretariat_Jenderal_Kementerian_Pendidikan_dan_Kebudayaan_Republik_Indonesia	1745902
Daftar_Menteri_Penerangan_Indonesia	897528
Pelayaran_Nasional_Indonesia	345691
Percetakan_Uang_Republik_Indonesia	274077
Daftar_kata_serapan_dari_bahasa_Sanskerta_dalam_bahasa_Melayu_dan_bahasa_Indonesia_modern	38974
Pemilihan_umum_Presiden_Indonesia_2014	703648
Jaringan_Kota_Pusaka_Indonesia	747465
Gilang_Indonesia_Gemilang	280819
Perubahan_Kedua_Undang-Undang_Dasar_Negara_Republik_Indonesia_Tahun_1945	84598
Fakultas_Ilmu_Komputer_Universitas_Indonesia	318998
Sensus_Penduduk_Indonesia_2010	530067
Pahlawan_Revolusi_Indonesia	317484
Televisi_Indonesia	980512
Pergerakan_Mahasiswa_Islam_Indonesia	1637206
Daftar_tokoh_hukum_Indonesia	472559
Miss_Indonesia_2006	280020
Insiden_perbatasan_Indonesia_dan_Timor_Leste	39135
Daftar_jembatan_di_Indonesia	48173
Daftar_kecelakaan_dan_insiden_pesawat_penumpang_di_Indonesia	837714
Sumpah_Dokter_Indonesia	79716
Miss_Indonesia_2005	305067
Tenaga_Kerja_Indonesia	201235
USA_for_Indonesia	131136
Pusat_Penelitian_Kopi_dan_Kakao_Indonesia	1190518
Logo_Kementerian_Pendidikan_dan_Kebudayaan_Indonesia	1482251
Indonesian_Jazzy_Vocal..._Again	858353
Tim_nasional_bola_basket_Indonesia	806443
Daftar_gunung_berapi_di_Indonesia	245448
Penduduk_Indonesia_1971	323607
Kedutaan_Indonesia_di_London	1199879
Penduduk_Indonesia_1990	323641
Kereta_Api_Indonesia	45342
Daftar_perguruan_tinggi_kedinasan_di_Indonesia	70437
Kementerian_Pekerjaan_Umum_dan_Perumahan_Rakyat_Republik_Indonesia	30752
Kementerian_Pemuda_dan_Olahraga_Republik_Indonesia	50274
Daftar_Menteri_Agama_Indonesia	31257
Jaringan_Suara_Indonesia	1720684
Pemuda_Demokrat_Indonesia	1586065
Daftar_Wakil_Ketua_Mahkamah_Konstitusi_Indonesia	1644388
Perbatasan_Australia–Indonesia	1463303
Daftar_flora_identitas_provinsi_di_Indonesia	121618
Hari_Pahlawan_(Indonesia)	1641977
VH1_Indonesia	248696
Liga_Futsal_Indonesia_2008	590802
Dream_Girls_Indonesia_(album)	439410
Holcim_Indonesia	37858
Sungai_Telen_(Indonesia)	1667289
Perhimpunan_Pelajar_Pelajar_Indonesia	892658
Oeang_Republik_Indonesia	43464
Kereta_wisata_komersial_di_Indonesia	1641767
Keputusan_Presiden_Indonesia	1679565
SMK_Institut_Indonesia_Kutoarjo	528099
Daftar_40_orang_terkaya_di_Indonesia_(2011)	825737
Daftar_penyanyi_pria_Indonesia	15352
Peraturan_Pemerintah_(Indonesia)	84579
Daftar_Duta_Besar_Indonesia_untuk_Amerika_Serikat	321116
Bursa_Komoditi_dan_Derivatif_Indonesia	1127515
Daftar_Gubernur_Bank_Indonesia	11610
Seni_Rupa_Indonesia	524987
Daftar_bendungan_dan_waduk_di_Indonesia	644642
Indonesia_Lawak_Klub	1430727
Daftar_artis_Indonesia	324969
Bola_Indonesia	1608179
Kementerian_Sekretariat_Negara_Indonesia	42765
Daftar_suaka_margasatwa_di_Indonesia	989570
Departemen_Teknik_Mesin_Universitas_Indonesia	1773381
Aku_Anak_Indonesia	1598948
Pers_Biro_Indonesia	708436
Partai_Republik_(Indonesia)	368816
Indonesia_Raya	739
Daftar_transfer_sepak_bola_Indonesia_2014	1394045
Perubahan_Keempat_Undang-Undang_Dasar_Negara_Republik_Indonesia_Tahun_1945	84600
Lensa_Indonesia_Malam_(acara_televisi)	1557750
Jalur_kereta_api_nonaktif_di_Indonesia	442058
Voice_Of_Indonesia	665196
Fakultas_Ilmu_Keperawatan_Universitas_Indonesia	318975
Pesawat_kepresidenan_Indonesia	1526316
Daftar_tokoh_kepolisian_Indonesia	966741
Daftar_pemilihan_umum_kepala_daerah_di_Indonesia_2010	539359
Festival_Film_Indonesia_1989	482413
Festival_Film_Indonesia_1988	482168
Festival_Film_Indonesia_1987	482145
Festival_Film_Indonesia_1986	472245
Festival_Film_Indonesia_1985	472085
Festival_Film_Indonesia_1984	470239
Festival_Film_Indonesia_1983	469468
Festival_Film_Indonesia_1982	469018
Festival_Film_Indonesia_1981	468568
Festival_Film_Indonesia_1980	467519
Partai_Indonesia_Sejahtera	297696
Daftar_nama_ikan_air_tawar_endemik_Indonesia	756661
Orang_Indonesia_di_Kaledonia_Baru	970330
Daftar_lagu_nasional_Indonesia	152123
Hotel_Indonesia	160684
Pusat_simulasi_tempur_Indonesia	67795
Akademi_Komunikasi_Indonesia	61856
Konfederasi_Serikat_Pekerja_Indonesia	1674680
Angkatan_Laut_Republik_Indonesia_(ALRI)_Divisi_IV_(A)	1680867
Yayasan_Lembaga_Konsumen_Indonesia	37286
Portal_Garuda_Indonesian_Publication_Index	1507614
Flight_Pasukan_Khas_Tentara_Nasional_Indonesia_Angkatan_Udara	76507
Perbatasan_Indonesia–Singapura	1484710
Persatuan_Boling_Indonesia	1742990
Komedi_Indonesia	1439293
Indonesian_Idol_(musim_ketujuh)	600043
Daftar_kedutaan_besar_di_Indonesia	1199614
Sekolah_Tinggi_Seni_Indonesia_Bandung	74645
Universitas_Advent_Indonesia	31397
Kamus_Jawa_Kuna-Indonesia_(Zoetmulder)	222825
Daftar_Wakil_Presiden_Indonesia	790
Kesatuan_Aksi_Mahasiswa_Muslim_Indonesia	52351
Indonesia_Antik	854771
Daftar_artis_dan_band_internasional_anggap_Indonesia_rumah_kedua	1596983
Kawasaki_Motor_Indonesia	1511752
Daftar_warisan_dunia_di_Indonesia	710198
Daftar_pemain_sepak_bola_Indonesia	52284
Putri_Pariwisata_Indonesia_2009	672940
Putri_Pariwisata_Indonesia_2008	672922
Daftar_Anggota_Dewan_Perwakilan_Rakyat_Republik_Indonesia_periode_2009–2014	383108
Daftar_40_orang_terkaya_di_Indonesia	149903
Distribusi_film_Indonesia	1570569
Partai_Demokrasi_Indonesia_Perjuangan	6134
Penghargaan_MTV_Indonesia	241081
Daftar_pemenang_Puteri_Indonesia	783759
PT._Industri_Telekomunikasi_Indonesia	374202
Tim_nasional_futsal_Indonesia	677640
KabarIndonesia	226592
Kongres_Umat_Islam_Indonesia	1691118
Daftar_Duta_Besar_Indonesia_untuk_Jepang	395371
Daftar_lokomotif_di_Indonesia	1561608
Asosiasi_Pedagang_Pasar_Seluruh_Indonesia	1535001
Wanita_Indonesia_(organisasi)	978144
Orang_Indonesia	338208
Badan_Pengembangan_Sumber_Daya_Manusia_Kementerian_Dalam_Negeri_Republik_Indonesia	1688719
Jalur_kereta_api_di_Indonesia	768624
Gereja_Methodist_Indonesia	147340
Majelis_Syuro_Muslimin_Indonesia	112998
Pertumbuhan_penduduk_di_Indonesia	1526636
Hubungan_Amerika_Serikat_dengan_Indonesia	97161
Pemilihan_umum_legislatif_Indonesia_1971	303296
Indonesian_Art_Rock	280658
Radio_Republik_Indonesia	32810
Pemilihan_umum_Presiden_Indonesia_2009	250622
Divisi_Dua_Liga_Indonesia	19292
Pemilihan_umum_Presiden_Indonesia_2004	5514
Daftar_Wakil_Ketua_Komisi_Yudisial_Republik_Indonesia	1655097
Perkembangan_Usaha_Kesejahteraan_Sosial_di_Indonesia	1533199
Bank_Internasional_Indonesia	682248
Waktu_Indonesia_Timur	10469
Olimpiade_Indonesia_Cerdas_Family_(acara_televisi)	1741279
Pemilihan_umum_legislatif_Indonesia_1977	303295
Transportasi_di_Indonesia	28117
Daftar_tokoh_militer_Indonesia	376555
BabyBanks_Indonesia	1080091
Badan_Penelitian_dan_Pengembangan_Kementerian_Pertahanan_Republik_Indonesia	556119
Daftar_Wakil_Menteri_Pendayagunaan_Aparatur_Negara_dan_Reformasi_Birokrasi_Indonesia	888495
Daftar_kecamatan_dan_kelurahan_di_Indonesia	598686
Kebangkitan_Nasional_Indonesia	540426
Legiun_Veteran_Republik_Indonesia	91061
Penggunaan_istilah_Cina,_China,_atau_Tiongkok_di_media_massa_di_Indonesia	262031
Nickelodeon_Indonesia_Kids'_Choice_Awards	374950
Sekolah_Tinggi_Teknik_Bina_Cendikia_Indonesia	617346
Daftar_kecelakaan_kereta_api_di_Indonesia	133420
Direktorat_Jenderal_Pengelolaan_Pembiayaan_dan_Risiko_Kementerian_Keuangan_Indonesia	1664522
Dinas_Psikologi_Tentara_Nasional_Indonesia_Angkatan_Darat	67908
Miss_Earth_Indonesia_2013	1611282
Miss_Earth_Indonesia_2014	1611266
Perfilman_Indonesia	6763
Klasifikasi_maskapai_penerbangan_Indonesia_menurut_tingkat_pemenuhan_standar_keselamatan	152353
Daftar_tokoh_pendidikan_Indonesia	966224
Partai_Demokrasi_Indonesia	6551
Indonesia_AirAsia_X	1633046
Daftar_partai_politik_di_Indonesia	88658
Tim_nasional_sepak_bola_Indonesia	9921
Daftar_Wakil_Gubernur_di_Indonesia	1056192
Persyaratan_pemancar_televisi_siaran_digital_di_Indonesia	1696431
Pusat_Keuangan_Kementerian_Pertahanan_Indonesia	556966
Yamaha_Indonesia_Motor_Manufacturing	1414684
Asosiasi_Muslimah_Pengusaha_Indonesia	1601604
Daftar_stasiun_radio_di_Indonesia	16236
Miss_Beauty_Indonesia	232650
Daftar_Wakil_Menteri_Luar_Negeri_Indonesia	809753
Divisi_Utama_Liga_Indonesia_2011–12_(LI)	885433
Komite_Nasional_Pemuda_Indonesia	1071870
Puteri_Indonesia_Pariwisata	1186558
Pengawahutanan_di_Indonesia	291114
Most_Favourite_Movie_pada_MTV_Indonesia_Movie_Awards	259324
Daftar_tanda_kehormatan_di_Indonesia	4303
Kementerian_Pariwisata_Indonesia	50264
Negara_Islam_Indonesia	78327
Partai_Nasional_Bangsa_Indonesia	1085150
Paguyuban_Sosial_Marga_Tionghoa_Indonesia	32533
Kejuaraan_Debat_Sekolah_Indonesia	38410
Indonesia-Amerika	505576
Buletin_Indonesia	1677222
Indonesian_Idol_Junior_Musim_Pertama	1611528
Sejarah_Gereja_Katolik_di_Indonesia	138829
Hubungan_Indonesia_dengan_Yaman	97155
Rektor_Universitas_Indonesia	1635062
Sistem_televisi_berjaringan_di_Indonesia	442387
Starvoices_Indonesia	1101623
Konferensi_Karyawan_Pengarang_Indonesia	1664851
Daftar_kodepos_di_Indonesia	1450316
Partai_Rakyat_Indonesia	1078305
Yayasan_Asma_Indonesia	232332
Asosiasi_Pengusaha_Indonesia	1653108
Konfiks_dalam_bahasa_Indonesia	762168
Partai_Nasional_Indonesia	83389
Kawasan_Perdagangan_Bebas_Indonesia	1176694
Big_Brother_2011_(Indonesia)	700894
Daftar_episode_Indonesia_Lawak_Klub	1556337
Rajawali_Nusantara_Indonesia	1406330
Persatuan_Artis_Film_Indonesia	721686
Divisi_Utama_Liga_Indonesia_2010–11	725439
Patra_Telekomunikasi_Indonesia	1681698
Kementerian_Koordinator_Bidang_Kemaritiman_Republik_Indonesia	1639020
Stasiun_Universitas_Indonesia/layout	1608165
Harian_Indonesia	1682550
Daftar_Wakil_Menteri_Kesehatan_Indonesia	888426
Persekutuan_Kerjasama_Antar_Gereja-gereja_di_Indonesia	1058308
Bloomberg_TV_Indonesia	1148038
Harga_bahan_bakar_minyak_di_Indonesia	30845
Daftar_Ketua_Mahkamah_Konstitusi_Indonesia	1436015
SMK_Intitut_Indonesia_Kutoarjo	524472
B2W-Indonesia	296651
Daftar_laut_di_Indonesia	989564
Sistem_sosial_budaya_Indonesia	1519345
Statistik_Deal_or_No_Deal_Indonesia_Musim_III	1685332
Suara_Indonesia	196416
Tim_Olimpiade_Fisika_Indonesia	1643551
Gereja_Kristen_Wesley_Indonesia	1065326
Satu_Indonesia_Awards	1103739
Puteri_Indonesia_Kalimantan_Timur	1691149
Daftar_nama_burung_di_Indonesia:_Passeriformes	128977
Daftar_Wakil_Menteri_Pertanian_Indonesia	888351
Huria_Kristen_Indonesia_Protestan_(HKIP)	1045804
Badan_Urusan_Administrasi_Mahkamah_Agung_Republik_Indonesia	1654086
Indonesia_Scrabble_Challenge	1474143
Daftar_Menteri_Sekretaris_Negara_Indonesia	201348
Presiden_Indonesia	6329
Perusahaan_Hindia_Timur_Belanda_di_Indonesia	817614
Daftar_cagar_alam_di_Indonesia	989571
Menara_Kebanggaan_Indonesia	843618
Indonesia_Moeda	1397553
Partai_Buruh_Indonesia	974800
Daftar_Menteri_Hukum_dan_Hak_Asasi_Manusia_Indonesia	40790
Veteran_Perdamaian_Republik_Indonesia	1745245
Daftar_Menteri_Agraria_dan_Tata_Ruang_Indonesia	888508
Hubungan_Indonesia_dengan_Jepang	97512
Badan_Eksekutif_Mahasiswa_Universitas_Indonesia	1633623
Deal_or_No_Deal_Indonesia_Musim_III	1635092
Hubungan_Indonesia_dengan_Timor_Leste	642081
Daftar_Duta_Besar_Indonesia_untuk_Singapura	43861
Puteri_Indonesia_2011	771628
Puteri_Indonesia_2010	588030
Puteri_Indonesia_2015	1635816
Bank_Rakyat_Indonesia	133441
Putri_Pariwisata_Indonesia_2014	1629460
Terorisme_di_Indonesia	244642
Putri_Pariwisata_Indonesia_2010	674230
Putri_Pariwisata_Indonesia_2011	781586
Putri_Pariwisata_Indonesia_2012	994019
Putri_Pariwisata_Indonesia_2013	1195577
Senam_Pagi_Indonesia	1677913
Kharisma_Indonesia	291269
Partai_Pekerja_Indonesia	1085056
Majelis_Wali_Amanat_Universitas_Indonesia	1636242
Politeknik_Maritim_Negeri_Indonesia	1148058
Daftar_pejabat_Indonesia_yang_dipenjara_karena_kasus_politik	75856
Sinematek_Indonesia	1117547
Anugerah_Musik_Indonesia_2013	1155426
Anugerah_Musik_Indonesia_2012	957001
Anugerah_Musik_Indonesia_2011	743150
Anugerah_Musik_Indonesia_2010	551819
Anugerah_Musik_Indonesia_2014	1570194
Satu_Indonesia_(acara_televisi)	1158398
Partai_Ummat_Muslimin_Indonesia	368817
Divisi_Utama_Liga_Indonesia_1999–2000	146070
Daftar_bandar_udara_tersibuk_di_Indonesia	943764
Perubahan_Pertama_Undang-Undang_Dasar_Negara_Republik_Indonesia_Tahun_1945	84597
Daftar_Menteri_Koperasi_dan_Usaha_Kecil_dan_Menengah_Indonesia	201220
Daftar_surat_kabar_di_Indonesia	13643
Most_Favourite_Actor_pada_MTV_Indonesia_Movie_Awards	259339
Perbatasan_Indonesia–Malaysia	1463309
Panglima_Tentara_Nasional_Indonesia	12838
Kementerian_Ketenagakerjaan_Indonesia	22173
Filipina-Indonesia	1150396
VICO_Indonesia	130456
Perkembangan_radio_streaming_di_Indonesia	878638
Maskapai_Reasuransi_Indonesia	1126159
Partai_Penegak_Demokrasi_Indonesia	297687
PT_Garuda_Bahari_Indonesia	1663977
Asosiasi_Televisi_Kerakyatan_Indonesia	1699974
Pemilihan_umum_legislatif_Indonesia_2014	891231
Daftar_pulau_terluar_Indonesia	71670
Liga_Super_Indonesia_U-21_2009–10	888179
Sekretariat_Jenderal_Komisi_Pemberantasan_Korupsi_Republik_Indonesia	1655111
Gereja_Kemah_Injil_Indonesia	1118710
Bank_UOB_Indonesia	827715
Majelis_Islam_A'la_Indonesia	140098
Festival_Film_Indonesia_2014	1653723
Pendudukan_Indonesia_di_Timor_Timur	316719
Bank_of_India_Indonesia	771317
Daftar_Menteri_Energi_dan_Sumber_Daya_Mineral_Indonesia	45080
Daftar_semboyan_provinsi_di_Indonesia	83105
Perizinan_penyiaran_di_Indonesia	1697244
Dewan_Perwakilan_Rakyat_Republik_Indonesia_periode_1999-2004	1718799
Sejarah_teh_di_Indonesia	21400
Mahkamah_Mahasiswa_Universitas_Indonesia	1636247
Bendera_Indonesia	6855
Himpunan_Pengusaha_Muda_Indonesia	798574
Partai_Nasional_Indonesia_Marhaenisme	297684
Kartun_Indonesia	1169746
Sejarah_Indonesia	450548
Daftar_Wakil_Menteri_Pertahanan_Indonesia	537010
Konvergensi_Masyarakat_Analog_dan_Digital_di_Indonesia	1612814
Phillip_Securities_Indonesia	1148953
Pusat_Data_dan_Informasi_Kementerian_Pertahanan_Indonesia	556886
Plaza_Indonesia	130993
International_NGO_Forum_on_Indonesian_Development	617809
Pariwisata_di_Indonesia	245639
Astronomi_di_Indonesia	760510
Indonesian_Movie_Awards_2013	1135733
Perbatasan_Indonesia–Vietnam	1463311
Tim_Piala_Davis_Indonesia	682755
Kedutaan_besar_Republik_Indonesia	28406
Daftar_nominasi_dan_pemenang_Indonesian_Choice_Awards	1572063
Indonesia,_Go_Open_Source	198510
Daftar_Menteri_Pertahanan_Indonesia	6918
Zurich_Insurance_Indonesia	789538
Perubahan_Ketiga_Undang-Undang_Dasar_Negara_Republik_Indonesia_Tahun_1945	84599
Tentara_Nasional_Indonesia_Angkatan_Darat	7003
Komisi_Pemberantasan_Korupsi_Republik_Indonesia	9935
Bank_Rabobank_International_Indonesia	700711
Daftar_sastrawan_Indonesia	66
Indonesian_Movie_Awards_2014	1610899
Indonesian_Movie_Awards_2015	1753876
Daftar_Kementerian_di_Republik_Indonesia	1040062
Indonesian_Movie_Awards_2010	528657
Indonesian_Movie_Awards_2011	706473
Indonesian_Movie_Awards_2012	911867
Daftar_40_orang_terkaya_di_Indonesia_(2013)	1413251
Sekolah_di_Indonesia	504399
Komite_Olahraga_Nasional_Indonesia	138025
Institut_Informatika_Indonesia	1769287
Energy_Management_Indonesia	291138
Indonesia_menggugat	1558802
Sekolah_Tinggi_Ilmu_Ekonomi_Indonesia_Banjarmasin	1666464
Daftar_gereja_tua_di_Indonesia	32811
Nama_Indonesia	32507
Sekretariat_Jenderal_Kementerian_Pertahanan_Republik_Indonesia	556986
Bursa_Efek_Indonesia	215836
Indonesia_(disambiguasi)	309833
Star_Air_(Indonesia)	1124446
Tentara_Nasional_Indonesia_Angkatan_Udara	7005
Polusi_asap_Indonesia_2014	1463419
Transportasi_rel_di_Indonesia	117921
Hafiz_Indonesia_(acara_televisi)	1603034
Kementerian_Perumahan_Rakyat_Indonesia	50273
Pemerintah_daerah_di_Indonesia	40522
Papua_Indonesia_Air_System	209663
Indonesia_Kreatif	1592884
Anugerah_Musik_Indonesia_1997	682217
Isi_bocoran_kawat_diplomatik_Amerika_Serikat_(Indonesia)	1183439
Undang-Undang_Dasar_Sementara_Republik_Indonesia	84603
Homoseksualitas_di_Indonesia	1108140
Wanita_di_Indonesia	1418890
Persatuan_Wredatama_Republik_Indonesia	1673734
Asosiasi_Tinju_Indonesia	135821
Kereta_Rel_Listrik_Indonesia	1568322
La_Academia_Junior_Indonesia_(musim_pertama)	1666883
Daftar_acara_kuis_Indonesia	597786
Informasi_Industri_Musik_Indonesia	757461
Himpunan_Astronomi_Indonesia	1530860
Pertanian_dan_Perkebunan_di_Indonesia	524559
Uni_Belanda-Indonesia	817622
Bank_DBS_Indonesia	772040
Institut_Seni_Indonesia_Yogyakarta	72683
Bintang_Republik_Indonesia	4318
Daftar_penghargaan_yang_diterima_dan_dimiliki_Indonesia	1598739
Liga_Bola_Basket_Nasional_Wanita_Indonesia_2012–13	1125122
Konstitusi_Republik_Indonesia_Serikat	84602
Bouraq_Indonesia_Airlines	30461
International_University_Liaison_Indonesia	1642087
Perhimpunan_Pelajar_Indonesia	52181
Indonesian_Off-Road_Federation	131968
Daftar_Wakil_Menteri_Pariwisata_dan_Ekonomi_Kreatif_Indonesia	888439
Pemilihan_kepala_daerah_di_Indonesia	22625
Forum_Masyarakat_Peduli_Parlemen_Indonesia	789773
Daftar_kota_di_Indonesia_menurut_luas_wilayah	667871
Debat_kompetitif_di_Indonesia	38355
Gereja_Protestan_Indonesia_di_Luwu	1018063
Majelis_Ulama_Indonesia	13103
Lestarikan_Indonesiaku	854757
Partai_Sarekat_Islam_Indonesia	973810
Anugerah_Musik_Indonesia_2008	548406
Puteri_Indonesia_2009	440446
Asosiasi_DPRD_Kabupaten_Seluruh_Indonesia	134262
Puteri_Indonesia_2004	277731
Anugerah_Musik_Indonesia_2005	1088205
Puteri_Indonesia_2006	83901
Puteri_Indonesia_2007	201300
Puteri_Indonesia_2000	304796
Puteri_Indonesia_2001	304795
Puteri_Indonesia_2002	48588
Puteri_Indonesia_2003	270541
Asuransi_AXA_Indonesia	1126676
Kedutaan_Besar_Indonesia_di_Kairo	279987
Tour_d'Indonesia	86922
MNC_Asuransi_Indonesia	1123392
Peringkat_universitas_di_Indonesia_menurut_Webometrics	971118
Balai_Besar_Rehabilitasi_Badan_Narkotika_Nasional_Indonesia	1474795
Kliring_Berjangka_Indonesia	212074
Kementerian_Keuangan_Indonesia	50238
Daftar_Menteri_Koordinator_Bidang_Pembangunan_Manusia_dan_Kebudayaan_Indonesia	1636126
Daftar_peraturan_daerah_di_Indonesia_berlandaskan_hukum_agama	569596
Indonesia	44
Indonesia_Banking_School	378715
Arema_Indonesia_musim_2010–11	771373
Aktivitas_CIA_di_Indonesia	415862
Eat_Bulaga!_Indonesia	965200
Pengadilan_hak_asasi_manusia_di_Indonesia	151843
Akademi_Sahur_Indonesia	1174685
Indonesia_Terbuka_1998	737569
Undang-Undang_(Indonesia)	84571
Liga_Futsal_Indonesia	225217
Indonesia_Terbuka_1990	877508
Surat_Bukti_Kewarganegaraan_Republik_Indonesia	27186
Daftar_sekolah_menengah_pertama_negeri_di_Indonesia	368784
Bank_Capital_Indonesia	766372
Gereja_Pusat_Pantekosta_Indonesia	1012538
Daftar_stadion_sepak_bola_di_Indonesia	555062
Sertifikat_Bank_Indonesia	28224
Daftar_tarian_di_Indonesia	377222
Suku_bangsa_di_Indonesia	600668
Indonesia_Raya_(politik)	786138
9808_Antologi_10_Tahun_Reformasi_Indonesia	743402
Hubungan_luar_negeri_Indonesia	1038582
Inspektorat_Pengadaan_Itjen_Kementerian_Pertahanan_Indonesia	749755
Federasi_Olahraga_Karate-Do_Indonesia	1090399
Daftar_finalis_Indonesian_Idol	945118
Partai_Keadilan_dan_Persatuan_Indonesia	94781
Daftar_kata_serapan_dari_bahasa_Yunani_dalam_bahasa_Indonesia	704229
Pemilihan_umum_legislatif_Indonesia_2009	251955
Badan_Arbitrase_Pasar_Modal_Indonesia	198679
Pemilihan_umum_legislatif_Indonesia_2004	303288
150_Album_Indonesia_Terbaik	458645
Daftar_Ibu_dan_Bapak_Wakil_Negara_Indonesia	1707844
Kantor_Staf_Presiden_Republik_Indonesia	1669094
Institut_Seni_Indonesia_Surakarta	103222
Korps_Marinir_Indonesia	43641
Gereja_Pantekosta_Serikat_Indonesia	1118761
Coca_Cola_Foundation_Indonesia	360389
Community_Shield_Indonesia_2010	603776
Berita_Film_Indonesia	793255
Pengasingan_Komunis_Indonesia_di_Tirana	1670396
Terima_Kasih_Indonesia	1084446
Asosiasi_Televisi_Jaringan_Indonesia	1699379
Kementerian_Riset,_Teknologi,_dan_Pendidikan_Tinggi_Republik_Indonesia	45041
Gereja_Kristen_Indonesia_Nederland	1065202
Hubungan_Brunei_dengan_Indonesia	1729389
Suku_Melayu_Indonesia	1148920
Bank_SBI_Indonesia	1723037
Sejarah_Pertahanan_Indonesia	107316
Daftar_Menteri_Koordinator_Bidang_Kemaritiman_Indonesia	1636544
Daftar_sejarawan_Indonesia	135356
Puteri_Indonesia_Favorit	1193280
Komik_Indonesia	144214
Fakultas_Kedokteran_Gigi_Universitas_Indonesia	318966
Wanita_Indonesia	316932
Lingkaran_Survei_Indonesia	1077407
Serikat_Buruh_Sejahtera_Indonesia	140307
Divisi_Utama_Liga_Indonesia_1997–98	19248
Partai_Pemuda_Indonesia	297683
Alur_Laut_Kepulauan_Indonesia_(ALKI)	1654907
Partai_Nasional_Indonesia_-_Front_Marhaenis	1084010
Serambi_Indonesia	78257
Putri_Pariwisata_Indonesia	299693
Sekretariat_Jenderal_Kementerian_Keuangan_Indonesia	613943
Deal_or_No_Deal_Indonesia_Musim_II	1635090
Manusia_purba_Indonesia	260648
Program_Nuklir_Indonesia	240451
Asosiasi_Pemerintah_Kota_Seluruh_Indonesia	1197515
Tim_nasional_sepak_bola_U-21_Indonesia	866563
Olimpiade_Indonesia_Cerdas_Junior	1698001
Konsorsium_WiMAX_Indonesia	1705835
Persatuan_Bola_Voli_Seluruh_Indonesia	802692
Daftar_nama_burung_endemik_Indonesia	128974
Direktorat_Jenderal_Anggaran_Kementerian_Keuangan_Indonesia	215087
Polisi_Militer_Angkatan_Darat_Indonesia	391147
Kongres_Wanita_Indonesia	40146
Indonesia_Digital_HOME	1721567
Kementerian_Kelautan_dan_Perikanan_Republik_Indonesia	50243
Kepala_pemerintahan_Indonesia	240754
Daftar_kasus_korupsi_di_Indonesia	52990
Taman_Safari_Indonesia	81488
Indonesian_Movie_Awards_2007	528505
Universitas_Wiraswasta_Indonesia	315632
Universitas_Kisten_Indonesia_Tomohon	1183319
Gereja_Protestan_Indonesia_Banggai_Kepulauan	1026525
Indonesian_Idol_(musim_pertama)	242884
Daftar_Presiden_Indonesia	789
Freemasonry_di_Indonesia	696778
The_Greatest_Indonesian_Love_Songs	1071911
Tionghoa-Indonesia	22742
Duta_Besar_Indonesia_untuk_Swiss	1679298
Garuda_Indonesia_Penerbangan_150	867330
Tentara_Nasional_Indonesia_Angkatan_Laut	7004
Garuda_Indonesia_Penerbangan_152	28034
Daftar_Menteri_Desa,_Pembangunan_Daerah_Tertinggal_dan_Transmigrasi_Indonesia	1636572
The_Scholar_Indonesia	205830
Indonesia_Tanpa_JIL	1405873
Sekretariat_Jenderal_Majelis_Permusyawaratan_Rakyat_Republik_Indonesia	1644089
Orang_Indonesia_di_Filipina	870824
Daftar_istilah_militer_Tentara_Nasional_Indonesia	130613
Koalisi_Indonesia_Hebat	1666416
PT_Fortune_Indonesia	1406967
Daftar_Wakil_Menteri_Perindustrian_Indonesia	888298
Daftar_pemeran_Indonesia	377333
Indonesia_Muda_(disambiguasi)	1397556
Universitas_Islam_Indonesia	71583
Hasil_pertandingan_Liga_Prima_Indonesia_2011–12	856897
Lentera_Indonesia	1147832
Asosiasi_Dosen_Indonesia	1671499
Pemekaran_daerah_di_Indonesia	28409
Daftar_gunung_di_Indonesia_menurut_lokasi	687353
Front_Perjuangan_Pemuda_Indonesia	57591
Percetakan_Negara_Republik_Indonesia	291414
Wakil_Presiden_Indonesia	32453
Daftar_provinsi_di_Indonesia	766
Yayasan_Jantung_Indonesia	476326
Daftar_politisi_Indonesia	472553
Majelis_Buddhayana_Indonesia	445260
Kementerian_Perhubungan_Republik_Indonesia	50239
Budaya_Indonesia	45442
Kabinet_Indonesia_Bersatu	6836
Radio_Antar_Penduduk_Indonesia	70936
Daftar_tokoh_Tionghoa-Indonesia	5409
Indonesia_Morning_Show	1150968
Kabinet_Republik_Indonesia_Serikat	35965
Puteri_Indonesia_Sumatera_Barat	1504587
Bursa_Paralel_Indonesia	336919
Menteri_Perguruan_Tinggi_dan_Ilmu_Pengetahuan_Indonesia	1695211
Indonesia_Terbuka_Grand_Prix_Gold_2011	788531
MasterChef_Indonesia_Musim_Ketiga	1016485
Gedung_Bank_Indonesia_Padang	1525870
Profauna_Indonesia	56503
MasterChef_Indonesia_Musim_Keempat	1755318
V_Radio_(Indonesia)	1672637
Daftar_perusahaan_batu_bara_Indonesia	1171697
I_Love_Indonesia	711598
Daftar_pengusaha_Indonesia	472556
Puteri_Indonesia_Persahabatan	1186930
Keresahan_makanan_di_Indonesia_2005	981312
Daftar_Wakil_Menteri_Perencanaan_Pembangunan_Nasional_Indonesia	888496
Indonesia_Terbuka_Grand_Prix_Gold	1764381
Bahasa_Indonesia_Peranakan	585621
Indonesian_Idol_(musim_kedua)	242886
Indonesianis	386120
Daftar_pelabuhan_di_Indonesia	237909
Kementerian_Dalam_Negeri_Republik_Indonesia	35824
Sanskrit_in_Indonesia	28568
Universitas_Indonesia	6246
Sistem_politik_Indonesia	1543507
Bank_UOB_Indonesia_(lama)	1170675
Liga_Super_Indonesia_2009–10	388033
Daftar_Menteri_Pertanian_Indonesia	50340
Fakultas_Ilmu_Administrasi_Universitas_Indonesia	1764019
Daftar_kecelakaan_dan_insiden_kapal_di_Indonesia	128397
Divisi_Utama_Liga_Indonesia_1998–99	19594
Talk_Indonesia	1395529
Tahun_Kunjungan_Indonesia_2008	316724
Derby_Indonesia	1079384
Partai_politik_tertua_di_Indonesia	1673770
Bangsa_Portugis_di_Indonesia	461489
Asosiasi_Telekomunikasi_Seluler_Indonesia	1678030
Bayu_Indonesia	30678
Medco_E&P_Indonesia	108196
Indonesian_All-Time_Hits	242920
Hasil_pertandingan_Liga_Super_Indonesia_2009–10	448267
100%_Cinta_Indonesia	662898
Bandung_Indonesian_Restaurant	708788
Perwakilan_Umat_Buddha_Indonesia	284501
Gereja_Kristen_Indonesia	82687
Produksi_kopi_di_Indonesia	99507
Inflasi_dan_perekonomian_Indonesia	197091
Komite_Nasional_Indonesia_Pusat	286317
Persekutuan_Kristen_Indonesia_se-Eropa	48348
Perhimpunan_Mahasiswa_Katolik_Republik_Indonesia	27193
Divisi_Utama_Liga_Indonesia	19238
Pemilihan_umum_Indonesia_2009	306941
Daftar_taman_nasional_di_Indonesia	40165
Indonesian_Idol_Junior	1584259
Daftar_Menteri_Pekerjaan_Umum_dan_Perumahan_Rakyat_Indonesia	1636473
Pemilihan_umum_Indonesia_2004	191505
Pemerintahan_daerah_di_Indonesia	40515
Kepala_Kepolisian_Negara_Republik_Indonesia	33982
Hubungan_Britania_Raya_dengan_Indonesia	785445
Cherrybelle_BeAT_Indonesia	1118359
Daftar_asuransi_jiwa_Indonesia	785774
Badan_Regulasi_Telekomunikasi_Indonesia	39956
Direktorat_Jenderal_Peraturan_Perundang-undangan_Kementerian_Hukum_dan_HAM_Indonesia	190504
Daftar_kata_serapan_dari_bahasa_Inggris_dalam_bahasa_Indonesia	74496
Krisis_Global_dan_Penyelamatan_Sistem_Perbankan_Indonesia	472308
The_Voice_Indonesia_(musim_pertama)	1076530
Stasiun_Universitas_Indonesia	696497
Barisan_Indonesia	228097
Masterplan_Percepatan_dan_Perluasan_Pembangunan_Ekonomi_Indonesia	1175139
Hubungan_Indonesia_dengan_Tiongkok	1605578
Bank_Sumitomo_Mitsui_Indonesia	776333
Top_Chef_Indonesia	1187656
Indonesian_All_Stars	706620
Ensiklopedi_Umum_Dalam_Bahasa_Indonesia	1077594
Persekutuan_Baptis_Indonesia	1056026
Dewan_Pertimbangan_Presiden_Republik_Indonesia	1659748
Revolusi_Indonesia	670033
Sejarah_nama_Indonesia	44968
Indonesia_pada_Olimpiade_Musim_Panas_1984	976639
Pusat_Kesehatan_Tentara_Nasional_Indonesia	1673064
Piksel_Indonesia	1446849
Persatuan_Guru_Republik_Indonesia	1403053
Daftar_tokoh_pers_Indonesia	383259
Persekutuan_Gereja-gereja_dan_Lembaga-lembaga_Injili_Indonesia	1054990
Badan_Pengawasan_Mahkamah_Agung_Republik_Indonesia	1654084
Ekspedisi_Tujuh_Puncak_Indonesia	1529039
Daftar_bandar_udara_tujuan_Garuda_Indonesia	213853
Tim_persatuan_rugby_nasional_Indonesia	1479417
Direktorat_Jenderal_Imigrasi_Kementerian_Hukum_dan_HAM_Indonesia	119268
Pakistan-Indonesia	1112949
Gerakan_Wanita_Indonesia	30740
Ekonomi_Indonesia	27868
Indonesia_Power	80430
Pusat_Jasmani_dan_Peraturan_Militer_Dasar_Tentara_Nasional_Indonesia	1764435
Daftar_perayaan_penghargaan_Festival_Film_Indonesia	1049726
Tata_Bahasa_Baku_Bahasa_Indonesia	1671798
Partai_Tani_Indonesia	973278
Universitas_Respati_Indonesia	394070
Kesusastraan_Indonesia_Periode_1950-1965	1482978
Daftar_sosiolog_Indonesia	135353
Bank_Artos_Indonesia	772059
Direktorat_Jenderal_Perhubungan_Udara_Kementerian_Perhubungan_Indonesia	976527
Kesatuan_Mahasiswa_Hindu_Dharma_Indonesia	1058839
Final_Piala_Indonesia_2005	908770
Televisi_digital_di_Indonesia	269409
Televisi_digital_terestrial_di_Indonesia	1698995
Galeri_Nasional_Indonesia	1504450
1000_Haiku_Indonesia	1777561
Nickelodeon_Indonesia	980036
Pelabuhan_Indonesia_I	311607
Daftar_Wakil_Menteri_Perhubungan_Indonesia	888411
Indonesia_Masters_Grand_Prix_Gold_2014	1762473
Ombudsman_Republik_Indonesia	40403
Inspektorat_Umum_Itjen_Kementerian_Pertahanan_Indonesia	749754
Gereja_Tiberias_Indonesia	72424
Asosiasi_Server_Pulsa_Indonesia	1690879
Daftar_Menteri_Dalam_Negeri_Indonesia	35843
Islam_di_Indonesia	286973
Pengadilan_anak_di_Indonesia	1466694
Tanda_Kepangkatan_Tentara_Nasional_Indonesia_Angkatan_Laut	124422
Sekretariat_Jenderal_Ombudsman_Republik_Indonesia	1658058
Masyarakat_Profesi_Penilai_Indonesia	253661
Daftar_40_orang_terkaya_di_Indonesia_(2008)	371873
Hak_asasi_manusia_di_Indonesia	1630591
Puteri_Indonesia_Kepulauan	1187351
Indonesia_(acara_televisi)	1726716
Airmark_Indonesia	194394
Penghargaan_Khusus_Miss_Indonesia	1696218
Lamido_Indonesia	1397875
Kementerian_Hukum_dan_Hak_Asasi_Manusia_Republik_Indonesia	50232
JCI_Indonesia	1439366
Indonesia_Male_Pageants	1612927
Tentara_Republik_Indonesia	849827
Ikatan_Masinis_Indonesia	1066962
Natal_di_Indonesia	1660342
MTV_Indonesia_Movie_Awards_2004	885455
MTV_Indonesia_Movie_Awards_2005	885129
MTV_Indonesia_Movie_Awards_2006	885218
MTV_Indonesia_Movie_Awards_2007	225081
Fakultas_Hukum_Universitas_Indonesia	318980
Pendidikan_di_Indonesia	587989
Indonesian_Atheists	752356
Akademi_Angkatan_Bersenjata_Republik_Indonesia	66626
Lensa_Indonesia_(acara_televisi)	1680087
Menteri_Pembangunan_Masyarakat_Indonesia	325743
LAZADA_Indonesia	1002882
Sejarah_perguruan_tinggi_di_Indonesia	65947
Perhimpoenan_Peladjar-Peladjar_Indonesia	600674
Daerah_Operasi_Kereta_Api_Indonesia	591621
Daftar_provinsi_Indonesia_menurut_PDRB	1685427
Cantik_Indonesia	6657
Seaworld_Indonesia	63859
Hubungan_Filipina_dengan_Indonesia	1420944
Sinode_Gereja_Kristen_Oikoumene_di_Indonesia	1174645
Standar_Penilaian_Indonesia	254993
Hasil_pertandingan_Liga_Prima_Indonesia_2013	1092754
Amar_Bank_Indonesia	781532
Kepolisian_Negara_Republik_Indonesia	5952
Sing_To_Win_Indonesia	862113
Indonesia_Toray_Science_Foundation	360391
Anggota_Bursa_Efek_Indonesia	547060
Radio_Dangdut_Indonesia	295304
Daftar_stasiun_televisi_di_Indonesia	799
Peraturan_Presiden_(Indonesia)	84575
Prangko_Indonesia	1649061
Festival_Film_Indonesia_2010	623196
Festival_Film_Indonesia_2011	820055
Festival_Film_Indonesia_2012	1041392
Festival_Film_Indonesia_2013	1418506
Indonesian_Heritage_Society	77041
Komando_pengembangan_dan_pendidikan_(Angkatan_Laut_Tentara_Nasional_Indonesia)	253229
Kalender_Indonesia_Merdeka	1557448
Junior_MasterChef_Indonesia	1472722
Sentimen_anti-Malaysia_di_Indonesia	363479
Daftar_aktor_Indonesia	22432
Bintang_Republik_Indonesia_Adipurna	4320
Daftar_kode_telepon_di_Indonesia_menurut_nama	18063
Gereja_Protestan_di_Indonesia_bagian_Barat	34332
Junior_MasterChef_Indonesia_(musim_1)	1475773
Daftar_tokoh_Kristen_Indonesia	470965
Orang_Indonesia_di_Jepang	628235
Fakultas_Matematika_dan_Ilmu_Pengetahuan_Alam_Universitas_Indonesia	318978
Undang-Undang_Dasar_Negara_Republik_Indonesia_Tahun_1945	5442
Rolling_Stone_Indonesia	784482
Siaran_Indonesia	1776724
Cinta_Indonesia_Cinta_Anti_Korupsi	457081
Indonesia_Today	30663
Hubungan_Australia_dengan_Indonesia	97322
Istana_Presiden_Indonesia	13033
Daftar_kata_serapan_dari_bahasa_Portugis_dalam_bahasa_Indonesia	33463
Puteri_Indonesia_2008	301499
Anugerah_Musik_Indonesia_2009	384626
Koalisi_Pemuda_Hijau_Indonesia	1177285
Liga_Bola_Basket_Nasional_Indonesia_2012–13	1125121
Daftar_Menteri_Riset,_Teknologi,_dan_Pendidikan_Tinggi_Indonesia	1636276
Festival_Lagu_Populer_Indonesia_1989	273913
Pharos_Indonesia	1654337
Anugerah_Musik_Indonesia_2004	1568453
Puteri_Indonesia_2005	238699
Anugerah_Musik_Indonesia_2006	1570196
Daftar_lagu_anak_di_Indonesia	10589
Hubungan_Indonesia_dengan_Papua_Nugini	642111
Love_Indonesia	604380
Anugerah_Musik_Indonesia_2000	990164
Daftar_sekolah_dasar_di_Indonesia	1086330
Chevron_Indonesia	70563
Surveyor_Indonesia	311603
Remaja_Duta_Wisata_Indonesia	44529
Anugerah_Musik_Indonesia_2003	1088217
Aon_Indonesia	1126186
Paspor_Indonesia	155142
Most_Favourite_Supporting_Actor_pada_MTV_Indonesia_Movie_Awards	260613
Gerakan_Pramuka_Indonesia	89455
100_Hari_Keliling_Indonesia	1407877
Persatuan_Pelajar_Indonesia_di_Taiwan	121310
Jepang-Indonesia	622224
Robotika_Indonesia	444564
Sekretariat_Jenderal_Dewan_Perwakilan_Rakyat_Republik_Indonesia	1081358
NEW_Indonesia	1690861
Daftar_tokoh_organisasi_pendidikan_Indonesia	1675005
Kereta_Rel_Diesel_Indonesia	832974
Asosiasi_Pabrik_Kabel_Listrik_Indonesia	1707230
Indonesian_American_Presbyterian_Church	1398270
Pembangunan_nasional_Indonesia	1528166
Barisan_Tani_Indonesia	1554447
Soneta_Volume_11_-_Indonesia_(album)	1495066
Daftar_kata_bahasa_Indonesia_yang_selalu_dalam_bentuk_terulang	235528
Kia_Mobil_Indonesia	340172
Perguruan_tinggi_Islam_negeri_di_Indonesia	70022
Persatuan_Dokter_Hewan_Indonesia	1569403
X_Factor_Indonesia_(musim_kedua)	1403365
Badan_Keamanan_Laut_Republik_Indonesia	1550763
PT._PAL_Indonesia	294851
Miss_Indonesia_Earth_2010	1611629
Miss_Indonesia_Earth_2012	1611614
Daftar_Duta_Besar_Indonesia_untuk_Perserikatan_Bangsa-Bangsa	43847
Sekolah_Tinggi_Ilmu_Komputer_Indonesia	1104570
Sekretariat_Jenderal_Mahkamah_Konstitusi_Republik_Indonesia	1654114
Daftar_tempat_wisata_di_Indonesia	3779
Daftar_wilayah_metropolitan_di_Indonesia	882417
Bank_QNB_Indonesia	713439
Ensiklopedi_Nasional_Indonesia	589532
Daftar_tokoh_pada_prangko_Indonesia	1450324
Partai_Kasih_Demokrasi_Indonesia	297695
Bank_Ekspor_Impor_Indonesia	44889
Liga_Super_Indonesia_U-21	387664
Daftar_artis_cilik_Indonesia	973870
Indonesia_Mencari_Bakat_1	613150
Indonesia_Mencari_Bakat_2	613152
Indonesia_Mencari_Bakat_3	677344
Indonesia_Mencari_Bakat_4	1606928
Daftar_99_wanita_paling_berpengaruh_di_Indonesia_(2007)	241296
Daftar_politeknik_negeri_di_Indonesia	646169
Indonesian_Fashion_&_Batik_Festival	1493288
Daftar_kabupaten_dan_kota_di_Indonesia	3759
Mall_of_Indonesia	319621
Bank_OCBC_Indonesia	1141826
