연세대학교_한국어학당	173097
영광_불갑사_참식나무_자생북한지	28951
한국해양보증	1304738
상해한국학교	1319235
한국_정교회	153040
한국표준질병사인분류_(한의)	769490
한국법제연구원	632119
한국항공대학교	93350
한국_아방가르드_협회	997188
한국미생물학회	517558
한국예술전문학교	651027
한국식물세밀화협회	715003
한국경주마생산마주회	692409
한국자동차보험_축구단	727562
한국가축인공수정사협회	690994
한국생명과학회	685658
1994년_한국프로야구_신인_드래프트	294164
한국스포츠마사지자격협회	643621
펭귄_클래식_한국어판	440474
2002년_한국프로야구_포스트시즌	400442
한국화학올림피아드	372749
한국꽃꽂이협회	675408
한국장애인관광레저진흥회	681602
한국노동사회연구소	636233
한국폴리그라프협회	1036033
한국_농어촌사랑_방송예술인_공동체	684913
한국임상수의학회	708270
2016년_한국시리즈	1217650
한국핵융합협의회	685642
한국지리적표시농축임가공품연합회	693661
한국일러스트레이터협회	675043
한국_한국인	363124
한국어업기술학회	696524
한국말산업중앙회	717024
한국독립영화협회	674804
북경한국국제학교	1319229
한국출판협동조합	398091
한국농수식품CEO연합회	693504
한국현대무용협회	679920
한국정보디스플레이학회	685974
한국남부발전	631661
한국의_직업구조	615414
한국로봇교육콘텐츠협회	685709
한국육가공업협동조합	686379
2013년_한국시리즈	979278
한국민물장어생산자협회	693892
북한민주화위원회	692512
한국시인협회상	794033
한국화훼생산자협의회	692435
2012년_한국프로야구	695533
한국케이블TV제주방송	676836
한국민화작가협회	676959
한국영화촬영감독협회	674871
대한국민당_(1948년)	514576
한국전기화학회	685685
한국_프로_야구_골든_글러브_수상자_(1루수)	162362
한국도농문화교류협회	696305
한국콘텐츠신디케이션협회	675182
한국_프로_야구_최다_타점	1104617
한국꽃문화협회	693433
한국공예사랑협회	681520
한국식품영양과학회	701918
한국의_학생운동	785434
한국방송공사_어린이_드라마	323416
한국원자력통제기술원	631897
한국마사회동우회	693572
한국경진학교	553964
한국시인협회	470801
한국_프로_야구_최우수_평균자책점	1104624
한국캠핑신문	1160674
한국정책금융공사	632037
한국분재조합	712106
한국신선편이농산물협회	693489
한국국학진흥원	804272
한국보훈복지의료공단	631779
철기의_한국_전래	266795
한국민속식물생산자협회	691042
한국폴리텍대학_항공캠퍼스	70209
한국계_뉴질랜드인	836310
한국어병학회	701929
한국_현대사_증언	319563
한국절화협회	693654
한국통사	70143
한국후지제록스	548666
한국맥류산업발전연구원	683367
한국학중앙연구원	139530
한국장로회총연합회	1002064
한국약용작물학회	701923
한국김치협회	693850
한국밀협회	1224032
한국산림자원육성운동협회	712735
한국수소산업협회	1042522
한국_프로_야구_골든_글러브_수상자_(유격수)	236033
한국농어촌사회연구소	691081
한국이산화탄소포집및처리연구개발센터	896820
한국거래소_파생상품시장	438034
제4회_한국야구대제전	1022524
한국_프로_야구_골든_글러브_수상자_(투수)	102604
한국기독교군선교연합회	1323580
한국닥나무협회	714771
한국철도공사_7300호대_디젤_기관차	99903
2008년_한국프로야구_신인_드래프트	254057
한국_기독교출판협회	113343
한국식품저장유통학회	692491
한국지적협회	1022302
한국상업은행_축구단	727497
21세기한국생명과학발전연구회	685632
한국커피연합회	765431
한국출판인회의	683297
한국환경정책평가연구원	448281
2006년_한국프로야구	257272
2010년_9월_21일_한국_중부_집중호우	540731
한국기업지배구조원	504531
한국청소년미술협회	676708
추계_한국여자축구연맹전	1238074
한국예술종합학교_전국무용경연대회	679448
한국여성정책연구원	632092
한국전통주진흥협회	693652
한국청소년물리토너먼트	771419
한국_프로_야구_도루_관련_기록	483689
한국_대학생_연합_오케스트라	636882
1996년_한국시리즈	276877
한국철도협회	1055469
한국교육과정평가원	157049
한국반려동물생산자협회	696325
한국쌀중심건강증진협회	692419
한국사과연합회	696313
한국외식과학고등학교	870541
한국창조과학회	1177216
한국농수산진흥회	696522
한국의_배	288465
한국디자인문화학회	681513
한국디지털디자인협의회	1041521
한국사회복지사협회	1022105
한국산업기술인회	685620
한국_철학	320094
한국종균생산협회	690896
한국의_제천_행사	210069
한국인지과학회	685636
한국물리올림피아드	107138
한국자산관리공사	631674
한국어의_한자어	100422
한국출판문화진흥재단	674362
한국선급	695302
한국광고총연합회	683072
한국철도시설공단	75797
한국장애인CARE협회	685706
한국어촌어항협회	537761
한국화이바_프리머스	472966
위해중세한국국제학교	753388
한국바둑리그	326745
한국폴리텍IV대학_대전캠퍼스	627612
한국아마추어천문학회	686339
한국센서학회	685995
한국대학교육협의회	461421
수문_(북한산성)	937416
한국동물보호협회	686434
한국의_기독교	349539
한국세라믹학회	685994
한국계측제어협회	686001
한국방송대상	411730
한국음성과학회	685678
애니멘터리_한국설화	898842
슬로푸드한국위원회	675555
한국건축설계교수회	681489
한국의_강	2197
한국의_집	373647
한국대학생포럼	1120016
한국항만물류고등학교	133935
한국예술연구소	979053
한국스포츠개발원	1068228
한국의_1위_목록	500971
한국야구대제전	1022513
1992년_한국프로야구_신인_드래프트	294514
대한국민당	170264
한국국악학회	350072
2007년_한국시리즈	160482
한국과학발명놀이연구회	685702
중남미한국문화원	871793
한국고전머리협회	675578
한국과학기술연구원	93332
한국디지털재산법학회	675196
한국교육학회	137189
한국수목보호협회	712114
한국지방행정연구원	651546
한국잔디학회	717565
한국의_재발견	685370
한국금융연수원	690858
2004년_한국_중부_폭설	36082
한국화장품	669560
한국상하수도협회	1022540
한국철도공사_7200호대_디젤_기관차	180227
한국_민요_변주곡	553636
국제한국언어학회	799697
한국생선회협회	693937
한국법학원	1245319
한국민속학회	675989
한국스카우트연맹	65620
한국마술협회	679863
한국영화프로듀서조합	674875
한국대중음악인연합회	674800
국제피플투피플한국본부	676005
한국사회학회	673580
한국시리즈_최우수_선수	703007
한국녹색문화재단	717569
1986년_한국프로야구_포스트시즌	432719
한국케이블TV푸른방송	294502
한국토지주택공사	366475
북한산성	276390
한국수자원공사	218433
한국문예학술저작권협회	675202
한국국제학교_제주캠퍼스	1003962
한국표고버섯생산자협회	715070
한국_현대의_교육	838564
한국현대시인상	942456
한국해동검도협회	458229
한국교양학습만화진흥협회	675027
한국방송공사_일일연속극	999276
한국인삼경작자협의회	692453
한국학대학원	697793
한국어문회	675455
한국방송공사의_뉴스_프로그램	126045
한국도핑방지위원회	281323
한국건축역사학회	685374
한국의_역법	885186
한국식품유통연구원	692401
KBO_한국시리즈	182737
한국정보화진흥원	543571
한국의_구석기_시대	58992
한국컬링선수권대회	1079496
한국컴퓨터게임학회	675047
한국국제낚시박람회	230971
한국아동_인성평정척도	255319
한국프로농구_2015-16	1293379
한국분자세포생물학회	685921
한국방송공사_일요아침드라마	903482
한국성폭력상담소	760999
한국의_문화	268926
한국사_반란_및_역모_사건_목록	395777
한국토마토대표조직	696519
한국골판지포장공업협동조합	678187
한국_프로_야구_홈런_관련_기록_-_개인	1298128
한국자연예술총연합회	675518
한국일요화가회	676824
한국_수화	945240
한국작은도서관협회	681941
2009년_한국프로야구_신인_드래프트	237746
한국정밀공학회	685890
한국토지공사	218136
한국식품유통학회	693571
한국해양수산연수원	631713
미래한국	222852
한국체력단련장협회	682879
한국과학기자협회	685925
한국형_틸팅열차	94434
한국연사랑모임	675571
한국기독교순교자기념관	198194
한국의_사라진_성씨	544011
아시아태평양아동청소년_공연예술_프로듀서_네트웍_한국본부	679608
한국교육방송공사	19008
한국잡지정보관	301656
.한국	757151
한국공예가협회	681521
한국예술영재교육연구원	667580
대련한국국제학교	1326936
한국쌀전업농중앙연합회	693440
한국의_도교_의식	659544
한국문화유산연구원	674448
한국과학창의재단	631681
한국군	88947
한국_법제의_역사	266400
한국게임마케팅포럼	675003
한국정책방송원	378996
2010년_한국_프로_야구_골든글러브	720968
한국DIY가구공방협회	715492
한국에너지기술평가원	631731
한국식품외식발전협회	696621
한국방송공사_금요드라마	1124891
한국의_제위_계승_순위	655598
한국식생활문화학회	693541
2011년_7월_한국_중부_집중호우	667343
한국철도공사_7100호대_디젤_기관차	99878
한국방송공사_주말드라마	961626
한국-타이완_클럽_챔피언십	551964
한국철도공사_7400호대_디젤_기관차	180232
한국대중골프장협회	682890
한국발생생물학회	685752
한국관광통역안내사협회	681907
한국불교심리치료학회	949092
한국원자력연구원	107473
한국아마추어무선연맹	504147
한국동물자원과학회	691026
한국경영자총협회	662290
한국양잠연합회	691659
한국물가협회_물가안정대상	712929
한국조세재정연구원	1228623
한국원자력협력재단	979892
LG_트윈스의_한국_프로_야구상_수상자	1013334
한국석유공사_쿠르드_원유개발사업	687648
한국어_위키백과	39542
한국발명진흥회	555414
한국대나무박물관	1193007
국제기능올림픽대회_한국위원회	1228766
한국영상학회	674903
한국게임과학고등학교	132204
한국현대사학회	674071
한국농기계유통협회	692457
한국국제방송교류재단	65635
김삿갓_북한방랑기	423403
한국_피겨스케이팅_선수권_대회	381297
한국에너지공학회	686349
2012년_한국시리즈	849761
한국말산업학회	696637
한국씨티은행	175131
한국조선해양기자재연구원	1240836
한국게임협회	675025
한국마사고등학교	872706
한국빌딩자동제어협회	685892
주_스페인_한국문화원	645231
한국섬유개발연구원	663928
한국투자금융그룹	640853
개방형_한국어_지식_대사전	960446
한국아동국악교육협회	676173
한국해양소년단연맹	777146
한국화재보험협회	663933
한국바둑고등학교	874935
한국원자력환경공단	631670
1990년_한국프로야구_신인_드래프트	295187
한국엄마문화협회	692886
한국영농장애인경영지원중앙회	694175
한국독립당_내란음모사건	540663
2001년_한국프로야구	543858
한국연예예술인협회	615577
한국성서유니온선교회	170305
주간한국	353390
한국형_달_탐사선	1017208
한국_근무단	859015
한국서부발전	218475
한국인_유전체	273560
한국신문윤리위원회	682981
한국전력국제원자력대학원대학교	750624
한국환경기술진흥원	702299
한국소방산업기술원	631721
한국뉴욕주립대학교	735697
2015_KB금융_한국컬링선수권대회	1307534
유엔_한국_재건단	310523
한국중공업	786918
한국산림치유포럼	715425
유민_(북한)	758651
한국식품과학회	690972
한국유기합성학회	685640
한국인터넷신문협회	683060
한국정보올림피아드	624
2010년_한국프로야구	430644
한국민족음악가연합	679910
한국_프로_야구_경기_출장_관련_기록_-_타자	1301065
한국농수산식품유통공사	314170
부전역_(한국철도공사)	110405
한국남성협의회	975612
한국의류시험연구원	663931
한국_프로_야구_포지션_별_홈런_관련_기록	1321691
한국산수보전협회	712241
한국염색기술연구소	747691
한국사회발전문화재단	673840
한국성우협회	43655
한국서화협회	676900
한국자라생산자협회	693854
한국공공디자인학회	680113
대한국·대청국_통상_조약	307355
한국의_야생_새_목록	19003
오악_(한국)	405621
한국음악저작권대상	728513
한국프로농구_포스트시즌_1998	746623
1995년_한국프로야구_포스트시즌	477924
한국_프로_야구_100홈런_선수	1308211
한국포도협회	696327
필리핀한국국제학교	923226
한국정보통신산업연구원	654417
한국프로농구_포스트시즌_1997	745099
한국사진앨범인쇄협동조합연합회	673541
한국여성과학기술인지원센터	987900
한국청소년사랑회	679557
한국농식품미래연구원	695400
한국의_복성	224834
한국프로농구_2001-02	1166161
한국전자홀딩스	559559
한국금융사박물관	287882
한국관세사회	1128819
한국제약협회	305265
한국휴전협정	996287
원각사_(북한산성)	937494
한국해저간극	687825
한국수조양식기자재연합회	686513
한국군사문제연구원	1086339
2012년_한국프로야구_2차_드래프트	707699
한국블루베리협회	696609
한국가요강사협회	674709
1999년_한국시리즈	199385
한국의_가톨릭_성인	41869
포항공과대학교-한국과학기술원_정기전	1111055
한국여자프로농구	85131
한국천문학회	164722
한국예술고등학교	924096
한국과수협회	690985
한국문화재기능인협회	685360
선양한국국제학교	1320775
한국가속기_및_플라즈마연구협회	686336
한국은행_기준금리	887019
한국폴리텍7대학	70205
한국프로축구연맹	34702
한국인의_밥상의_방영_목록	1073610
한국_프로_야구_안타_관련_기록	476035
한국보건산업진흥원	631740
한국도심공항	81286
한국통신_(동음이의)	1105866
한국전통떡한과세계화협회	693995
한국노벨과학상수상지원본부	685980
한국문화경영연구원	674554
한국장로교출판사	111655
2005년_한국프로야구_올스타전	862114
2011년_한국바둑리그	637460
한국수산업경영인중앙연합회	696599
한국차생산자연합회	692425
세계한국말인증시험	362881
한국타이어월드와이드	1163522
한국사회서비스관리원	631763
한국마늘산업연합회	696494
한국기계연구원	112845
한국소리모음회	674896
한국게임개발자협회	675001
한국전통가공식품협회	691024
한국인공어초협회	696521
2004년_한국프로야구_신인_드래프트	289495
한국교원대학교	161140
2013년_한국바둑리그	929986
한국음식문화전략연구원	693677
한국프로농구_2010-11	545865
한국_만화	53669
한국임업진흥원	789263
한국수소_및_신에너지학회	686350
한국의_국기	400373
한국보건사회연구원	632118
한국사_(교과목)	84053
2004년_한국시리즈	189048
한국목재보존협회	714800
한국PR학회	683352
한국계육협회	690980
재래종_한국_염소	1006225
한국동물번식학회	652823
한국기자상	874230
한국법학교수회	980420
한국_무용	295160
한국장식문화예술진흥협회	677020
1992년_한국프로야구_포스트시즌	603389
북한민주화네트워크	483113
한국문학진흥재단	673846
한국의_신흥종교	596063
한국영화평론가협회상	160939
한국_프로_야구_홈런_관련_기록	484884
한국음악저작권협회	489996
한국생산성본부	632020
한국수달보호협회	685330
한국바이오마이스터고등학교	870184
한국문화콘텐츠학회	675174
한국농수산물도매시장법인협회	692251
한국외식조리전문학교	1079520
한국_프로_야구_나이_관련_기록	478440
1984년_한국시리즈	325608
한국의_근친간_호칭법	234278
한국한의학연구원	387911
2014년_한국바둑리그	1074923
한국의_역사학	790145
한국과학기술인연합	227569
한국야구위원회	620
북한강	222659
한국정보산업연합회	712676
한국의_청동기_시대	267303
한국어의_불규칙_활용	78744
한국어의_방언	71488
한국가스공사	218869
북한강_자전거길	929833
한국농촌관광경영인협회	692486
한국외식경영학회	692441
한국복음주의_신학회	482174
한국재생용기협회	681372
한국시각장애인예술협회	676952
한국소믈리에협회	693719
2004년_한국바둑리그	706651
한국프로농구_2013-14	991319
2007년_한국프로야구_포스트시즌	385208
한국장기_최고수전	236757
한국여행작가협회	681601
주례역_(한국철도공사)	137332
유엔_환경_계획_한국위원회	314536
한국조리예술세계화연구원	686443
2001년_한국시리즈	192543
한국건설기계정비협회	1249047
1989년_한국프로야구_포스트시즌	390615
한국식물병리학회	701908
한국소방안전협회	517749
한국애니메이션제작자협회	674833
두산_베어스의_한국_프로_야구상_수상자	1011834
한국가시화정보학회	685700
한국남동발전	631662
한국플라워통신배달협회	693533
한국정통장로교회	1229466
2011년_한국프로야구	557420
한국의_전통	998796
한국옥외광고협회	1240738
한국자유총연맹	10824
한국여성과학인발전연구회	685793
한국영상문화시설업중앙회	674848
한국의_경제	561164
한국에너지기술연구원	372633
한국광어양식연합회	693873
2000년_한국프로야구_신인_드래프트	291343
한국해양조사협회	651511
한국건강가정진흥원	978178
재일_한국인_목록	39524
한국전복산업연합회	696306
한국식량안보연구재단	686469
한국기행	596894
한국기행의_방송회차_목록	1156254
2009년_한국시리즈	383779
한국가공식품수출협회	691077
한국사회당_(1960년)	992700
한국과학기술기획평가원	631898
한국전자현미경학회	686338
한국PD대상	1033605
한국방문위원회	674146
한국아트플라워협회	714725
한국천연염색박물관	1193546
한국산림과학기술단체연합회	714807
1996년_한국프로야구_신인_드래프트	293575
1988년_한국프로야구	286333
한국영화_데이터베이스	136642
한국장로회신학교	980503
한국투자공사	450360
한국입자에어로졸학회	685697
한국의_사찰_목록	413962
한국콘텐츠학회	675184
한국조리기능인협회	696617
한국어의_외래어	187148
한국노동연구원	632121
한국연구재단	631683
한국감정원	540686
한국컴퓨터게임산업중앙회	675046
한국폴리텍대학	170724
한국소설문학상	1241179
한국_프로_야구_관중_관련_기록	600791
한국농촌관광학회	693660
한국채소소믈리에협회	710730
한국금융투자협회	294117
한국방송_성우극회	45997
한국참다래연합회	693552
한국물포럼	788133
한국여성단체연합	468391
한국식생활교육학회	696526
한국프로농구_2007-08	827918
한국씨티금융지주	531600
진짜_한국의_맛	1209410
한국콘협회	693565
한국기초과학지원연구원	387923
한국_프로_야구_도루_관련_기록_-_개인	1292818
한국궁중음식문화협회	692879
한국산지보전협회	717571
한국김생산어민연합회	693894
우리는_한국인입니다	397685
한국교육학술정보원	269040
2013년_한국_프로_야구_골든글러브	1025099
한국_프로_야구_출루_관련_기록	476111
한국불교종단협의회	682189
남북한동시유엔가입	962039
한국의_영화	641883
북한자료센터	664099
한국외식산업경영학회	696326
한국낙농육우협회	667948
한국마약퇴치운동본부	796827
한국화인	155965
한국기자협회	486371
2009년_한국바둑리그	706656
한국응용곤충학회	708262
한국농업경제학회	692346
한국인삼공사	486541
한국_암흑물질_탐색실험	1115631
한국압화아카데미	693573
한국영재학회	686348
한국지역정보개발원	754653
한국방송공사_월화드라마	323184
2011년_한국시리즈	691984
싱가포르한국국제학교	1320366
한국철도_900호대_증기_기관차	114195
2011년_상반기_한국_동해안_폭설	609105
한국청소년문화연구소	337882
한국펠릿연료협회	715699
한국의_국궁장_목록	917548
한국철도공사_368000호대_전동차	684985
한국폴리텍2대학	70200
한국문화예술교육진흥원	631967
한국골프대학	721909
한국계_캐나다인	221824
한국산악자전거연맹	701129
한국배연합회	696315
한국동물약품협회	691028
한국축산부산물업중앙회	691667
한국전통문화진흥원	684020
한국_백자	277330
KBS_한국어능력시험	681223
한국산업식품공학회	696301
한국도장기술인협회	685448
한국의학도서관협의회	681934
한국의_현대_문학_작가_목록	571734
한국우주소년단	685828
한국방송공사_해외걸작드라마	1014518
한국희귀의약품센터	632051
한국관상조류협회	691099
한국오페라단	679621
한국지식재산연구원	632054
목포한국병원	1208234
한국어린이안전재단	1303558
한국서비스진흥협회	1091838
한국온천협회	971393
한국게임학회	675024
재대만_한국인	226157
한국의_역사	4953
한국전통연희단체총연합회	679968
한국수영장경영자협회	682863
2007년_한국프로야구_신인_드래프트	252871
한국산악승마협회	715008
한국전통음식연구회	692247
한국산림휴양학회	714903
한국복숭아수출연합회	694046
한국기계가공학회	685655
한국인의_멕시코_이민	995642
한국생활음악협회	679985
한국전복유통협회	696499
한국고등교육재단	44970
1990년_한국프로야구_포스트시즌	425722
한국양파산업연합회	696497
한국어세계화재단	673829
한국난가공협회	696627
한국공간환경디자인학회	681493
한국민족문화대백과사전	145025
한국공연예술매니지먼트협회	677518
한국경제연구원	304022
한국중앙자원봉사센터	1068427
한국사의_신분제도	53585
한국수산경영학회	686580
한국청소년상담복지개발원	878984
한국스탠다드차타드증권	377799
한국예술문화진흥회	676831
자유북한방송	83753
한국교원단체총연합회	358579
한국고분자학회	685979
한국문화재정책학회	683359
한국해양수산개발원	632088
한국여성농업인중앙연합회	691644
한국문화정보원	1218203
한국초전도·저온공학회	686358
한국PR협회	683353
한국의_외래_귀화_성씨	616715
한국자원봉사센터협회	1068420
한국질량분석학회	685638
KBS_특별기획_한국전쟁	498569
한국전파진흥협회	722986
1997년_한국프로야구_포스트시즌	603334
한국통번역사협회	676142
한국_프로_야구_실책_관련_기록	949153
한국지역진흥재단	844340
한국농약과학회	701778
한국_신화	96713
한국문인화협회	677021
1985년_한국프로야구_신인_드래프트	296161
한국화랑협회	676838
2006년_한국바둑리그	706653
한국조명가협회	677499
2014년_한국_프로_야구_골든글러브	1192184
한국원예문화협회	693940
한국프로농구_1997	744792
한국작물보호협회	690881
한국은행	14650
한국인터넷진흥원	72287
한국식품조리과학회	692458
한국조수보호협회	685311
한국문화전략연구소문화와경제	674559
한국마필산업협회	693655
신한국당	13542
한국연예인봉사회	674841
한국과학기술원_기업인협회	685662
한국항만기술단	958022
한국외식산업경영연구원	693649
한국_전쟁	7629
2016년_한국프로야구_신인_드래프트	1300632
한국e스포츠협회	134040
한국철도공사_331000호대_전동차	293822
한국어뮤즈먼트산업협회	675040
한국전통문화대학교	275519
한국노래문화업중앙회	674711
한국생물공학회_학술지	716767
한국영화박물관	684823
한국광기술원	652811
한국창업경제연구소	435162
2012년_한국바둑리그	757894
한국경제신문	159324
한국소셜미디어기자협회	923142
한국퀼트연합	681526
한국의_사상	304148
한국형_수직발사장치	116069
한국건강관리협회	654573
한국보육진흥원	813547
북한강철교	1014143
교묘한_밤_거북한_밤	399068
1995년_한국프로야구	699851
한국비보이협회	679932
서울북한산초등학교	1251868
한국의학논문데이터베이스	716788
한국해양전략연구소	652917
한국정보과학진흥협회	685463
2012년_한국프로야구_올스타전	757721
한국자연염색공예디자인협회	681524
한국청소년정책연구원	632089
한국포도생산자협의회	692450
한국홍삼공사	941215
한국철도공사_319000호대_전동차	257864
한국ITS학회	685682
2006년_한국_프로_야구_골든글러브	95459
한국피디교육원	683288
한국물가정보배_프로기전	692944
한국어_음운론	60839
한국의_방송	766825
2013년_한국프로야구	790840
한국고미술협회	685137
한국물가협회	714217
한국정기간행물협동조합	673533
한국의_사찰_목록_(지역별)	58737
한국해운조합	911291
한국의_군정기	9217
한국GM_라보	491499
한국휴양콘도미니엄경영협회	681895
한국우주과학회	685728
쾌적한국_미수다	489136
한국의_상고시대_문화	264919
한국음악실연자연합회	675206
한국기술교육대학교	161648
한국문학상	13085
한국수산자원생태연구협회	652808
한국블로그산업협회	683066
한국체육산업개발	631980
한국임산물연료협회	711917
범일역_(한국철도공사)	164837
한국기상산업진흥원	658430
한국식품명인협회	692877
한국수상레저클럽	919990
한국이벤트연구소	674563
2014_한국주니어컬링선수권대회	1081626
한국밤재배자협회	714772
한국농촌경제연구원	632125
한국산업안전보건공단	631773
한국문화예술회관연합회	631940
한국직업능력개발원	388049
한국의_삼국_시대의_행정_구역	784199
한국영상연구소	674854
한국의_사찰_목록_(가나다순)	14720
한국어의_남북_간_차이	82215
한국지도자육성장학재단	942323
2016년_한국프로야구_포스트시즌	1200595
한국가구학회	681540
한국해양대학교	131479
한국타이어	30968
2014년_한국야구대제전	1193396
한국_전쟁_전투_서열	1080880
한국불교태고종중앙회	682191
한국의_섬_목록	2198
한국교육개발원	632124
한국철도공사	653
한국신용평가	630009
한국은행_전북본부	768455
한국조리과학고등학교	344564
2006년_한국시리즈	185296
한국중학생과학올림피아드	710014
한국자생식물보존회	714304
가곡_(한국_음악)	244714
동경한국학교	384382
한국장애인재단	487949
민주한국당	144337
한국문화커뮤니케이션연구원	675368
한국불교총화종유지재단	674231
한국계_교민	36106
한국국민당_(1981년)	144359
한국문화예술직업전문학교	930477
한국민족문화사업회	675503
한국수산회	686531
한국가스기술공사	632016
한국생활안전연합	1303411
북한강로	640976
자카르타한국국제학교	1326949
한국장기기증원	805363
한국유전학회	716499
한국음악	3838
한국식물원수목원협회	714721
1984년_한국프로야구_신인_드래프트	296422
한국문학번역원	631962
한국성경신학회	484441
한국켄트외국인학교	585180
한국방위산업진흥회	817737
한국문화예술위원회	208792
한국전_참전용사의_날	1234995
사단법인_한국동물구조관리협회	1183951
한국경마기수협회	692367
한국이론물리_및_화학연구회	685772
한국실내디자인학회	681511
한국공학상	1252548
한국의_신문	753171
한국인_영양섭취기준	1164290
한국_현대사_증언_TV_자서전	581467
2003년_한국시리즈	191319
IGFA한국위원회	686590
한국전업예술가협회	818577
한국도예고등학교	344555
북한학	604723
한국사회복지협의회	634213
한국현대문학관	674045
한국닌텐도	368661
한국농수식품무역협회	693000
좋아요!_한국	82914
한국의_고개	1000010
1991년_한국프로야구_신인_드래프트	294607
한국방사광이용자협회	685624
한국방송공사의_텔레비전_프로그램_목록	345591
한국전문신문협회	682978
한국과학문화교육단체연합	685749
한국제책공업협동조합	673543
한국대외문화협회	676009
한국하천호수학회	685619
한국외식산업연구소	795337
한국FM	90869
한국의_지명	349302
한국기계전기전자시험연구원	744729
한국토지신탁	962732
한국식품안전관리인증원	1237458
한국_프로_야구_통산_1500안타_선수	1098310
한국기술개발진흥회	685997
한국사_전	256323
한국사이버농업인연합회	692415
한국_공포_문학_단편선	117066
한국토마토수출자조회	694049
한국화훼장식기사협회	693641
한국신문방송인클럽	671952
한국프로골프협회	597623
한국저작권단체연합회	675211
한국헬스데이터그룹	1021466
한국일러스트아트학회	675044
한국잡지협회	682976
한국출판연구소	674379
한국문인협회	194773
한국산림경영복합경영인협회	714904
한국유전체학회	685684
2010년_한국시리즈	541745
한국토종닭협회	693905
한국_프로_야구_골든_글러브_수상자_(포수)	544269
한국전자부품전	236233
북한_(십국)	69184
한국한방고등학교	573072
재일본한국인연합회	123393
한국복잡계학회	1101480
한국국토정보공사	1240717
한국대학총학생회연합	382
한국농촌문제연구소	690986
한국철도공사_311000호대_전동차	116852
한국도로공사	75710
한국사회학	295719
한국여성인권진흥원	978194
한국호텔관광고등학교	930636
한국인의_밥상	582032
한국컬리너리투어리즘협회	764754
한국철도기술연구원	112844
한국관광개발연구원	681598
한국형수치예보모델개발사업단	787897
한국장애인문화협회	675285
한국온라인신문협회	683057
한국방송개발원	486478
한국종_돼지	331022
한국화원협회	691087
한국음반제작업협동조합	673491
한국기술혁신학회	686347
한국의_길과_문화	681897
한국쉘석유	695528
한국수산물유통가공협회	686530
한국GAP협회	693952
1985년_한국프로야구	283048
한국석유공사_신사옥	1290152
2008년_한국프로야구_포스트시즌	254117
한국조류보호협회	685314
런던_한국전_참전기념비	1210063
한국퇴비농업기술인협회	691657
한국방송기자대상	1252082
한국서예협회	676843
한국_프로_야구_투구_이닝_관련_기록	589483
대동문_(북한산성)	937427
한국동물복지협회	692439
한국민족종교협의회	682216
터키군_한국전쟁_참전_기념비	79412
2010년_한국바둑리그	706657
한국인삼생산자협의회	693600
한국경영정보화진흥원	668166
한국옻칠문화연구원	684024
한국전원생활협회	693482
한국과학기술출판협회	685714
한국종자협회	690977
한국의_고고학적_시대분류	396416
한국골프장경영협회	682859
한국민속촌	99627
사상역_(한국철도공사)	103478
2009년_한국프로야구_올스타전	294500
한국의_인형극	304722
한국환상곡	6013
한국뮤직비디오협회	674820
한국주택협회	1055471
한국언론재단	75948
한국해양구조협회	917956
한국기독교박물관	453870
한국호텔경영학회	681893
한국싸움소유전자협회	764758
한국로봇융합연구원	963125
한국실크연구원	654212
한국교통방송	79172
한국외국인관광시설협회	681908
한국지역자활센터협회	345900
한국연예매니지먼트협회	674839
한국화학관련학회연합회	685960
한국_정교회의_성인_달력	86344
한국_프로_야구_관련_기록	774053
한국불교태고종	9726
한국폴리텍대학_안성캠퍼스	7499
한국데이터베이스진흥원	675159
한국프로야구선수협회	292785
한국화장품_야구단	1316091
한국의_축제	44727
한국정보문화진흥원	1068132
한국영화기술단체협의회	674859
한국의_왕자와_공주_목록	337431
한국임업기계화협회	712734
한국과학기술인연합미래와정책포럼	685737
한국미술협회	213173
한국로봇산업진흥원	634115
1986년_한국프로야구	285292
한국정보관리협회	1066552
한국환경공단	623938
한국임학회	708288
재일_한국인	33047
한국의_무용_음악	485346
한국어린이문화예술원	676826
한국_프로_야구_타수_관련_기록	487480
한국정보공학	1162203
한국국제교류재단	631904
한국신문협회	194163
한국논단	201407
한국스페셜티커피협회	696346
한국당근	1222686
한국기술사회	1236744
한국아까시나무연구회	712109
한국_프로_야구_타율_관련_기록	770574
한국기독교연합사업유지재단	674237
한국원자력안전기술원	613954
한국내셔널트러스트	495095
한국체육대학교	161146
한국청소년활동진흥원	534466
한국의_설화	682672
한국독립운동지혈사	243799
한국예술경영학회	677019
한국여성수리과학회	685761
한국교통대학교	705411
한국농업경영포럼	693428
한국계란유통협회	692893
한국전문도서관협의회	681935
한국관광학회	681599
한국인터넷협회	1246998
한국농림수산방송	420390
1993년_한국시리즈	329865
한국종자연구회	693487
한국기조연맹	696545
한국문화예술교류협회	676151
한국삽살개보존회	685301
한국만화출판협회	675032
한국제분협회	690733
한국철도공사_8200호대_전기_기관차	100061
한국성서대학교	322316
한국_근대의_교육	351085
경주_한국수력원자력_축구단	115686
한국통일진흥원	1122026
2001년_한국프로야구_신인_드래프트	289370
북한산	96053
1998년_한국시리즈	207575
2013년_한국프로야구_포스트시즌	979275
한국인삼협회	1224015
한국여성재단	747363
한국간연구재단	685820
한국문화산업마케팅진흥협회	674556
한국영어조합법인중앙회	686597
한국옐로우페이지	1119455
한국예술문화단체총연합회	98724
한국수산벤처대학	800248
오륜대_한국순교자박물관	1096398
한국낚시어선업협회	686568
한국농업시설협회	691090
한국의료관광협회	681910
한국음반제작자협회	674880
한국도서관협회	681928
한국_프로_야구_수위_타자	179726
남장대_(북한산성)	937455
LST-678_북한함	224348
한국양묘협회	711795
2013년_한국여자야구대회	1186423
한국영상산업협회	674852
한국전통무형문화재진흥재단	674392
한국과학기술단체총연합회	685939
한국토속문화진흥협회	675988
한국한자어사전	279532
1992년_한국시리즈	329975
한국교통연구원	632122
한국지형공간정보학회	685928
한국가구박물관	301696
한국고속철도	13080
한국종합유원시설협회	681613
한국_모터_챔피언십	46030
한국호텔관광전문학교	1039946
한국볼링경영자협회	682869
한국기독교청년회전국연맹유지재단	674239
한국방송영화공연예술인노동조합	532385
국권침탈_100년_특별기획_한국과_일본	526154
한국농림수산정보센터	516055
한국합판_축구단	731764
한국게임문화재단	673332
한국방송공사_수목드라마	323225
한국현대문화미술협회	676962
한국산업기술진흥협회	998961
한국행정연구원	208459
한국축산경제연구원	693453
한국교통장애인협회	709678
2015년_한국프로야구_신인_드래프트	1101474
한국진도개혈통보존협회	685299
한국방위사업연구원	919982
한국해양과학기술원	768028
한국어_운동의_역사	261146
한국서가협회	676844
한국해삼협회	693733
한국여자농구연맹	63369
한국청소년전자과학로봇교육협회	685687
한국생산기술연구원	385797
한국제유공업협동조합	686387
한국원자력문화재단	634024
1986년_한국프로야구_신인_드래프트	295982
한국문화협회	673828
한국_프로_야구_최다_탈삼진	1104636
좌천역_(한국철도공사)	164819
한국예술교육학회	676168
한국GM	30777
한국전_참전_용사_기념비	909504
한국목조건축연구포럼	685340
한국민족예술인총연합	307628
한국참언론인대상	1277552
한국지역대학연합	441826
한국영상대학교	6832
한국_프로_야구_개인_통산_최다_홈런	771350
한국시설안전공단	540697
한국농민발명협회	691089
한국잔디협회	715595
한국과학원	538583
한국의_좌익_독립운동_단체	935699
한국의_국수	150392
한국음식관광연구원	681909
한국전분공업협동조합	686381
한국고추가공협회	693870
한국시나리오작가협회	674822
한국과학영화협회	685835
한국갤럽	732843
한국농어촌여성문학회	693473
2001년_한국_프로_야구_포스트시즌	1302954
한국축산경영학회	693670
한국치즈과학고등학교	872206
한국_재발견	755597
한국어의_호칭_문제	570837
한국생물올림피아드	367687
한국건설기술연구원	634058
한국무역협회	670120
한국문화공간건축학회	675261
한국종축개량협회	690862
한국공간정보산업협회	1055300
한국토요타자동차	423756
1982년_한국프로야구	277450
한국어글꼴비교	1325690
한국의_산맥	2195
한국학교	150053
한국체육박물관	681995
한국교육삼락회총연합회	978570
한국재료학회	685913
한국고고환경연구소	674419
기독교한국침례회	430815
한국축산환경시설기계협회	692447
한국산림유전생리학회	717567
한국사회적기업진흥원	634248
한국묘목협동조합	686388
한국항공우주산업	43477
한국단자	1163756
재일한국민주통일연합	68546
한국대기환경학회	685888
한국한지공예협회	675592
한국식품연구소	1228914
한국_프로_야구_2000안타_선수	1313966
한국당과학회	685818
한국기술경영연구원	685668
2012년_한국프로야구_신인_드래프트	678565
한국참다래유통사업단	219641
한국산림사업법인협회	715237
한국인삼산업전략화협의회	692418
한국자연농업협회	691069
한국교원대학교_교육평가원	1005739
한국복음주의신학회	482158
한국휴렛패커드	30988
한국사회여론연구소	788766
한국폴리텍VII대학_동부산캠퍼스	627916
한국_프로_야구_타석_관련_기록	487479
2010-2012_한국방문의해	972864
한국벤처투자	632071
1988년_한국시리즈	329559
한국교원대학교_부설고등학교	190226
한국천문우주과학관협회	685423
한국쌀가공식품협회	690949
한국어의_문장_성분	146234
한국산업은행	166951
한국공간디자인단체총연합회	680183
한국진주양식협회	686567
한국축산식품학회	693666
한국복사전송권협회	675204
한국굴가공협회	686569
한국외식산업협회	693713
2011년_한국프로야구_포스트시즌	692142
1993년_한국프로야구	699845
한국식품위생검사기관협회	979205
한국만화애니메이션학회	675030
한국해양과학기술진흥원	632848
한국프로야구_신인_드래프트	176362
한국지구물리·물리탐사학회	685695
기독교한국루터회	214044
한국소비자생활협동조합연합회	1059420
한국디지털컨텐츠학회	675168
한국식문화교육협회	770632
한국경주마생산자협회	691093
한국농촌발전연구원	693903
한국문화콘텐츠기술학회	675173
한국간호평가원	723658
한국프로농구_2014-15	1099386
한국어업포럼	694050
KIA_타이거즈의_한국_프로_야구상_수상자	1053337
한국원자력의학원	631899
한국폴리텍III대학_춘천캠퍼스	664981
한국ABC협회	682980
가야역_(한국철도공사)	137548
한국정책홍보진흥회	683356
백촌한국학연구원	675463
한국화학연구원	372626
한국동산문화재진흥원	685140
한국계_미국인	32713
한국관상어협회	693851
한국만화영상진흥원	673327
한국문화미래산업진흥원	674564
한국관광고등학교	513638
한국산악마라톤연맹	715707
남조선대한국민대표민주의원	500389
화명역_(한국철도공사)	137333
한국_한자음	165171
한국의_취락	529832
한국지방재정공제회	654466
2014년_한국여자야구대회	1186424
한국미술박물관	198548
한국화학회관	685763
한국_프로_야구_골든_글러브_수상자_(3루수)	154006
한국관광호텔&리조트경영인협회	681609
한국_프로_야구_감독_관련_기록	597407
한국농업문제연구소	693466
한국폐기물학회	685786
한국소리문화의전당	124813
한국공예디자인문화진흥원	631992
한국한성화교중고등학교	1056995
한국일반여행업협회	681914
한국서화작가협회	676903
한국교원대학교_총장_목록	898838
한국농촌건축학회	693462
한국정	126909
한국곤충학회	685757
한국환경과학회	685653
한국전통예술발전협의회	679978
한국경제TV	640122
한국리눅스센터	122802
한국미래연합	384419
한국위험통제학회	685675
한국전통조경학회	685368
한국농림기상학회	691672
한국오이생산자협의회	693653
소도_(한국사)	163697
한국과학기술캠프협회	685398
한국데이터베이스마케팅협회	675158
한국비림원	675496
한국호텔관광학회	681894
한국민주당	40781
한국항공우주학회	685937
한국고택문화재소유자협의회	685379
한국음악산업진흥재단	673561
한국식_타코	762047
자유북한운동연합	1221415
한국관광농원협회	691064
2002년_한국프로야구	298513
한국복지사이버대학	1119315
카슈가르_한국	235847
북장대_(북한산성)	937457
한국실업야구연맹	695373
한국여자프로골프협회	597654
한국가정법률상담소	762569
여류기성전_(한국)	1081211
한국엔터테인먼트산업연구원	674562
한국산업단지공단	631728
한국육종학회	701934
한국신발피혁연구원	996134
한국육류유통수출입협회	691059
한국등산연합회	715067
한국골프연습장협회	682871
한국왕실정부대표이등박문조례단	193487
한국커피전문가협회	652821
한국알루미나	976117
한국복지대학교	1093559
한국철도공사_8100호대_전기_기관차	107749
한국어선통신사협회	686582
북한지	912035
한국의_재통일	57246
추락하는_한국교회	189670
천진한국국제학교	1320776
한국수목보호기술자협회	715697
KAIST_부설_한국과학영재학교	32155
한국프로야구_팀_로스터	706128
한국컨테이너부두공단	226259
1997년_한국시리즈	208735
한국디지털콘텐츠제작자협회	675171
한국김산업연합회	696309
한국_프로_야구_나이_관련_기록_(타자)	984756
한국_프로_야구_나이_관련_기록_(투수)	984754
한국프로낚시연맹	684887
한국화	618798
한국_프로_야구_홈런_관련_기록_-_팀	1298129
한국_프로_야구_몸에_맞는_공_관련_기록	938367
스포츠한국	269672
한국의_연호	325750
한국BBB운동	681919
한국합창총연합회	679915
한국_천주교_주교회의	341749
한국철도공사_3000호대_전동차	117675
한국애견협회	692381
한국기상학회	716430
한국종교지도자협의회	682187
한국계_오스트레일리아인	119744
북한_국제_문서_프로젝트	540873
한국말산업고등학교	980973
한국자연사연구협회	685399
한국임산탄화물협회	714305
한국화훼협회	690877
칭다오청운한국학교	1326944
한국의_상고시대_시가	264838
한국공간디자인협회	680185
1998년_한국프로야구_포스트시즌	603197
한국정보통신기술협회	411716
노르망디의_한국인	512949
한국연극치료협회	676166
한국연예제작자협회	674843
한국문화원	1012224
한국수산무역협회	683365
한국수산해양교육학회	701790
한국항공우주연구원	74359
한국이소룡기념사업회	658925
한국작가회의	173535
한국여우	324015
한국문화원연합회	673493
한국연극협회	615583
한국출판학회	683293
2014년_한국프로야구	885918
한국꽃누르미협회	714723
한국교회복지사회	1179585
한국산림기술인협회	714648
한국문화박물관	823171
한국_프로_야구_경기_출장_관련_기록_-_투수	1301062
한국펫사료협회	769896
한국음식문화중앙회	696551
한국철도공사_351000호대_전동차	706122
21세기_한국대학생연합	650116
한국수맥협회	685676
1983년_한국프로야구_신인_드래프트	296502
한국영화아카데미발전기금	673556
한국의_민속놀이	9778
국제서법예술연합한국본부	676832
한국_프로_야구_최다_홈런_타자	1298137
한국뚱딴지협회	696541
한국동물용의약품판매협회	692252
열린북한방송	96921
한국아스파라거스생산자협회	693672
근대_한국어	132854
한국의_역사에_대한_오해_목록	127267
한국무역보험공사	631669
한국내수면양식단체연합회	693864
한국산업은행_축구단	727529
한국폴리텍6대학	70204
북한산_구기동_마애여래좌상	301676
한국프로농구_1998-99	746393
한국광고자율심의기구	683078
한국공연기획제작가협회	677497
한국첨단농업시설협의회	691082
한국기독교100주년기념외국인학교	1066756
하노이한국국제학교	1326947
한국의_잡지	753185
한국어_기원의_영어_단어	180226
산요세일즈앤마케팅한국	580775
한국스키장경영협회	682867
한국어_사전	56803
한국보건의료연구원	722713
한국농산물중도매인조합연합회	691007
한국어_워드_프로세서	56251
대한국민의회	51471
한국한지문화산업발전연합회	675980
한국목구조기술인협회	714649
한국주택금융공사	631677
한국광해관리공단	466762
한국대지	687827
한국의_해안	563782
한국산림경제학회	715080
한국형_구축함	430067
한국유기비료공업협동조합	686376
한국국제농업개발학회	701911
한국생사수출입조합	691670
한국국제보건의료재단	634193
한국항만연수원	654428
한국의_독립운동	246694
2015년_한국시리즈	1183427
한국장황연구회	685251
한국낙화생가공업협동조합	686374
은둔의_나라_한국	600914
한국폴리텍대학_바이오캠퍼스	168669
한국의_야구	61117
한국영화조명감독협회	674869
한국난과식물육종가협회	709668
2004년_한국프로야구_올스타전	862815
한국자동차산업협회	97624
한국잠종협회	690806
한국꽃예술학회	675553
한국_장애인_인권상	1253385
한국원	150111
한국자연보호학회	685837
한국산양보호협회	685296
한국국방연구원	631934
한국항만협회	663921
한국서비스품질지수	231135
대한국_국제	277676
한국특수가축협회	692393
한국진공학회	685926
1994년_한국프로야구	699848
한국대중음악연구소	674798
한국기록원	414778
서울_남대문로_한국전력공사_사옥	732051
한국광고주협회	683076
한국_프로_야구_실점_관련_기록	818023
한국동물분류학회	609924
한국방정환재단	732842
1987년_한국프로야구	285965
한국스마트그리드사업단	968943
한국산지환경조사연구회	712243
한국산악회	861884
한국파프리카생산자자조회	692259
한국엔지니어클럽	685664
한국전기연구원	321049
1994년_한국시리즈	212640
한국과학상	1252607
한국엔지니어링진흥협회	998999
한국여성건축가협회	680108
한국난재배자협회	692427
한국의_궁중무용	315499
한국_문학	8818
한국이산화탄소포집및저장협회	1248968
사단법인_한국캠핑협회	1160671
한국승강기안전관리원	474272
한국예술종합학교	90246
한국균학회	685988
한국전통주연구소	693539
한국은행_강남본부	768444
한국장애인개발원	634181
한국드라마제작사협회	683071
한국자기공명학회	685635
러시아계_한국인	989205
한국광고홍보학회	683283
국제펜클럽한국본부	677017
한국의_산	2193
북한대학원대학교	724226
한국해양수산신지식인중앙연합회	686612
한국숲해설가협회	714646
한국막학회	685897
한국선원복지고용센터	828364
호주_국립_전쟁기념관_한국전_참전비	977728
한국세무사회	1125960
한국페스티발앙상블	679583
한국_프로_야구_개인_통산_최다_탈삼진	937106
한국여성의전화	201082
대구_한국파워트레인_축구단	115992
에티오피아_한국전_참전_기념관	909505
한국메추리협회	692403
한국방송광고진흥공사	71561
고대_한국어	39350
한국글로벌중학교	1155091
한국제_한자어	289989
한국산림복지문화재단	1009070
한국공동체문화연구소	675998
한국식품영양재단	686458
한국양봉협회	690902
인보천_(한국)	768719
한국방송공사_1TV_일일연속극	322896
한국형_경헬기_사업	655908
한국근현대사	133240
재독_한국인	1052482
한국인터넷디지털엔터테인먼트협회	1125949
한국_인터넷_역사_프로젝트	1244029
2008년_한국프로야구	182562
한국문화의집협회	676164
서부_전선_(한국_전쟁)	788764
한국영화기획프로듀서협회	674860
한국수산기술경영인연구원	686586
한국잡월드	797247
한국애니메이션예술인협회	674826
한국큐빅	1149119
2008년_한국시리즈	253474
한국기계기술학회	686357
한국남성학연구회	993571
한국해양재단	846916
한국궁중복식연구원	675982
한국발레협회	615585
한국경영과학회	685992
한국사진작가협회	615579
국제아동청소년연극협회_한국본부	679596
한국_전쟁_당시의_미국_8_군의_전투_서열	46058
한국정보통신	1177507
수영역_(한국철도공사)	94750
한국방사선안전재단	1237618
희망의_한국신당	993064
한국복합재료학회	685696
한국서원연합회	682616
한국	280
한국언어재활사협회	1025080
한국식생활개발연구회	690861
한국친환경농자재협회	693986
거제역_(한국철도공사)	82575
한국철도공사_210000호대_간선_전기_동차	1098455
한국와이어스	754334
북한산성산영루지	828216
한국서점조합연합회	683291
한국화훼산업육성협회	693847
한국국제대학교	462929
한국_아동_인성_평정척도	255326
한국줄기세포학회	1233963
한국델픽위원회	679917
한국의학교육학회	716501
1992년_한국프로야구	699843
한국국민당_(1935년)	185007
한국GM_다마스	234824
북한이탈주민정착지원사무소	644507
한국생분해어망협회	696498
한국암연구재단	685822
한국산업표준	73229
한국허브협회	696540
한국고고미술연구소	675235
한국청각장애인예술협회	677053
한국고등어협회	696320
한국기원	126395
한국추사체연구회	675453
한국백합생산자중앙연합회	694174
방콕한국국제학교	1326950
2010년_한국프로야구_포스트시즌	541742
한국방송공사_아침드라마	322881
2013년_한국프로야구_신인_드래프트	831829
한국식품산업협회	976112
한국고구마산업중앙연합회	652799
한국산업기술시험원	631708
한국공연예술센터	634036
한자의_한국_전래	264860
한국레저낚시방송	363249
한국게임운영자협회	675022
한국옻나무협회	714802
한국유가공협회	690971
한국광물자원공사	232059
한국의_유교	263178
2006년_한국프로야구_포스트시즌	385218
한국_프로_야구_골든_글러브_수상자_(외야수)	156993
한국문화관광연구원	631965
한국어_문법	575056
한국태양유전	231137
한국뮤지컬대상	466062
한국기독학생회총연맹	1021238
한국차박물관	1155995
한국소비자연맹	926732
1998년_한국프로야구_신인_드래프트	291845
한국세포주연구재단	685819
한국사유림발전연구회	714901
사하·한국학교	1319249
한국_프로_야구_투수_승패_관련_기록	516270
한국어의_계통	606363
한국대학산악연맹	715705
한국_중부	471955
한국의_자수	642823
한국유기농시민연대	693494
한국철도_100주년_기념_스탬프	124722
한국스페셜올림픽위원회	682946
한국장로교_신학회	1192413
한국엔터테인먼트법학회	675189
재중_한국인	39026
한국어의_고유어	180307
한국패션산업연구원	669719
한국_프로_야구_삼진_관련_기록	477921
한국예술원	521647
한국우주전파관측망	338554
한국공예디자인협회	681518
한국방송공사_TV_소설	322888
한국친환경농산물가공생산자협회	693959
한국화학융합시험연구원	765687
한국은행_화폐박물관	301714
한국다슬기양식유통생산자협회	696539
한국기독교총연합회	73620
한국캠핑캐라배닝연맹	681620
한국결정성장학회	685750
한국_전쟁_포로_교환_문제	394147
2005년_한국바둑리그	706652
한국대학신문	669721
한국대중음악애호가협회	674797
한국승강기안전기술원	518812
한국문화콘텐츠고등학교	877310
한국캠핑협회	1156370
한국유지가공협회	1224048
2003년_한국프로야구	493503
한국장로교총연합회	1001857
한국음식문화재단	686433
한국중요무형문화재_기능보존협회	684022
한국개혁신학회	482163
한국법문화진흥센터	693559
한국수산물용기협회	686584
한국여성민우회	385793
한국프로젝트경영협회	685712
한국은행_광주전남본부	659700
한국콩가공식품협회	691060
유엔_식량_농업_기구_한국협회	690735
한국공인중개사협회	994713
한국의_행정_구역	4057
2012년_한국프로야구_포스트시즌	849752
부산진역_(한국철도공사)	75935
한국장애인고용공단	631774
한국육묘산업연합회	693420
한국열처리공학회	685889
한국승마TV	693693
2000년_한국시리즈	194472
한국모델협회	674819
김한국	861989
한국의_고대_인명	483330
한국문화콘텐츠라이센싱협회	675034
한국형사정책연구원	632080
한국전통한복문화원	675588
한국지역난방기술	998881
한국국제협력단	272358
한국의_사찰	58736
한국은행_부산본부	868631
한국노인인력개발원	631762
한국조세연구원	483297
한국의_국가	99933
동래역_(한국철도공사)	89551
한국농식품정보과학회	693871
한국전통문화학교발전기금	674546
한국복식학회	675419
2008년_한국바둑리그	706655
한국전복협회	693989
한국기업데이터	632043
한국사회복지공제회	860114
한국IBM	30947
한국합판보드협회	711797
한국식량문제연구원	693715
한국전력공사	62822
한국미역가공협회	686610
한국역사문화연구원	675546
한국우진학교	553967
재미_한국인	32711
한국의_종교	263941
한국낚시업중앙회	686559
한국특허정보원	372705
여류명인전_(한국)	1071952
한국건설생활환경시험연구원	654579
두산_베어스_역대_한국시리즈_선수_명단	832258
1984년_한국프로야구	279394
유네스코_한국위원회	1236675
2013년_한국철도공사_노조_파업	1028116
한국음향학회	685953
한국식육처리기능사협회	692227
한국_프로_야구_경기_출장_관련_기록	475180
한국원예학회	692239
2003년_한국프로야구_신인_드래프트	289808
한국도박문제관리센터	1237450
옹진_대청도_동백나무_자생북한지	28928
한국자기학회	685931
북한산성_금위영_이건기비	966318
한국국산콩생산자연합회	652801
한국벤처농업포럼	692421
북한이탈주민	44366
한국전통문화재단	674543
한국응용생명화학회	691656
한국미래농업연구회	693553
2014년_한국시리즈	1170538
한국낚시연합	686536
한국곡물음료재가공업협동조합	686375
한국_프로_야구_개인_통산_최다_안타	1059770
한국문화비전	675375
한국애니메이션학회	674835
한국가요작가협회	674710
한국조명디자이너협회	680182
한국민속학술단체연합회	675992
2014년_한국방송공사_노조_파업	1102440
한국프로농구_1999-2000	891246
올림픽_한국_선수단	504209
한국공룡협회	675442
한국전산구조공학회	685910
한국생태관광협회	681923
한국증권거래소	102370
한국문화정보센터	673552
1988년_한국프로야구_포스트시즌	387647
한국주류산업협회	1237336
한국방송기술인연합회	649526
한국문화재조사연구기관협회	685109
한국향토음식진흥원	713869
한국색채디자인학회	680112
한국양돈연구회	691067
한국문화산업교류재단	673553
한국물가정보	1326786
한국기독교교회협의회	73859
재미한국어	108498
한국종합기술금융	1228862
한국토봉협회	693839
한국감정평가협회	994709
한국저축은행	167498
한국과학기술융합협회	1051907
한국노년문화교육협회	676030
한국근대건축보존회	685377
구포역_(한국철도공사)	94185
한국여가문화학회	675297
한국산림과학고등학교	767942
한국오츠카제약	1246586
호치민시한국국제학교	1326042
한국전력기술	317011
한국독립당	185018
한국_전쟁의_임시_수도	809366
한국토목섬유학회	685711
고양_북한산_서암사지	937468
대한국악원	571693
한국영화인복지재단	673560
한국방송공사_주말_특별기획_드라마	385191
1986년_한국시리즈	299129
한국취업능력개발협회	919986
한국의_호수	66311
한국현대무용진흥회	677501
한국어의_한자	70090
새한국당	225233
해운대역_(한국철도공사)	97446
한국정교회유지재단	1082750
한국의_민요	269633
한국색채문화재단	674138
한국농산물냉장협회	691053
한국고추산업연합회	696493
한국산업기술평가원	681356
한국기초조형학회	677001
한국탐험협회	681918
한국_중세의_교육	830387
한국쌀산업협회	696319
한국니트산업연구원	751738
1983년_한국프로야구	278739
한국농촌연구원	686463
한국_불교의_역사	263952
한국교원대학교_교육연구원	898832
한국염색가공학회	686359
한국철도공사_7500호대_디젤_기관차	180230
한국인삼연합회	696317
한국수산자원관리공단	600358
2002년_한국프로야구_신인_드래프트	279197
한국프로야구_승부조작_사건	747373
프랑스군_한국전쟁_참전_기념비	63525
한국정보과학회	186351
삼성_라이온즈의_한국_프로_야구상_수상자	1013169
한국방송공사_2TV_일일연속극	322910
한국항공진흥협회	807354
한국정책과학학회	685798
한국의_신석기_시대	107550
한국미디어컨버전스협회	683064
한국청소년공연예술진흥회	677503
1997년_한국프로야구_신인_드래프트	292588
한국불교선농회	691130
1995년_한국프로야구_신인_드래프트	294150
한국방재협회	722992
사라_(한국)	681506
한국식품콜드체인협회	693651
한국_천주교_사목_지침서	927528
한국서도협회	677013
한국_북부	471956
한국의_통일_방안	132857
한국삼육고등학교	161702
한국주택은행_축구단	727527
한국종합화학공업	680170
한국농어촌정책연구소	690991
한국정보처리학회	476750
한국저작인격권협회	675191
한국간행물윤리위원회	469996
한국석유공사	541979
수원_한국전력_빅스톰	135856
2006년_한국프로야구_신인_드래프트	243505
한국축산물처리협회	691030
한국대중문화예술진흥회	679789
한국문화예술위원회_예술자료원	1270882
한국유해조류연구회	693683
한국폴리텍대학_섬유패션캠퍼스	7478
한국_미술사	1162036
한국인터넷PC문화협회	675041
한국_프로_야구_병살타_관련_기록	537695
한국기독교장로회	76472
한국표준과학연구원	327827
대한국민항공	761738
한국산악문화협회	714906
한국천주교중앙협의회	682212
한국문화예술위원회뉴서울컨트리클럽	631977
한국한성화교소학교	287841
한국대중음악_100대_명반	485839
한국교원대학교_종합교육연수원	898831
한국전통가요진흥협회	674894
한국대중음악상	62985
한국애견연맹	690901
한국콘텐츠공제조합	1018763
한국농업기계학회	693659
한국_프로_야구_최다_승리	1104649
한국만화박물관	1208108
한국이민사박물관	1155795
한국의_아동극	634697
한국백혈병어린이재단	892365
한국영화학회	674878
한국형_표준전동차	131528
한국청소년방송	851396
한국과수종묘협회	690989
한국농촌사회학회	693643
한국대용유사료협회	690990
한국화장실협회	752167
한국공정거래조정원	651530
한국식공간학회	694170
한국문학세상	677027
한국영화아카데미	743022
한국_고대의_교육	349798
한화_이글스의_한국_프로_야구상_수상자	1020443
한국이미지정책포럼	683354
한국의_삼국시대_시가	290443
용인한국외국어대학교_부설고등학교	53444
한국단미사료협회	690973
심천한국국제학교	1319238
한국홍가슴개미	307285
한국벤처농업대학	850159
한국형_공격헬기_사업	349769
한국산악자전거협회	701346
한국목조건축협회	712248
한국의_지붕	235707
한국정서행동장애아교육학회	254290
한국칼빈학회	482208
한국폴리텍VII대학_부산캠퍼스	627915
한국과세계문화교류협회	676147
한국디지털병원수출조합	974527
한국디지털영상작가협회	674806
한국경마전문지협회	693977
한국오토캠핑연맹	681611
한국건강증진재단	796320
한국프로농구_2011-12	653978
한국중부발전	631660
한국프로야구_역대_개막전_시구자	982991
한국부산물비료협회	692374
2007년_한국_프로_야구_골든글러브	151343
한국부식학회	685951
한국_우주인_배출_사업	197396
2012년_한국여자야구대회	951979
한국여성정치연맹	1227878
한국_음악_산업_협회	299939
한국게임벤처모임	675006
2011년_한국프로야구_올스타전	593433
2005년_한국시리즈	188194
한국마사회	65708
한국주조공학회	686332
한국현대중국연구회	676010
한국지역사회교육협의회	1009285
한국의_평야	61919
한국펄벅재단	709569
한국바이오안전성정보센터	751842
한국문화재단	674115
한국자연환경연구소	681022
한국온실작물연구소	691091
한국도예협회	681531
2011년_한국_프로_야구_골든글러브	720973
한국문화복지협의회	675246
한국예술인복지재단	960236
한국채석협회	712111
한국어린이도서관협회	681937
한국_무인_달착륙선	881926
한국진도개관리협회	693697
한국의_연극	519894
북한,_사이드스토리	927881
넥센_히어로즈의_한국_프로_야구상_수상자	1008912
한국GM_알페온	535521
한국의_동굴	2196
한국공인회계사회	1068264
한국와인생산협회	693909
한국은행_총재	568095
한국초전도학회	686340
한국철도공사_7000호대_디젤_기관차	128464
한국마을연구소	696528
한국프로농구_1997-98	745976
한국프로농구_2000-01	908806
한국건설기술인협회	907864
한국목재칩연합회	711925
한국소프트웨어저작권협회	675197
한국조폐공사_화폐박물관	697572
한국뿌리문화보존회	675995
유니카한국영상예술협회	674702
한국미술창작협회	677076
한국건설품질기술사회	685644
한국공공디자인협회	680189
한국농구연맹	85128
한국전자출판협회	683296
한국국제기계박람회	701033
한국양파생산자협의회	692485
한국임업후계자협회	712247
한국음반소매상협회	674879
한국선진학교	553971
한국고서협회	685287
한국천문올림피아드	710025
한국삼육학교	304983
한국교육방송공사에_대한_비판	517869
한국_실업_야구	892443
한국프로사진협회	676685
한국전광방송협회	683077
1999년_한국프로야구	699860
한국푸드코디네이터협회	693913
한국농수산식품유통사업단	694014
한국_프로_야구_볼넷_관련_기록	773522
한국영화제작가협회상	1226807
한국숲	991633
한국영상미디어협회	674851
한국방송통신아동콘텐츠협회	962127
한국어	2386
1989년_한국시리즈	329584
한국전통예악총연합회	679992
한국전통음식관광협회	681915
한국_프로_야구_도루_관련_기록_-_팀	1292816
한국산업기술진흥원	631725
한국구화학교	553970
한국아쿠아포럼	693993
한국철도공사_4400호대_디젤_기관차	107067
한국형_미사일_방어체제	629620
한국설비보전공학회	685999
재일_한국어	35795
한국조형예술고등학교	870548
한국보건복지인력개발원	634130
한국PR기업협회	683355
2014년_추계_한국여자축구연맹전	1238654
한국경마축산고등학교	872221
한국철도공사_9100호대_디젤_기관차	564137
한국쌀연구회	691645
한국패션문화협회	674882
한국성곽학회	685187
한국새순협회	693982
한국신지식농업인회	692379
한국음악협회	615572
한국인정지원센터	1240810
한국문화인류학회	675304
한국새우란협회	715002
한국_프로_야구_골든_글러브_수상자_(2루수)	235673
한국정보통신대학교	2366
한국산림경영인협회	711916
한국미용박물관	660709
한국불교인권상	1253493
한국방송공사_주말연속극	323042
동장대_(북한산성)	937453
한국계면공학연구소	685745
홍콩한국국제학교	1319243
한국기독학생회	391400
한국마늘가공협회	692362
한국여자야구대회	819740
한국조리사관학교	1093813
한국생활정보신문협회	682973
한국의_지방_구분	97567
한국수산과학총연합회	693689
한국예술종합학교_발전기금	674069
한국교육방송공사의_텔레비전_프로그램_목록	673059
한국인터넷자율정책기구	347064
한국추진공학회	686341
한국저작권법학회	675190
후사인_(차가타이_한국)	204976
한국철도공사_1000호대_전동차	117053
한국관광호텔업협회	681610
한국현대시인협회	677033
한국어족	108491
한국영화인협회	200813
한국물탐사능력개발협회	693998
한국희귀·난치성질환연합회	767129
한국뇌연구원	958274
한국철도대학	7861
한국과_관련_있는_소행성_목록	6132
한국민속소싸움협회	694017
한국폴리텍다솜학교	990148
한국싱싱회가공업협회	686571
한국기독교장로회총회유지재단	674244
한국의_성씨와_이름	3966
한국공학한림원	689051
1993년_한국프로야구_신인_드래프트	294475
한국음향예술인협회	674812
한국인터넷미디어협회	683061
한국후지쯔	154392
한국딸기생산자대표조직	693550
한국보건의료인국가시험원	634134
한국시네마테크협의회	674824
한국범종학회	685285
2014_KB금융_한국컬링선수권대회	1079598
한국라인댄스협회	679941
함평_기각리_붉가시나무_자생북한지	28949
2006년_한국프로야구_올스타전	787798
한국의_노동운동	793968
한국외식산업학회	693447
한국과학기술총연합회	297416
한국문명교류연구소	675377
한국의_명절	2202
미국_중앙정보국_한국지부	957109
한국HP	583794
한국농공학회	690860
한국내륙말생산자협회	692371
한국단감연합회	694172
한국방송공사_시트콤	605331
한국문화유산교육연구원	683360
한국지역문화연구소	693642
1989년_한국프로야구	287310
유니세프_국제어린이음악제_한국예선	1142197
한국에스페란토협회	676008
한국조명연구원	654480
한국인터넷콘텐츠협회	675178
한국인유전체역학조사사업	691456
한국통합물류협회	752144
한국관광대학교	7856
한국_불교의_종파	614336
한국여자축구연맹	119717
한국_전통_악기	591116
한국정보기술연구원	662484
한국분석과학회	685765
한국방송실연자협회	675203
한국해양공학회	685660
한국광고업협회	683073
한국_프로_야구_타점_관련_기록	477111
북한한류	269947
한국산림정책연구회	711814
한국전자전	252389
한국정신대문제대책협의회	722607
한국홍보포럼	683357
한국산림토석협회	984317
한국문화재보호재단	569456
한국자조금연구원	692890
한국_프로_야구_안타_관련_기록_-_팀	948434
한국프로농구_2012-13	773639
한국_축구_국가대표팀	459210
한국주택은행	329157
한국수입업협회	998998
한국소프트웨어감정평가학회	675198
한국가스안전공사	294479
한국곡예협회	677493
한국여성문화예술인총연합	677083
한국정신과학연구소	686346
한국문화산업포럼	674557
한국의_설날	176741
한국출판문화산업진흥원	791938
한국조명전기설비학회	685920
한국의_과학기술	638312
한국등산·트레킹지원센터	717572
2009년_한국_프로_야구_골든글러브	417491
NC_다이노스의_한국_프로_야구상_수상자	1040842
한국음악콘텐츠산업협회	454776
한국_표준시	59026
2010년_한국-타이완_클럽_챔피언십	557912
한국청년단체협의회	249064
한국보건복지정보개발원	631764
한국_프로_야구_투구수_관련_기록	487481
한국의_향토음식	629583
한국_일본_미국_프로_야구_관련_기록_비교	993311
북한산_신라_진흥왕_순수비	263650
한국민속대백과사전	654258
한국의_도교_사상	659539
한국프로농구_포스트시즌_2012	750957
한국프로농구_포스트시즌_2013	908475
한국프로농구_포스트시즌_2011	575723
한국학	139559
한국소극장오페라연합회	679984
한국형_중고도_무인기_개발사업	682350
한국방송통신전파진흥원	631680
긴_한국어_낱말	23256
한국_프로_야구_연속_기록	477914
탈레반_한국인_납치_사건	122959
한국고용정보원	631768
한국미술사학회	675237
한국표고톱밥버섯재배자협회	714809
한국식품연구원	387895
1984년_한국프로야구_올스타전	895163
한국의_기_목록	170252
한국정신과학학회	685983
한국소셜네트워크협회	837666
한국태양에너지학회	685975
한국게임시나리오작가협회	675020
한국연합광고	488101
한국현대의상박물관	823288
2011년_한국프로야구_신인_드래프트	526745
한국사진문화재단	674053
한국폴리텍4대학	70202
한국수산증양식기술사협회	686622
한국DMB	193949
한국사회교육원	564539
한국소프트웨어산업협회	998991
한국문화진흥	1214185
한국윤활학회	686352
한국토마토생산자협회	693467
한국양곡가공협회	690856
한국사의_시대_구분	137184
한국국제연합봉사단	694019
한국서예진흥협회	677007
한국스탠다드차타드캐피탈	277229
한국선주상호보험조합	1068447
한국까치	529211
2003년_한국프로야구_올스타전	862924
한국디자이너협의회	681512
한국생명과학고등학교	715567
한국국악협회	615569
중세_한국어	116286
한국스크린인쇄공업협회	993230
한국의_중화요리	221106
한국디지털미디어고등학교	104562
한국산업인력공단	346907
2009년_한국프로야구_포스트시즌	383772
한국발레협회상	679476
한국의료기기검사원	695398
한국건설기계산업협회	1249031
중앙아시아_한국어	30583
한국의_군주_목록	20968
한국지질자원연구원	372640
한국제_한자	360052
한국걸스카우트연맹	86722
한국장류기술연구회	693984
한국프로농구	61222
한국_프로야구_출루율_관련_기록	1106845
한국농식품ICT융복합산업협회	1224046
한국보호수보존연구회	714775
1996년_한국프로야구	699853
한국동요문화협회	679971
국제기념물유적협의회_한국위원회	685371
반야월역_(한국철도공사)	110288
한국협동조합연구소	691083
한국의_도교	288487
1997년_한국프로야구	699856
한국진보연대	788264
한국만화가협회	675028
한국법무보호복지공단	631906
한국실업축구연맹	726852
한국철도공사_8500호대_전기_기관차	707043
한국남성합창단	437407
한국외식산업정책학회	1224027
한국문화가치연구협회	675384
한국건설관리공사	634263
한국도서관문화진흥원	674223
한국작곡가협회	899285
한국건설감리협회	995504
한국동물보호교육재단	686468
한국수상레저안전연합회	668162
한국구들문화보전협회	675574
한국국제전시	234807
한국살사협회	679899
2014년_한국프로야구_신인_드래프트	946957
한국가창학회	674893
한국의_불교	9724
한국민족극운동협회	679859
한국외국인학교	1032913
한국방송통신대학교	7374
한국인권재단	853194
한국언론인연합회	938066
한국산림기술사사무소협의회	715600
신인왕전_(한국)	1082357
한국여성작곡가회	679924
한국이주인권센터	672949
2015년_한국바둑리그	1287957
한국국제소믈리에협회	693938
한국계측제어기술교육연구센터	685458
한국교육정보진흥협회	978573
한국육가공협회	691102
한국음주문화연구센터	811290
한국산업기술미디어문화재단	947015
글로벌_한국사_그날_세계는	1313647
한국사립미술관협회	677023
한국인터넷정보센터	12362
김천_한국도로공사_하이패스	135858
한국해양연구원	370171
한국생약협회	692422
1991년_한국프로야구	288888
한국오리협회	691074
한국외국어대학교	263338
한국교통	1040997
한국국민당	144361
한국전시산업진흥회	999012
한국_전쟁의_의료_지원	84848
한국직장야구연맹	698381
한국개발연구원_국제정책대학원대학교	201764
한국콜마	1161677
한국전람	233191
1987년_한국프로야구_신인_드래프트	295506
만들어진_현실:_한국의_지역주의,_무엇이_문제이고,_무엇이_문제가_아닌가?	431423
한국영재단	685998
한국민중투쟁단	65557
한국_전쟁_전투_목록	63072
한국의_숲	540890
2008년_한국프로야구_올스타전	231124
한국철도공사_7600호대_디젤_기관차	889430
한국지방세연구원	724706
한국소방정책학회	1303601
한국선물거래소	209638
한국_프로_야구_투수_통산_세이브_관련_기록	949554
2012년_한국_프로_야구_골든글러브	903279
재필리핀_한국인	807665
한국뇌과학연구원	685666
한국농선회	691642
한국해양학회	686333
한국가위바위보협회	639109
한국문화교류회	676135
한국어_로마자_표기법	95066
한국교회연합	858584
한국일보	66855
2004년_한국프로야구	543491
한국과학기술개발원	685673
한국방사선산업학회	716519
한국장애인방송연기자협회	674885
한국사회과학자료원	674148
한국지역사회생활과학회	693656
한국산업기술평가관리원	631726
한국교직원공제회	884484
한국에스지아이	674236
한국합창조직위원회	679897
한국의_로마_가톨릭교회	336248
한국목공교육협회	715702
한국뷰티고등학교	870560
한국지구과학회	685698
한국수산과학회	686353
한국과학기술정보연구원	138885
한국맥류협회	693968
한국언론사협회	1253205
1987년_한국프로야구_포스트시즌	387562
한국형_헬기_사업	743052
한국배구연맹	134370
2007년_한국프로야구_올스타전	787788
한국의_지도	569162
한국헌법학회	355931
한국노동조합총연맹	6487
2005년_한국프로야구	281101
한국세라믹기술원	631702
한국선사문화연구원	674414
한국농어촌공사	537545
한국수출입식물방제협회	691002
한국농촌계획학회	692466
한국에어텍항공전문학교	813637
한국실험동물학회	691869
한국여성단체협의회	1185396
한국대두가공협회	690982
한국농수산대학	7858
한국서각협회	676943
주월한국군사령부	631233
한국패션디자인전문학교	934518
한국방송연기자협회	278878
한국번역가협회	1290587
한국종균협회	685736
한국기계산업진흥회	1272755
한국항공전문학교	875251
한국우편사업진흥원	631733
1990년_한국시리즈	329994
한국직업방송	579750
재베트남_한국인	807672
한국출판문화상	863240
한국일보문학상	1170803
한국생명공학연구원	128671
한국자산신탁	651517
한국승강기대학교	612430
2005년_한국프로야구_신인_드래프트	228788
한국소방시설협회	1128715
한국종합무역센터	129785
한국참전예술인협회	676839
2014년_한국프로야구_올스타전	1030997
한국게임산업협회	675007
한국분말야금학회	685934
한국방송광고공사	796925
한국의_파충류	1173688
한국무배추생산자연합회	696340
한국환경산업기술원	631719
한국_한자음_독음_목록	469768
한국독립애니메이션협회	674802
한국방송공사	191525
1994년_한국프로야구_포스트시즌	603241
한국산업기술대학교	7375
한국프랜지	1161244
한국영화인총연합회	674866
한국포도회	692384
한국십진분류법	76704
창조한국당	143240
한국형_팰콘_1호	1017526
한국유기심사원협회	696635
한국화훼종자협회	691133
한국전분당협회	690880
한국철도공사_200000호대_간선_전기_동차	119507
2008년_한국_프로_야구_골든글러브	274232
한국이앤엑스	230785
한국콘텐츠산업협회	674560
한국농경문화원	696619
한국문화상품디자인협회	680190
한국수력원자력	107322
한국평화협회	201607
한국현대디자인협회	681538
한국의상협회	675425
한국어식_영어	11478
한국YWCA연합회후원회	682215
한국친우회	936571
한국사학진흥재단	631895
한국소셜네트워크기자협회	820764
한국공항	1228955
한국동서발전	631659
2007년_한국프로야구	127707
2003년_한국프로야구_포스트시즌	390686
한국_프로_야구_골든_글러브_수상자_(지명_타자)	43925
한국유기농업협회	691057
한국_HCI_학회	1188680
19세기_한국	291592
한국청소년기마단연맹	694176
한국의_건축가_목록	196313
한국자원봉사협의회	1068404
한국방송공사_해외_특별기획_드라마	1228318
한국유변학회	685927
한국의_고적지	2200
한국판화사진진흥협의회	676851
한국어류학회	608473
한국미생물생명공학회	685954
한국전문대학교육협의회	917549
한국조선협회	110755
한국_화폐_단위_어원	103224
한국노병회	554924
1991년_한국시리즈	329502
한국동굴학회	685335
한국교사연극협회	679904
한국염소축산업협회	691073
한국향토문화전자대전	141598
2010년_한국프로야구_신인_드래프트	343636
한국방송공사에_대한_비판	423171
한국조달연구원	652915
한국철도공사법	114800
한국중식요리협회	683369
한국간호과학회	685674
한국조리학회	693644
한국민속문화진흥협회	675986
한국연극배우협회	279468
북한이탈주민지원재단	631849
1993년_한국프로야구_포스트시즌	603172
한국음식문화연구원	675993
한국전력거래소	631734
한국고무학회	685462
2010년_1월_4일_한국_중부_폭설	428423
한국교육방송공사의_방송_송출_시설망	728199
한국교원대학교_부설_월곡초등학교	898826
주일_한국_대사관_한국_문화원	864447
한국낚시채널	626589
동촌역_(한국철도공사)	110290
삼국_시대_(한국)	5106
한국어_교육_능력_검정시험	338321
한국경제	203044
한국발레연구학회	677511
한국섬유퀼트문화협회	681525
SK_와이번스의_한국_프로_야구상_수상자	1020523
한국의_성_목록	61108
한국상묘협회	690821
한국녹색체험포럼	692897
한국JTS	145350
한국의_나라_이름	186822
한국과학관협회	980281
한국과학교육원로원	685421
한국_근대의_교육사상	351087
한국생활문화연구원	675991
한국아르헨티나땅고협회	679944
한국씨름연맹	682941
아시아패션연합회한국협회	674690
한국수출입은행	81465
한국철도공사_341000호대_전동차	706121
한국음원제작자협회	675210
한국유통혁신연구원	693500
한국타이포그라피학회	681497
한국은행_강원본부	768445
한국감성과학회	685729
한국폴리텍1대학	70199
2002년_한국시리즈	191741
한국선박금융	1002869
한국농수산펠릿에너지협회	652802
한국지역난방공사	232066
2014_한국프로농구_플레이오프	1061242
한국어능력시험	202271
한국방송협회	1104209
한국인증농산물생산자협회	692398
한국산양삼재배자협회	715701
한국문물연구원	674415
한국재즈협회	674895
한국형_GPS_유도폭탄	901527
한국저작권위원회	631988
한국_프로_야구_홀드_관련_기록	639692
한국분재연구소	301683
한국시각장애인공연예술단	679983
한국영상자료원	321348
한국치킨외식산업협회	692881
2010년_한국프로야구_올스타전	434336
한국의_교육	344972
한국_전쟁의_무기_목록	84419
한국비알티자동차	137131
한국_요리	3830
사이버한국외국어대학교	220266
한국관광펜션업협회	681608
2004년_한국프로야구_포스트시즌	400400
한국농산물유통기술조합	1108694
한국전통문화고등학교	872673
한국생물공학회	685909
한국음성콘텐츠산업협회	675177
한국조폐공사	220791
한국장애인미술협회	677018
한국의_불교_사상	263924
한국은행_경기본부	961734
한국토속어양식협회	764751
한국음악출판사협회	675209
한국문화경제학회	674555
한국관광공사	232082
한국교원대학교_부설_미호중학교	898823
2001년_한국프로야구_포스트시즌	1301365
한국뮤지컬협회	679922
2005년_한국프로야구_포스트시즌	387118
한국콘텐츠진흥원	631687
한국물리학회	187275
한국농산물품질관리사협회	693692
한국프로농구_2009-10	484099
재스페인_한국인	699052
한국화이바_화이버드	1094644
한국의_제사	218247
한국컨시어지협회	681622
2009년_한국프로야구	290914
한국축제식양식협회	693681
한국의_작가_목록	145781
한국수액협회	714773
신한국_프로레슬링	62984
한국농업정책학회	693568
한국희곡작가협회	676948
한국대학스포츠총장협의회	682826
한국표준질병사인분류	769008
1983년_한국시리즈	324998
한국동물약품공업협동조합	686369
한국자수박물관	301679
한국농어촌산업학회	693865
한국기독교학회	482177
1988년_한국프로야구_신인_드래프트	295492
연대한국학교	1326937
한국대학박물관협회	675317
한국참외생산자협회	693691
한국출판경영자협회	683299
한국컨벤션산업협회	681917
한국동굴연구소	685325
한국지속농업산학연구회	691652
한국산림공학기술연구회	714898
용암사_(북한산성)	937493
한국석유관리원	631693
한국지역문화콘텐츠연구원	676000
서대문_한국기독교장로회총회_선교교육원	902886
한국수입육협회	693895
한국통계진흥원	668176
한국해양학위원회	460824
한국과학커뮤니케이터협회	685839
한국BI데이터마이닝학회	675186
한국디지털도어록제조사협회	1070084
한국청소년과학기술진흥회	685829
한국의_내셔널리즘	10108
한국교통대학교_박물관	469966
한국선박관리산업협회	1009064
한국_프로_야구_팀_승패_관련_기록	593468
한국_불교의_종파_목록	616797
한국소비자원	204339
한국호텔전문학교	1236036
한국청소년단체협의회	621434
한국인_입양아	32324
한국디지털콘텐츠산업협회	675169
한국영화배급협회	1240758
2000년_한국프로야구_포스트시즌	701433
한국택견협회	684021
1990년_한국프로야구	288550
한국수산물품질인증가공협회	686537
한국_프로_야구_득점_관련_기록	475345
1999년_한국프로야구_포스트시즌	612634
한국방송예술교육진흥원	622290
한국육영학교	553968
한국양록협회	690897
한국기술자격검정원	948289
한국청소년지원협의회	704507
유엔_한국_위원회	1179308
한국식환경디자인포럼	693964
쓰시마_한국전망대	836802
한국디자인지식학회	1042032
한국디자인진흥원	631707
2014년_한국프로야구_포스트시즌	1167520
한국자생식물협회	712117
한국연극인복지재단	674081
1999년_한국프로야구_신인_드래프트	291428
한국_선사_시대_유적지	13130
한국전기안전공사	422684
한국영상음반유통업협회	674856
한국의_선사_시대	6462
한국스탠다드차타드펀드서비스	380592
한국여성과학기술단체총연합회	685672
한국정보통신진흥협회	861922
한국수학올림피아드	279091
한국_남부	471951
한국관개배수위원회	691043
한국천문연구원	372674
한국정보통신공사협회	654410
한국영	737759
한국혁신학회	685699
한국유기농업학회	701776
한국지적재산권경상학회	675200
한국의_해안_지형	404134
한국동위원소협회	709671
한국야쿠르트	333301
한국외환은행	175126
한국거래소	83715
한국미술정보연구소	676960
한국기후변화학회	685715
한국_야구_명예의_전당	1066465
한국영화감독협회	674858
한국체육과학연구원	651956
한국영상제작협동조합	673490
한국성경적상담학회	486564
한국해산종묘협회	686564
한국수계환경연구소	693647
쌍방울_레이더스의_한국_프로_야구상_수상자	1299562
한국교원대학교_도서관	898834
한국송어양식협회	693852
한국스탠다드차타드금융지주	305544
1989년_한국프로야구_신인_드래프트	295234
2000년_한국프로야구	550767
한국콘텐츠산업진흥협회	675180
한국간판문화진흥협회	681492
한국병원약사회	1078461
한국옥외광고센터	918446
북한산_진흥왕_순수비지	307531
한국문학방송	1258174
한국전업미술가협회	676860
한국프로농구_플레이오프_2015	1243414
한국장학재단	631684
한국과학저술인협회	685952
한국폴리텍3대학	70201
북한산중흥사지	966320
한국조류학회	694178
한국_알핀로제_요들클럽	524567
1982년_한국프로야구_올스타전	652833
한국_(동음이의)	5492
한국농업경영인중앙연합회	690998
한국광학회	187278
롯데_자이언츠의_한국_프로_야구상_수상자	1012346
한국조리사회중앙회	943464
한국편집상	1277731
한국방송작가협회	218349
북한산성_행궁	937461
한국수상레저안전협회	774257
한국을_빛낸_100명의_위인들	168742
한국조경수협회	711810
한국밀원수조림육성협회	715599
한국컴퓨터그래픽스학회	675179
한국공항공사	217911
한국정맥경장영양학회	854607
한국광고영상제작사협회	683075
한국인의_뜨거운_네모	1091948
한국프로농구_2008-09	580373
한국계_일본인의_목록	133024
한국통일부흥위원단	851782
한국건축가협회	615586
한국광고학회	683276
한국해안림연구회	715241
한국의_스카우트_운동	946421
한국양성평등교육진흥원	670047
1998년_한국프로야구	699858
한국대학생대중문화감시단	337154
한국직업전문학교	460364
한국에서_가장_아름다운_마을_추진본부	712570
한국문화영상고등학교	877410
한국공연예술원	679570
한국카지노업관광협회	681617
한국영화특선	977906
한국시설양묘연구회	715496
한국예탁결제원	534505
1982년_한국시리즈	252533
한국경제_70년_그들이_있었다	1279933
2013년_한국프로야구_올스타전	790845
한국수산물건조가공협의회	686556
한국무역정보통신	654488
한국철강	1177374
한국연예사관직업전문학교	1013752
한국투명성기구	527381
한국농식품물류학회	1224042
한국의약품안전관리원	789245
한국목재공학회	701786
한국보드게임산업협회	675037
한국화훼유통단체연합회	692455
한국의_천문학	794337
한국방송공사_금토드라마	1253212
한국식품영양학회	701920
한국국제관광개발연구원	681600
한국식품마이스터고등학교	487544
한국의_아동문학	771115
한국군사학논집	1203609
한국미용직업전문학교	889907
한국화이바	941820
한국철도공사_321000호대_전동차	252543
한국프로야구_FA	1012668
한국메세나협의회	676957
한국상담대학원대학교	1199253
한국사능력검정시험	142502
한국스키박물관	669750
한국사_연표	121680
한국프로야구_연도별_팀_순위	166326
한국기독교연구소	109317
한국박물관협회	675238
한국행정사협회	1247509
1991년_한국프로야구_포스트시즌	603644
한국농식품생명과학협회	691095
한국여자야구연맹	617892
한국슬로푸드생물다양성재단	1224028
한국소설가협회	676909
햇터배_한국장기_프로리그	236601
한국영상문화제작협회	674850
한국무용협회	615566
한국그레이하운드협회	692412
한국과학기술한림원	689047
한국문화산업학회	674558
한국낙농유가공기술원	696625
한국전자통신연구원	10183
한국의_영화_감독_목록	152131
한국_프로_야구_피홈런_관련_기록	1316851
한국포플러위원회	711813
한국사립박물관협회	675323
한국문화재단_(1979년)	1000214
한국인	46862
한국관세무역개발원	668172
한국연소학회	686334
한국의_성씨_목록	77312
한국파스퇴르연구소	979917
맥쿼리한국인프라투융자회사	648409
한국건설안전기술사회	685679
한국가양주협회	693906
한국과학영재지원정보센터	685740
한국은행_부총재	1002035
한국지질고생물학연구회	685328
한국영화제작가협회	674867
한국난연합회	675524
한국지식재산보호협회	632036
한국유전체의학연구재단	685821
한국의_단오	8792
한국문화재수리기술자협회	685364
한국경마팬협회	694016
한국_프로_야구_안타_관련_기록_-_개인	948436
1996년_한국프로야구_포스트시즌	390164
한국관광협회중앙회	673502
한국음악스튜디오협회	674881
한국철도공사_361000호대_전동차	477372
한국철도공사_8000호대_전기_기관차	107589
한국농림수산식품수출입조합	691671
중흥사_(북한산성)	937472
뜻으로_본_한국역사	398387
한국가재	995025
한국레코딩뮤지션협회	674814
프랑스_대대_(한국_전쟁)	66710
한국게임물유통협회	675005
어바인한국문화재단	673841
한국고전번역원	631839
한국음식문화원	633228
한국식생활제과협회	696516
한국의_탈	149248
한국의_양서류	1174189
한국농수산환경안전협회	696623
한국부동산개발협회	994722
한국어교원자격증	823836
한국은행_부총재보	1054410
한국불교법화종	648587
한국분장예술인협회	679788
한국의_상고시대_문학	264810
한국문화재보존과학회	685346
한국청소년연맹	775949
한국농어촌복지연구회	691055
한국가지생산자협의회	692896
한국_민주화_운동사	490203
한국경제교육협회	568412
KT_위즈의_한국_프로_야구상_수상자	1189413
한국인터넷신문방송기자협회	672010
한국유엔지구위원회	685395
한국언론진흥재단	600065
2007년_한국바둑리그	706654
한국디지털미디어전문가협회	675162
한국교원대학교_교육박물관	898821
한국스마트카드	135423
한국근·현대사_(교과목)	228479
한국식문화예술협회	693914
1995년_한국시리즈	303083
한국표준협회	632023
한국_프로_야구_탈삼진_관련_기록	487850
한국대학사회봉사협의회	952014
한국학술진흥재단	646616
한국시장도매인연합회	693563
한국공인노무사회	1055478
한국미술사연구소	675239
한국방송공사_대하드라마	323406
한국문화정책연구소	675287
한국외환은행_축구단	727501
한국_프로레슬링_연맹	595560
한국광고사진가협회	683074
한국미술산업협회	674561
한국프로야구_2차_드래프트	707696
한국_프로_야구_경기_시간_관련_기록	483692
한국탄소학회	686345
한국성결신문	185903
한국만화문화연구원	675029
한국사료협회	690739
한국여자프로농구_2012-13	779252
한국영화배우협회	674864
한국금융연구원	938348
한국영사예술인협회	674845
한국버섯생산자협회	692230
북한_인권법	266490
한국폴리텍5대학	70203
한국의_차	449862
한국애니메이션고등학교	763043
산계_(한국)	272609
한국경마해설가협회	693958
북한이탈주민정착지원사무소_화천분소	965485
한국_프로_야구_세이브_관련_기록	684939
한국어_위키위키	29424
한국원양산업협회	633663
한국의_포유동물	401383
일본계_한국인	257238
한국화학공학회	685748
한국의료분쟁조정중재원	789242
1987년_한국시리즈	329948
2014년_한국프로야구_2차_드래프트	946959
한국생활과학회	685887
한국에서의_학살	773966
한국통계정보원	1236377
한국팜비오	816305
국제문화예술협회한국위원회	677500
한국진	1180786
한국임산버섯생산자단체연합회	712242
한국복숭아생산자협의회	693650
한국스탠다드차타드은행	167366
한국지휘자협회	679785
한국원자력마이스터고등학교	872177
한국산림유기자원협회	714306
