Македонски_литературен_кружок	7744
Република_Македонија_во_1998_година	188842
Антички_период_во_Македонија	7652
Македонија_во_Втората_балканска_војна	9222
Слободни_територии_во_НОВ_во_Македонија	779348
Извршен_совет_на_Собранието_на_Македонија_од_1967	1033441
Таен_македонски_комитет	191149
Македонија_на_зимските_олимписки_игри_2006	157957
Список_на_премиери_на_Република_Македонија	10075
Орден_за_воени_заслуги_(Македонија)	33641
Обединета_Македонија	25886
Македонска_крвава_свадба_(филм)	60834
Х_македонски_конгрес	187877
Список_на_македонските_добротворни_братства_во_Бугарија	764686
Четврта_македонско-римска_војна	59205
Македонска_Каменица	6996
Хрватски_Македонци	759223
Македонска_транскрипција_на_украинскиот_јазик	54847
Македонска_Алијанса_за_Европска_Интеграција	55403
Романска_делегација_во_посета_на_Македонија	63696
Список_на_македонски_уметници	1957
Планинарски_домови_во_Македонија	1047820
Куп_на_Македонија_(фудбал)	188869
Обединети_Македонци	184354
Список_на_цркви_и_манастири_на_Македонската_Православна_Црква	12209
Американски_Македонци	1107315
Златен_Медал_на_Црвен_Крст_на_Македонија	1098997
Археологија_во_Македонија	746872
2004/2005_Втора_фудбалска_лига_на_Македонија	1112250
Македонија_на_Летните_олимписки_игри_2012	1103058
Магдалена_Македонска	6361
Листа_на_македонски_епски_песни	7251
Самовила_Македонска	738576
Список_на_електрани_во_Македонија	733480
Македонска_Православна_Црква_-_Охридска_Архиепископија	1148
Друштво_на_ликовните_уметници_на_Македонија	171835
Македонска_хералдика	962953
Глаголи_во_македонскиот_јазик	177646
Список_на_македонски_зборови_со_германско_потекло	96237
Македонци_во_Швајцарија	1109886
2013/2014_Втора_фудбалска_лига_на_Македонија	1112883
2006/2007_Втора_фудбалска_лига_на_Македонија	28045
Орден_за_заслуги_за_Македонија	33639
Македонска_транскрипција_на_деванагари	54723
Спор_за_името_помеѓу_Македонија_и_Грција	38532
Десетте_лаги_на_македонизмот_(книга)	15862
Трета_македонско-римска_војна	59204
VІІ_македонски_конгрес	183617
За_Македонија_заедно	15065
Википедија_на_македонски_јазик	52591
Мисија_на_Георги_Белев_во_Македонија	1129754
Фонетика_и_фонологија_на_македонскиот_јазик	67404
Република_Македонија_во_2008_година	188852
Лекарска_комора_на_Македонија	53381
Македонска_младинска_тајна_револуционерна_организација	25325
Општини_во_Македонија	18844
Архиепископ_Охридски_и_Македонски_г.г._Гаврил_II	36453
2005/2006_Прва_фудбалска_лига_на_Македонија	51997
Здружение_на_новинарите_на_Македонија	68035
Македонска_револуционерна_организација	1847
Македонско_сознание	1057531
Минато_неопределено_свршено_време_во_македонскиот_јазик	753291
Глаголска_придавка_во_македонскиот_јазик	191322
Македонска_песнарка	738684
Глаголски_прилог_во_македонскиот_јазик	199246
Република_Македонија_во_1997_година	188841
Клима_во_Македонија	209206
2001/2002_Прва_фудбалска_лига_на_Македонија	189022
Македонска_музика	1299
Културно_наследство_на_Македонија_(список)	1116960
Македонски_претседателски_избори,_2009	79169
Референдум_во_Македонија,_1991	15638
Список_на_македонски_народни_поговорки	200601
Архиепископ_Охридски_и_Македонски_г.г._Михаил	40928
Македонска_класична_музика	7605
Древномакедонски_календар	24108
На_Мокров_(расказ_од_животот_на_Македонците)	1094419
Куп_на_Македонија_во_кошарка_2014	1100413
Правопис_на_македонскиот_литературен_јазик_/_А	96859
Список_на_македонски_книги_од_2007_година	1051113
Куп_на_Македонија_во_кошарка_2013	1094946
Куп_на_Македонија_во_кошарка_2010	1102253
Куп_на_Македонија_во_кошарка_2011	1102044
Македонска_Кошаркарска_Федерација	44604
Минато-идно_време_во_македонскиот_јазик	177693
Македонска_конференција_(1912)	1129756
Република_Македонија_во_2013_година	1061768
Фудбалска_репрезентација_на_Македонија_под_21_година	1027345
Честички_во_македонскиот_јазик	973335
Македонско-германски_односи	1054914
Народноослободителна_борба_во_Егејска_Македонија	841593
Македонија_(Охајо)	6618
Медал_на_честа_(Македонија)	1111246
Грбови_на_Македонија	640910
Македонски_полициски_симболи	58972
Министерство_за_здравство_на_Македонија	61413
Пиндско-македонско_кнежевство	88721
Македонски_куп_во_фудбал_2000-01	1104607
Македонска_папрат	323323
2003/2004_Прва_фудбалска_лига_на_Македонија	1086860
Политика_на_Македонија	872
Македонит	169252
Македонски_месеци	38275
Македонски_рок_групи	40200
Прва_македонска_кошаркарска_лига	46741
2012/2013_Прва_фудбалска_лига_на_Македонија	1086676
Македонија_на_Детскиот_избор_за_песна_на_Евровизија	38048
Список_на_македонски_книги_од_1997_година	1050792
Фудбалска_федерација_на_Македонија	27430
Македонски_кубит	40917
Македонска_капа	972620
Македонска_резба	16218
Министерство_за_економија_на_Македонија	198180
Енергија_во_Македонија	343726
Македонски_женски_сојуз	764602
Македонски_ора	8110
Македонски_Авиотранспорт	60866
Лексика_според_потеклото_на_зборовите_во_македонскиот_јазик	199206
Билтен_(КПЈ_Македонија)	771873
Ракометна_федерација_на_Македонија	66849
Список_на_населени_места_во_општина_Македонски_Брод	37680
Влада_на_Македонија_од_1946	768717
Влада_на_Македонија_од_1945	738989
Македонска_парламентарна_група	761075
Античка_уметност_во_Македонија	42081
Македонско-американски_односи	69303
Друштво_на_Македонците_во_Романија	7094
Листа_на_македонски_филолози	1179
Министерство_за_образование_и_наука_на_Македонија	79309
Министер_за_култура_на_Македонија	1125232
Декларација_за_стратешко_партнерство_и_соработка_помеѓу_Соединетите_Американски_Држави_и_Република_Македонија	69309
Список_на_политички_партии_во_Македонија	10076
Македонски_воени_симболи	56732
Проект_за_реформи_на_Врховниот_македонски_комитет	731472
Исламска_уметност_во_Македонија	16227
Национални_паркови_во_Македонија	70504
Културно_наследство_на_Македонија_во_Општина_Берово	1116980
Македонски_куп_во_фудбал_2005-06	1098982
Единаесетта_пешадиска_македонска_дивизија	70229
Македонија_на_Зимските_олимписки_игри_1998	157953
Црква_„Собор_на_сите_македонски_светители“_-_Битола	1065143
Внатрешна_македонска_револуционерна_организација_-_Демократска_партија_за_македонско_национално_единство	2951
Список_на_збратимени_градови_на_Македонија	65968
Македонска_Аикидо_Асоцијација	26097
Предминато_време_во_македонскиот_јазик	177682
Сојуз_на_македонските_емигрантски_организации	764681
Македонска_воено-инспекциска_област	777388
Македонски_фронт	33989
Македонски_Словени	21981
Македонска_транскрипција_на_странските_јазици	28651
Македонски_форум_за_електроника	755047
Бугарска_народна_македонско-одринска_револуционерна_организација	1072228
Македонски_берзански_индекс	1096420
Државен_завод_за_статистика_на_Република_Македонија	68244
Василиј_I_Македонецот	18350
Македонска_Искра	30478
Основни_судови_со_основна_надлежност_во_Македонија	1115521
Агенција_за_електронски_комуникации_на_Република_Македонија	70080
Македонска_пастрмка	59200
2000/2001_Втора_фудбалска_лига_на_Македонија	1112229
Столна_медалја_од_редот_на_Светиот_македонски_крст	1109021
Македонски_денар	3155
IV_македонски_конгрес	182760
Политика_на_девизниот_курс_на_Македонија	747208
Приклучување_на_Македонија_кон_ЕУ	195916
Список_на_македонски_зборови_од_турско_потекло	984363
Грешница_(Македонски_Брод)	11347
Отпор_на_Македонците_кон_туѓите_пропаганди	388825
НАРОДНООСЛОБОДИТЕЛНА_БОРБА_ВО_МАКЕДОНИЈА_1942-1944г.	1126545
Македонија_во_стариот_век	1021306
Македонски_тажачки_песни	768676
2008/2009_Втора_фудбалска_лига_на_Македонија	1112307
Македонска_емиграција_во_Бугарија	7834
Глаголска_л-форма_во_македонскиот_јазик	199228
Македонско_сонце	970273
Музеј_на_македонската_борба_(појаснување)	972719
Македонска_социјалистичка_група	963849
Македонска_пошта	50808
Западномакедонско_наречје	61509
Македонска_лична_карта	54319
2009/10_Прва_македонска_кошаркарска_лига	1093003
Македонски_народен_театар	108094
Македонски_извори_за_македонскиот_идентитет	18254
Машка_ватерполо_репрезентација_на_Македонија	344434
Македонски_куп_во_фудбал_1997-98	1107906
Географска_распространетост_на_македонскиот_народ	22395
Завршни_операции_за_ослободување_на_Вардарска_Македонија	175911
Извршен_совет_на_Собранието_на_Македонија_од_1963	1032505
Централен_бугаромакедонски_клуб	24298
Извршен_совет_на_Собранието_на_Македонија_од_1965	1033438
Македонска_уметност_(Византија)	97299
Извршен_совет_на_Собранието_на_Македонија_од_1968	1033443
Македонско_студенско_друштво	188094
Македонска_крвава_свадба	27406
Транслитерација_на_македонското_писмо	47201
Канадско-македонско_историско_друштво	209167
Грчко-македонска_тупаница	198906
Унија_на_независни_и_автономни_синдикати_на_Македонија	197237
Министерство_за_финансии_на_Македонија	766611
Југоисточно_македонско_наречје	120448
1997/1998_Прва_фудбалска_лига_на_Македонија	188881
Егејска_Македонија	5893
Христијанство_во_Македонија	1021358
Источна_Македонија	38580
Клеопатра_Македонска	48572
Македонска_дијалектологија	473085
Список_со_македонски_музичари	1266
Република_Македонија_во_1996_година	188838
Македонски_Египќани	66859
Македонски_Роми	154468
Споменик_на_Гоце_Делчев_(плоштад_Македонија)	771288
СУ_„Св._Наум_Охридски“_-_Македонски_Брод	32246
Хронологија_на_односите_помеѓу_Македонија_и_ЕУ	48619
Општина_Македонска_Каменица	8448
Народна_банка_на_Република_Македонија	40383
2011/12_Прва_македонска_кошаркарска_лига	1092005
Социјалдемократски_сојуз_на_Македонија	3623
Македонска_книжевност	1683
Орден_на_Република_Македонија	13180
Последниот_македонски_хакер	60372
Апозиција_во_македонскиот_јазик	1072334
Македонци_кои_освоиле_медали_на_олимписки_игри	39283
2015/2016_Втора_фудбалска_лига_на_Македонија	1131295
Евангелско-методистичка_црква_на_Македонија	761152
Старо_Село_(Македонски_Брод)	11379
Сојуз_на_македонските_младински_организации	764700
Македонски_црковно_-_училишни_општини	641232
1999/2000_Втора_фудбалска_лига_на_Македонија	1112224
Нова_Македонија	1634
Македонија_Вечна	155852
Идно_прекажано_време_во_македонскиот_јазик	177699
2012/2013_Втора_фудбалска_лига_на_Македонија	1112630
Административна_поделба_на_Македонија	77709
Прв_правилник_на_Македонската_револуционерна_организација	186654
Хронологија_на_воздухопловни_несреќи_во_Македонија	63948
Употреба_на_загради_во_македонскиот_јазик	12366
Димитар_Македонски	33304
Влада_на_Македонија_од_1994	15923
Тези_за_потеклото_на_македонскиот_народ	49113
Заповеден_начин_во_македонскиот_јазик	703962
Македонски_манастири	1150
Влада_на_Македонија_од_1992	15924
Македонски_глас_(2004)	6342
Македонска_транскрипција_на_јапонскиот_јазик	68040
Национален_уметник_на_Република_Македонија	1101105
Македонија_(1888-1912)	963734
Современа_македонска_литература	1060571
Влада_на_Македонија_од_1998	15922
Република_Македонија_во_2015_година	1129488
Државни_празници_во_Македонија	68395
Список_на_птици_во_Македонија	1072382
Походи_на_Александар_Македонски	10117
T-home_Македонија	69848
Историја_на_административната_поделба_на_Македонија	200973
Список_на_македонски_археолози	12786
Македонија_(тема)	97302
Славјано-Македонски_Глас	767345
Мардариј_I_(Македонски_епископ)	1093608
Македонско-француски_односи	1129011
Министерство_за_труд_и_социјална_политика_на_Македонија	1086118
Сегашно_време_во_македонскиот_јазик	177594
Народноослободителна_борба_во_Вардарска_Македонија	779352
Македонска_народна_музика	9555
Македонско-словенечки_односи	1054811
Македонска_транскрипција_на_ирскиот_јазик	69746
Генерален_секретаријат_на_Владата_на_Македонија	765843
Елиномакедонски_комитет	39099
Листа_на_македонски_издавачки_куќи	2974
І_македонски_конгрес	182758
Обид_за_создавање_на_еднинствен_црковно_-_просветен_центар_за_Македонија	510628
Демократска_обнова_на_Македонија	7553
Ден_на_рударите_на_Македонија	199097
1993/1994_Прва_фудбалска_лига_на_Македонија	188760
2015/16_Прва_македонска_кошаркарска_лига	1131409
Природонаучен_музеј_на_Македонија	1090061
Македонски_вез	16154
Македонија_на_Евровизија_2011	733788
Антифашистичко_собрание_за_народно_ослободување_на_Македонија	10609
Македонија_на_Евровизија_2010	197360
Региони_на_Македонија	167679
Информбирото_и_Македонија	55302
Порта_Македонија	771276
Сојуз_на_математичари_на_Македонија	753749
Македонската_уметност_во_деветнаесеттиот_век	7666
Македониј_I_Константинополски	737679
Македонско-британски_односи	178583
Македонски_куп_во_фудбал_2010-11	1094001
Македонци_во_Шведска	1110014
T-Mobile_Македонија	30487
Македонски_народни_приказни_(ТВ_серија)	119202
Македонски_клуб_(Белград)	758463
Список_на_македонски_народни_херои	45535
Јазици_во_Македонија	995711
Микроекономскиот_развиток_на_Македонија	28937
Татковинска_македонска_организација_за_радикална_обнова_-_Вардар_-_Егеј_-_Пирин	38871
2007/08_Прва_македонска_кошаркарска_лига	1105578
Список_на_загрозени_јазици_во_Македонија	1037768
Македонски_револуционерен_комитет_(Петроград)	1106437
Македонска_стрељба	1642
Република_Македонија_во_2000_година	188844
Македонско-украински_односи	1062440
Словенечки_Македонци	1056578
Македонска_династија	97301
Акцент_на_туѓите_зборови_во_македонскиот_јазик	1042677
Список_на_доцноантички_градови_во_Македонија	984265
Српска_заедница_во_Македонија	1130174
Голем_македонски_собор	184600
Можен_начин_во_македонскиот_јазик	177771
Историја_на_македонскиот_народ	1262
Единствена_обединета_македонска_организација	750619
Македонско-црногорски_односи	1054683
Влада_на_Македонија_од_1991	15925
2004/2005_Прва_фудбалска_лига_на_Македонија	116498
Александар_III_Македонски	1485
Список_на_познати_македонски_фудбалери	736133
VІІІ_македонски_конгрес	187874
Македонско-одрински_доброволни_чети	9462
Раскол_во_Внатрешната_македонска_револуционерна_организација	772655
Јужномакедонска_носија	16129
Борис_Сарафов_и_Македонска_крвава_свадба	1129994
Куп_на_Македонија_во_кошарка_2008	1110854
Света_Лидија_Македонка	75835
Архиепископ_Охридски_и_Македонски_г.г._Стефан	33699
Македонско_девојче	5905
Социјалистичка_партија_на_Македонија	5110
Антички_македонски_олимписки_игри	59952
Женска_кошаркарска_репрезентација_на_Македонија	736197
Македонска_транскрипција_на_кинескиот_јазик	53879
Македонски_глас_(1913-1914)	1064932
Автопат_„Александар_Македонски“	1056156
Македонија	1135
Македонско-одрински_преглед	758426
Палата_на_Собранието_на_Македонија	56698
Список_на_амбасадори_на_Обединетото_Кралство_во_Македонија	69057
Извршен_совет_на_Собранието_на_Македонија_од_февруари_1953	1032486
Области_во_Античка_Македонија	1077049
Народна_Република_Македонија	56682
Грамада_(Македонски_Брод)	1099941
Ономастика_на_македонскиот_јазик	199124
Државен_архив_на_Република_Македонија	1057644
Извршен_совет_на_Собранието_на_Македонија_од_1958	1032504
ОУ_„Димитар_Македонски“_-_Аеродром	29417
Типологизација_на_македонските_носии	16095
Македонски_претседателски_избори,_2004	15570
Раносредновековна_македонска_уметност	7664
Македонска_транскрипција_на_персискиот_јазик	54203
Историја_на_Евреите_во_Македонија	193406
Тероризмот_на_Македонската_револуционерна_организација	970236
Македонско_друштво_„Илинден“_-_Тирана	750937
Македонска_абецедарска_азбука	61407
Државен_завод_за_геодетски_работи_на_Република_Македонија	64883
Македонско-ватикански_односи	1054904
Македонско-хрватски_односи	755403
Македонска_кинематографија	1210
Пештери_во_Македонија	209284
Кратер_Македонски	207214
Кралство_Македонија	59191
Список_на_македонски_книги_од_2002_година	1050965
Демократска_Партија_на_Турците_на_Македонија	40669
Матица_Македонска	1045925
Македонска_Славинија	22149
Список_на_македонски_книги_од_1990_година	1050501
1999/2000_Прва_фудбалска_лига_на_Македонија	188947
Зурла_(македонска)	9580
Трет_македонски_црковно-народен_собор	54637
Список_на_македонски_книги_од_2005_година	1051022
За_македонцките_работи	5971
Македонско_лекарско_друштво	62248
Влада_на_Македонија	5195
Македонското_јазично_прашање_во_19_век	7526
Окупациски_режими_во_Македонија_по_Првата_балканска_војна	9398
Република_Македонија_во_1999_година	188843
Монетарно_осамостојување_на_Македонија	747126
2002/2003_Прва_фудбалска_лига_на_Македонија	190029
Западна_Македонија	6935
Втор_македонски_црковно-народен_собор	54631
Македонско_астрономско_друштво	1101119
Македонски_куп_во_фудбал_2001-02	1100824
Чинови_на_Армијата_на_Република_Македонија	19063
Македонски_Супер_Куп	1087654
Знаме_на_Егејска_Македонија	762244
Хидрографија_на_Македонија	16066
Орохидрографија_на_Македонија	184495
Листа_на_македонски_историчари	1178
Заедница_на_Македонците_во_Албанија	14635
Суводол_(Македонски_Брод)	11380
Ранохристијанска_уметност_во_Македонија	42082
Бесплатни_семрежни_клубови_во_Република_Македонија	1080232
Независна_Македонија	761131
Национална_Арена_„Филип_II_Македонски“	12683
Македонска_опера_и_балет	122951
2013/14_Прва_македонска_кошаркарска_лига	1096410
Минато_определено_свршено_време_во_македонскиот_јазик	177643
Македонски_куп_во_фудбал_2013-14	1098587
Сојуз_на_композиторите_на_Македонија	984229
Демократско-републиканска_унија_на_Македонија	15535
Географија_на_Македонија	18231
Список_на_македонски_филмови	8309
Автомобилски_регистарски_таблички_во_Македонија	78888
Македонско_радио	1086387
Машка_ракометна_репрезентација_на_Македонија	66820
Македонски_броеви	75510
Македонија_на_Зимските_олимписки_игри_2002	157955
Кодификација_на_македонскиот_стандарден_јазик	7530
2002/2003_Втора_фудбалска_лига_на_Македонија	1112247
Македонска_преродба	1291
Македонски_Бошњаци	191580
Список_на_дипломатски_мисии_во_Македонија	729658
Српски_Македонци	67370
Самостојна_македонска_држава	691308
Државна_изборна_комисија_на_Македонија	15541
Црвен_крст_на_Македонија	62257
Македонски_куп_во_фудбал_2006-07	1098970
Македонска_транскрипција_на_тибетското_писмо	1062973
Список_на_македонски_книги_од_2006_година	1051043
Македонско_научно-литературно_другарство_во_Санкт_Петербург	19308
Знаме_на_Македонија	2982
Црква_„Св._Богородица“_-_Македонски_Брод	214911
Извршен_совет_на_Собранието_на_Македонија_од_1982	1033874
Македонци_(село)	50255
Список_на_аеродроми_во_Македонија	22095
Ислам_во_Македонија	1076750
Културна_Македонија	195665
Македонско_дешифрирање_на_средниот_текст_од_Каменот_од_Розета	1126423
V_македонски_конгрес	183151
Меморијален_центар_на_холокаустот_на_Евреите_од_Македонија	1120933
Баптистичка_Црква_во_Македонија	202584
Република_Македонија_во_1991_година	188798
Список_на_македонски_книги_од_1998_година	1050837
Хокеј_федерација_на_Македонија	1096859
Македонска_берза	48124
Либерално-демократска_партија_(Македонија)	5122
2010/11_Прва_македонска_кошаркарска_лига	1092185
Македонска_зора_(здружение)	747079
Македонско_студентско_друштво_„Вардар“	764642
Железнички_линии_во_Македонија	52706
Граматички_категории_на_именките_во_македонскиот_јазик	782240
Општина_Македонски_Брод	8449
Македонци_во_Аргентина	1109960
Основни_судови_со_проширена_надлежност_во_Македонија	1115568
Куп_на_Македонија_во_кошарка	170727
Црна_Гора_(Егејска_Македонија)	1109027
Историја_на_македонската_цивилизација	6370
Македонско_стоматолошко_друштво	65898
Попис_на_населението_на_Македонија_(2011)	772586
Република_Македонија_во_2007_година	188851
ІІ_македонски_конгрес	183143
2009/2010_Втора_фудбалска_лига_на_Македонија	166383
Рајчица_(Македонски_Брод)	1099944
Македонска_народна_федерална_организација	24816
4._Македонска_Народноослободителна_Бригада	332835
Дајре_(македонско)	9586
Костин_Дол_(Македонска_Каменица)	11256
2014/15_Втора_македонска_кошаркарска_лига	1129806
Историја_на_Пиринска_Македонија_(1913_-_2005)	8098
Македонски_железници	18752
Егзархиска_групација_во_Македонија	198720
Црногорски_Македонци	759642
Погранични_пунктови_на_Македонската_револуционерна_организација	691144
1994/1995_Прва_фудбалска_лига_на_Македонија	188762
Список_на_македонски_книги_од_1999_година	1050844
Фауна_на_Македонија	78290
Листа_на_македонски_спортисти	9774
Австралиски_Македонци	1026418
Македонија_на_Параолимписките_игри	765092
Список_на_Американски_Македонци	1054705
1992/1993_Втора_фудбалска_лига_на_Македонија	1119455
Синтакса_на_македонскиот_јазик	200082
Македонски_куп_во_фудбал_2002-03	1100628
Правопис_и_правоговор_на_македонскиот_јазик	51324
Славна_Македонија	761858
Движење_за_ослободување_и_обединување_на_Македонија	1115927
Република_Македонија_во_2005_година	188849
Приклучување_на_Македонија_кон_НАТО	48576
Споменик_на_Даме_Груев_(плоштад_Македонија)	771290
Меморандум_за_независноста_на_Македонија_(1913)	1066982
Куп_на_Македонија_во_кошарка_2015	1120759
Македонска_радиотелевизија	60496
Македонија_(регион)	61346
Бугарска_пропаганда_во_Македонија	208935
Куп_на_Македонија_во_кошарка_2012	1096637
2007/2008_Втора_фудбалска_лига_на_Македонија	1112289
Албански_Македонци	66923
Листа_на_македонски_лирски_песни	7252
Македонска_транскрипција_на_англискиот_јазик	55080
Македонски_куп_во_фудбал_1998-99	1106540
Македонска_Правда	194079
Македонска_транскрипција_на_белорускиот_јазик	54842
Список_на_македонски_книги_од_1994_година	1050564
Почеток_на_народно-ослободителна_борба_во_Македонија	778102
Извршен_совет_на_Собранието_на_Македонија_од_1986	1033884
Музеј_на_Македонија	13061
Завојувани_страни_во_Македонија_за_време_на_Втората_светска_војна	779591
Потекло_на_Античките_Македонци	747803
Партија_на_обединети_демократи_на_Македонија	755361
Список_на_македонски_стрип_автори	1050895
Македонски_куп_во_фудбал_2008-09	188883
2010/2011_Втора_фудбалска_лига_на_Македонија	1112518
Список_на_реки_во_Македонија	68806
Список_на_пријателски_натпревари_на_националниот_фудбалски_тим_на_Македонија	737342
Дијалекти_на_македонскиот_јазик	5857
Историја_на_македонскиот_фудбал	77331
Развој_на_школството,_просветата_и_народната_култура_во_Македонија	726573
Република_Македонија_во_2009_година	188853
Бугарска_окупација_на_Македонија_во_Втората_светска_војна	780754
Романска_пропаганда_во_Македонија	565181
Северномакедонско_наречје	61512
ОУ_"Кирил_и_Методиј"_-_Македонска_Каменица	29480
Споменик_на_Филип_II_Македонски_(Скопје_-_Автокоманда)	964228
Етнички_македонски_знамиња	23777
Македонскиот_јазик_за_време_на_преродбата	110045
Главен_штаб_на_Народноослободителната_војска_и_партизанските_одреди_на_Македонија	778745
Македонска_кујна	13996
Македонски_куп_во_фудбал_2014-15	1110797
Македоновка_(Донечка_област)	1099353
Лексика_според_степенот_на_употреба_во_македонскиот_јазик	199199
Македонците_во_Првата_светска_војна	774820
Македонски_јазик	21504
Список_на_средновековни_тврдини_во_Македонија	32677
Македонија_на_Зимските_олимписки_игри_2014	1103049
Праисторија_на_Македонија	3126
Македонско-турски_односи	170148
ОУ_„Св._Климент_Охридски“_-_Македонски_Брод	29631
Константин_Бели_-_Македонецот	1103682
Независна_македонска_организација_Илинден	77994
Друштво_Србо-Македонци	187871
Список_на_гуштери_во_Македонија	1130446
Народноослободителна_војска_на_Македонија	200968
Македонски_куп_во_фудбал_2012-13	1093735
Западна_Македонија_(Грција)	5972
Повикувачки_броеви_во_Македонија	1626
Старомакедонски_јазик	61577
Демократска_партија_на_Македонците_во_Косово	800600
Билтен_(КП_Македонија)	771878
1993/1994_Втора_фудбалска_лига_на_Македонија	1112178
Историја_на_Македонија_(1991_-_денес)	902
Македонско-римски_војни	7466
Амбасада_на_Македонија_во_Вашингтон	70008
Македонска_Алпинистичка_Асоцијација	175882
Александар_Македонски_1970	198910
Депортација_на_Евреите_од_Македонија	763374
Плоштад_Македонија_(Софија)	746805
Востание_во_вардарскиот_дел_на_Македонија_во_1941_година	778751
Бугарска_пропаганда_во_Македонија_и_македонското_прашање_(труд)	1122117
Македонија_на_Македонците	205845
Извод_од_Просторен_план_на_Република_Македонија	193089
Македонци-муслимани	19575
Привремена_влада_на_Македонија_-_Единство	191141
Министер_за_надворешни_работи_на_Македонија	732083
Македонија_Прва	1048285
Евридика_I_Македонска	772146
Примери_од_современата_македонска_поезија	7966
2009/2010_Прва_фудбалска_лига_на_Македонија	733792
Фонд_за_здравствено_осигурување_на_Македонија	61875
Викимедија_Македонија	95857
2011/2012_Прва_фудбалска_лига_на_Македонија	1086832
Македонски_куп_во_фудбал_2009-10	1098672
Жупа_(Македонија)	204568
Македонска_Империја	207314
Македонија_на_Летните_олимписки_игри_1996	157449
ФК_Илинден_1903_Македонија	1105697
Македонско_Радио_2	1076713
Список_на_македонски_фудбалски_клубови_во_странство	37539
Список_на_македонски_писатели	891
Список_на_политичари_од_Македонија	892
Македонска_информативна_агенција	31197
Централна_Македонија_(Грција)	20040
Тито_и_Македонија	2202
Министерство_за_внатрешни_работи_на_Македонија	155565
Нумизматички_музеј_на_Народна_банка_на_Република_Македонија	12771
Устав_на_Македонија	5132
Демократска_партија_на_Србите_во_Македонија	1130782
Демографија_на_Македонија	60283
Автономна_Македонија_(белградски_весник)	758474
Филип_II_Македонски	1446
Република_Македонија_во_2004_година	188848
Македон_(митски_предок)	13456
Македонска_антифашистичка_организација	778303
Влада_на_Македонија_од_април_1946	1032004
Македонија_под_власта_на_Бугарија	22368
Евридика_II_Македонска	772145
Раководители_на_Македонската_револуционерна_организација	970407
Пријателски_натпревари_на_фудбалската_репрезентација_на_Македонија	1105758
1998/1999_Прва_фудбалска_лига_на_Македонија	188939
NUTS_на_Македонија	777887
Влада_на_Македонија_од_2014	1126248
Македонско-српски_односи	170159
Туризам_во_Македонија	155825
Глас_македонски	963934
Влада_на_Македонија_од_2011	762352
Македонка_Јанчевска	157246
Девизни_резерви_на_Македонија	1122226
Листа_на_македонски_филмови_понудени_за_номинација_за_Оскар	64282
Список_на_македонски_книги_од_2010_година	1051226
Грб_на_Македонска_Православна_Црква_-_Охридска_Архиепископија	196943
Споменик_Македонија_(Струмица)	97867
Предлози_во_македонскиот_јазик	1065344
Македонски_куп_во_фудбал_2007-08	1098903
Список_на_македонски_книги_од_2008_година	1051118
Македонија_на_Евровизија	52585
Македонско_хералдичко_здружение	1111166
Неврокоп_(Егејска_Македонија)	1109372
ФК_Македонија_Виена	1106123
Народноослободителна_борба_во_Пиринска_Македонија	845710
Западномакедонска_зона	1120776
Сојуз_на_синдикатите_на_Македонија	15152
Фразеологија_на_македонскиот_јазик	199069
2014/2015_Прва_фудбалска_лига_на_Македонија	1108286
Карпестата_уметност_во_Македонија	56689
Сложена_реченица_во_македонскиот_јазик	205335
Историја_на_парите_во_Македонија	1078008
Грб_на_претседателот_на_Македонија	176317
Староградска_македонска_архитектура	16241
Борба_на_македонскиот_народ_против_Цариградската_патријаршија	510623
Министерство_за_надворешни_работи_на_Македонија	47882
Список_на_македонски_книги_од_19_век	1050848
Тесалоника_Македонска	207895
Република_Македонија_во_1992_година	188793
Референдум_во_Македонија,_2004	15620
Инструменти_на_монетарна_политика_во_Република_Македонија	1083447
Идно_време_во_македонскиот_јазик	177686
ЈП_„Македонски_шуми“	64893
Список_на_македонски_книги_од_1992_година	1050557
2015/2016_Прва_фудбалска_лига_на_Македонија	1131388
Македонски_петопрст	323330
Македонска_филхармонија	25757
Архиепископ_Охридски_и_Македонски_г.г._Доситеј_II	37716
Апостолски_егзархат_во_Македонија	31745
Македонија_на_Зимските_олимписки_игри_2010	188706
Водич_по_планинарските_домови_во_Македонија	197493
Резолуција_на_Коминтерната_од_1934_година_за_македонското_прашање	971192
Влада_на_Македонија_од_декември_2004	970735
Македонска_транскрипција_на_рускиот_јазик	54391
Македонско_востание	32486
Македонска_ризница	1057736
Македонски_парламентарни_избори,_1994	44439
Просторен_план_на_Република_Македонија	191590
Куп_на_Македонија_(ракомет)_2011	1098530
Македонски_парламентарни_избори,_1990	43834
Македонски_куп_во_фудбал_2003-04	1099164
Република_Македонија_во_2012_година	845732
Сè_за_Македонија_(споменик)	772096
Електроиндустрија_во_Македонија	349527
Македонски_информативен_центар	737999
Македонски_парламентарни_избори,_1998	754582
Македонска_академија_на_науките_и_уметностите	16908
Македонија_и_Берлинскиот_конгрес	6280
Католицизмот_во_Македонија	584686
Македонски_народни_инструменти	9556
Министерство_за_правда_на_Македонија	1086120
Заменки_во_македонскиот_јазик	778484
Македонија_во_средниот_век	6526
1994/1995_Втора_фудбалска_лига_на_Македонија	1112216
Протестанска_пропаганда_во_Македонија	728880
Список_на_Влади_на_Македонија	15914
Македонизам_(појаснување)	15861
Список_на_македонски_филмски_институции	37922
Македонски_куп_во_фудбал_2004-05	1099015
Сојуз_на_борците_за_обединување_на_Македонија	750621
Фудбал_во_Република_Македонија	188876
Симболи_на_Македонија	622493
Список_на_македонски_книги_од_1993_година	1050560
Луковица_(Македонска_Каменица)	11257
Македонски_лав	59238
Странски_пропаганди_во_Македонија	108061
Македонска_современа_уметност	16225
Обид_за_поделба_на_македонските_епархии_меѓу_Патријаршија_и_Егзархија	565182
Македонски_парламентарни_избори,_2006	14089
Македонска_дијаспора	119447
Македонски_парламентарни_избори,_2002	14257
Македонска_авангардна_музика	7608
Медал_за_заслуги_за_Македонија	33643
Славе_Македонски	6360
Одликувања_и_признанија_на_Македонија	13174
Источна_Македонија_и_Тракија	20077
Прва_Дама_на_Македонија	1099376
Ќемане_(македонско)	778698
Чешки_Македонци	1039127
Република_Македонија_во_2002_година	188846
Листа_на_разузнавачки_агенции_во_Македонија	1111433
Друштво_на_физичарите_на_Република_Македонија	1101276
Прв_македонски_црковно-народен_собор	54629
Република_Македонија_во_2001_година	188845
Македонци_во_Данска	1110029
Македоно-одринска_револуционерна_организација	1092418
Пиринска_Македонија	2169
Македонски_фудбал	181844
Поштенски_броеви_во_Македонија	767958
Унија_на_Бранители_на_Македонија	1014095
Македонски_партизански_одреди	762896
Мисијата_на_Апостол_Павле_во_Македонија	1027680
Грчка_пропаганда_во_Македонија	208722
Список_на_заштитени_природни_подрачја_во_Македонија	1107419
Независна_Држава_Македонија	1055660
Македонски_парламентарни_избори,_2008	52002
Македонскиот_јазик_меѓу_двете_светски_војни	7529
Социјалистичка_Република_Македонија	2956
Македонија_Втора	1048288
Галерија_на_карти_за_општините_во_Македонија	1075600
Република_Македонија_во_2011_година	733785
Кошаркарска_репрезентација_на_Македонија	49321
2005/2006_Втора_фудбалска_лига_на_Македонија	1112251
Кале_(Македонски_Брод)	1099942
1996/1997_Прва_фудбалска_лига_на_Македонија	188879
Втора_македонско-римска_војна	59203
Народноста_на_македонските_Словени	1122203
Република_Македонија_во_2003_година	188847
Природни_резервати_во_Македонија	1107427
Македонски_пантеон	13373
Македонски_институт_за_медиуми	1106386
Армија_на_Република_Македонија	31729
Министер_за_одбрана_на_Македонија	19042
Список_на_архаични_зборови_во_македонскиот_јазик	1080509
Македонија_на_Олимписките_игри	155879
Црква_„Собор_на_сите_македонски_светители,_Св._Ѓорѓи_Победоносец_и_Св._Сисој_Велики“_-_Тетово	769406
Македонија_во_Втората_светска_војна	8484
Список_на_претседатели_на_Македонија	2492
ІІІ_македонски_конгрес	183150
2014/15_Прва_македонска_кошаркарска_лига	1115341
Пирински_Македонци	8696
Список_на_влади_на_Социјалистичка_Република_Македонија	1033885
Македонија_(салата)	80283
Светски_македонски_конгрес	22061
Корпоративно_управување_во_Македонија	116013
Скратеници_во_македонскиот_јазик	183206
1995/1996_Втора_фудбалска_лига_на_Македонија	1112223
Македонци	878
Правопис_на_географски_и_топографски_поими_во_македонскиот_јазик	101177
Друштво_на_писателите_на_Македонија	7637
Македонски_претседателски_избори,_2014	1104867
Македонска_ренесанса	97298
Македонски_народен_сојуз	7142
Македонски_олимписки_комитет	64739
Медал_за_храброст_(Македонија)	33645
Македонска_енциклопедија	329751
Македонија_–_Анте_Поповски	7968
Бугарски_извори_за_Македонскиот_идентитет	18253
Македонско_движење_и_српската_пропаганда	565872
2006/07_Прва_македонска_кошаркарска_лига	1107792
Сврзници_во_македонскиот_јазик	778477
Трета_македонска_фудбалска_лига	167678
Минато_неопределено_несвршено_време_во_македонскиот_јазик	753294
Сушица_(Македонски_Брод)	11381
Образување_и_функција_на_именките_во_македонскиот_јазик	782544
Македонски_дел_од_пеколот	1040752
Протестантство_во_Македонија	77422
Куп_на_Македонија_во_кошарка_2002	1124344
Деветта_македонска_бригада	1033822
Република_Македонија_во_2010_година	188854
4._Македонска_албанска_бригада	332982
Спор_за_обликот_на_македонскиот_литературен_јазик	567396
Плоштад_Македонија	15652
Македонија_(римска_провинција)	7465
2012/13_Прва_македонска_кошаркарска_лига	1091856
Децентрализација_на_Република_Македонија	14402
Македонска_транскрипција_на_арапскиот_јазик	55047
Совет_за_безбедност_на_Македонија	41739
Министер_за_финансии_на_Македонија	733418
Изворна_македонска_музика	66094
Куп_на_Македонија_(ракомет)_2014	1107623
Придавки_во_македонскиот_јазик	778482
Куп_на_Македонија_(ракомет)_2012	1098450
Македонците_во_Грчката_граѓанска_војна	981289
Романтизам_во_докажувањето_на_македонската_инивидуалност	565888
2007/2008_Прва_фудбалска_лига_на_Македонија	97590
Македонски_научен_институт	68414
2008/2009_Прва_фудбалска_лига_на_Македонија	733790
Македонски_писма	51707
Флора_на_Македонија	1054500
Саат-кули_во_Македонија	752924
Македонска_лига	182626
Министерство_за_земјоделство,_шумарство_и_водостопанство_на_Македонија	1086108
Античка_македонска_култура	1021307
Список_на_македонски_книги_од_1991_година	1050506
Македонија_и_Мировната_конференција_во_Букурешт	9223
Исламизацијата_во_Македонија	205398
Македонска_знаковна_азбука	677747
Поделба_на_гласовите_во_македонскиот_јазик	1042683
Банкарски_систем_на_Македонија	964149
Учебникарска_дејност_во_Македонија	1042723
Таен_македонско-одрински_кружок_во_Санкт_Петербург	6141
Македонска_транскрипција_на_корејскиот_јазик	74706
Република_Македонија_во_1995_година	188837
Македонско-босанскохерцеговски_односи	1054810
Диецеза_Македонија	160604
Македонски_крст	973065
Македонски_претседателски_избори,_1999	15540
Метална_доба_во_Македонија	7642
Република_Македонија_во_2006_година	188850
Македонска_граматика	830
Локални_избори_во_Македонија_(2013)	1070979
Македонски_Архивист	195769
IX_македонски_конгрес	187876
Историја_на_македонскиот_јазик	6139
Млада_македонска_книжевна_дружина	9233
Институт_за_јавно_здравје_на_Македонија	1078762
Куп_на_Македонија_во_кошарка_2005	1124176
Српска_пропаганда_во_Македонија	208855
Список_на_загинати_бранители_на_Македонија	989458
Македонска_книга	1121454
Нова_Македонка	193564
Зошто_ние_Македонците_сме_посебна_нација	33838
Македонска_Ракометна_Супер_Лига_2014–15	1119545
Куп_на_Македонија_во_кошарка_2007	1124039
Македонија_(иселеничка_организација)	314601
Изработка_на_македонска_народна_носија	196104
Куп_на_Македонија_во_кошарка_2006	1124068
Градови_во_Македонија	26068
Влада_на_Македонија_од_декември_1946	1032009
Список_на_македонски_книги_од_2003_година	1050970
Прв_устав_на_Македонската_револуционерна_организација	186653
Погледите_на_Крсте_Петков_Мисирков_за_македонскиот_литературен_јазик	7528
Македоновка_(Луганска_област)	1099354
Обединета_Македонска_Дијаспора	183441
Локални_избори_во_Македонија_(2005)	1080559
Михајловистички_контрачети_во_Вардарска_Македонија	1112047
Основање_на_Македонската_револуционерна_организација	197131
Македонија_на_Летните_олимписки_игри_2000	157760
Македонски_Интербанкарски_Платен_Систем	40656
Македонија_на_Летните_олимписки_игри_2004	157776
Средномакедонски_период	7522
Македонија_на_Летните_олимписки_игри_2008	157842
Изборни_единици_во_Македонија	1107377
Релјеф_на_Македонија	74117
Морфологија_на_македонскиот_јазик	199847
Сојуз_на_комунистите_на_Македонија	6495
Социјалдемократска_младина_на_Македонија	786526
Список_на_македонски_книги_од_2001_година	1050929
Втора_македонска_фудбалска_лига	101379
Славјаномакедонски_народноослободителен_фронт	779345
Античка_македонска_војска	10046
Канадско-македонска_федерација	209142
Врховен_Суд_на_Македонија	14407
Список_на_градови_во_Македонија_по_население	65044
Избори_во_Македонија	13781
Македонски_комитет	3133
Сојуз_на_стопански_комори_на_Македонија	183878
Друштво_на_филмски_работници_на_Македонија	37918
Канадски_Македонци	1110041
Македонски_Брод	5237
Министерство_за_транспорт_и_врски_на_Македонија	1086116
Македонски_пасош	68931
Македонски_куп_во_фудбал_2011-12	1027044
Амбасадор_на_културата_на_Република_Македонија	1101252
2010/2011_Прва_фудбалска_лига_на_Македонија	733822
Македонски_јазик_(списание)	184808
Прва_македонско-римска_војна	59196
Остатоци_од_материјалната_култура_во_Македонија	7643
Македонија_-_земја_на_информатичари	61319
Република_Македонија_во_2014_година	1110602
Тамбура_(македонска)	9567
Внатрешна_македонска_револуционерна_организација_(Автономистичка)	37617
1995/1996_Прва_фудбалска_лига_на_Македонија	188809
Список_на_архиепископи_на_македонската_и_охридската_архиепископија	155591
Земјоделска_народна_партија_на_Македонија	13931
Српска_напредна_странка_во_Македонија	1107187
Министер_за_правда_на_Македонија	1125195
Северна_Македонија	38582
Список_на_знамиња_на_Македонија	56733
ФК_Македонија_1970_Берлин	37213
Македонски_таен_револуционерен_комитет	208437
Борба_за_Македонија	208765
Економија_на_Македонија	155824
Македонско_национално_движење	747570
Куп_на_Македонија_во_кошарка_2004	1124323
Македонски_знаковен_јазик	691819
Министер_за_образование_и_наука_на_Македонија	733282
Куп_на_Македонија_во_кошарка_2001	1124346
Куп_на_Македонија_во_кошарка_2000	1124348
Куп_на_Македонија_во_кошарка_2003	1124340
Македонска_транскрипција_на_тајландскиот_јазик	972674
Македонско_ракописно_писмо	20851
Куп_на_Македонија_во_кошарка_2009	1102608
Дреново_(Македонски_Брод)	11353
Државни_обврзници_во_Македонија	958555
Совет_за_радиодифузија_на_Македонија	1076848
Македонија._Етнографија_и_статистика	176293
Список_на_споменици_на_природата_во_Македонија	1107426
Вардарска_Македонија	7265
2000/2001_Прва_фудбалска_лига_на_Македонија	189012
Македонска_азбука	13816
Окупација_на_Македонија_во_Втората_светска_војна	777836
Министерство_за_одбрана_на_Македонија	41737
Македонија_во_Првата_балканска_војна	9219
Список_на_македонски_книги_од_2009_година	1051201
Антички_театри_во_Македонија	14352
2013/2014_Прва_фудбалска_лига_на_Македонија	1087313
Список_на_острови_во_Македонија	187144
Македонската_книжевност_во_19_век	130419
Повелба_на_Република_Македонија	33647
Влада_на_Македонија_од_2008	60595
Политичко_влијание_на_Ватикан_во_Македонија	561083
Македонска_транскрипција_на_хебрејскиот_јазик	55307
Филип_V_Македонски	40693
ФК_Македонија_Ѓорче_Петров	27428
Влада_на_Македонија_од_2002	15921
Македонски_Бугари	785938
Македонска_книжевна_авангарда	1065667
Влада_на_Македонија_од_2006	15915
Македонија_домаќин_на_Европски_и_Светски_Првенства	1110572
Македонија_на_Европското_првенство_во_атлетика_2010	733836
Извршен_совет_на_Собранието_на_Македонија_од_1971	1033449
2006/2007_Прва_фудбалска_лига_на_Македонија	51992
Македонски_стопанственици	9779
Кула_(Македонски_Брод)	1099943
Извршен_совет_на_Собранието_на_Македонија_од_1974	1033866
Еврејска_заедница_во_Република_Македонија	1121183
Босанскохерцеговски_Македонци	759224
1992/1993_Прва_фудбалска_лига_на_Македонија	188757
Обединети_за_Македонија	172460
Македонски_парламентарни_избори,_2011	754270
Македонци_во_Велика_Британија	1110009
Македонска_федеративна_организација	764711
Архиепископ_Охридски_и_Македонски	33701
Извршен_совет_на_Собранието_на_Македонија_од_декември_1953	1032490
Првите_театарски_престави_на_македонски_јазик	110064
Црква_„Св._Никола“_-_Македонски_Брод	1107908
Македонски_Хрвати	755405
Список_на_македонски_книги_од_2004_година	1050976
Минато_определено_несвршено_време_во_македонскиот_јазик	177602
Македонскиот_проблем_(статија)	1122120
Македонски_полк_(1759)	20891
Телевизија_во_Македонија	747919
Именки_во_македонскиот_јазик	778475
Македонски_глас	747245
Античка_Македонија	8617
Македонска_Независност	205391
Канадско-македонски_дом	209165
СОУ_„Методија_Митевски_Брицо“_-_Македонска_Каменица	32214
Министерство_за_локална_самоуправа_на_Македонија	1086113
Клуб_на_великаните_на_Македонскиот_Олимписки_Комитет	39281
Внатрешна_македонска_револуционерна_организација_-_Народна_партија	6654
Ниска_Македонија	7517
Знамиња_на_Македонско-одринското_ополчение	1091249
Македонски_идол	706600
Македонка_(Куманово)	778915
2003/2004_Втора_фудбалска_лига_на_Македонија	1112249
Македонски_народни_носии	16094
Исламска_архитектура_во_Македонија	16229
Глаголска_именка_во_македонскиот_јазик	179277
Грбови_на_општините_во_Македонија	208286
Комисија_за_здравство_на_Република_Македонија	67529
Потпретседател_на_Собранието_на_Македонија	70251
Историски_карти_на_Македонија	45679
Санација_на_банкарскиот_систем_на_Македонија	1070717
Македонија_(појаснување)	5866
Список_на_кралеви_на_Античка_Македонија	7471
Македонски_Срби	193994
Список_на_дипломатски_и_конзуларни_претставништва_на_Македонија	67049
Македонци_во_Бразил	1109959
Музеј_на_македонската_борба	771134
Македонска_студентска_организација_„Гоце_Делчев“	764644
Македонски_Црногорци	755049
Ерменци_во_Македонија	749806
Македонска_Ракометна_Супер_Лига_2011–12	1098910
Развој_на_народно-ослободителната_борба_на_Македонија	778301
Грб_на_Македонија	6984
Извршен_совет_на_Собранието_на_Македонија_од_1969	1033444
Женска_ракометна_репрезентација_на_Македонија	66829
Македонска_сага_(филм)	1044402
Млади_социјалисти_на_Македонија	734825
Листа_на_споменици_во_чест_на_Александар_Македонски	34781
Стамболовштината_во_Македонија_и_нејзините_претставници	9239
Слободен_софтвер_Македонија	1105774
Прва_македонска_фудбалска_лига	28124
Македонска_транскрипција_на_албанските_имиња	977817
Езера_во_Македонија	204099
Расцеп_на_Македонската_револуционерна_организација	749829
Денес_над_Македонија	1329
Македонија_во_слики	1100199
Антички_Македонци	21905
Јеховини_сведоци_во_Македонија	205527
Знамиња_на_општините_во_Македонија	56747
Македонско-монголски_односи	72637
Горна_Македонија	1048301
Македонско-руски_односи	195894
Македонска_мафија	1055004
Список_на_змии_во_Македонија	1005082
Македонско-австралиски_односи	1055289
Куп_на_Македонија_(ракомет)	1098446
Кирил_Македонски	37697
Етногенеза_на_македонскиот_народ	22365
Монетарно_таргетирање_во_Македонија	1083829
Државни_награди_на_Македонија	67115
Грбовите_на_Македонија_(книга)	36163
Институт_за_македонски_јазик_„Крсте_Мисирков“	75134
Македонско_Радио_1	1075329
Министерство_за_култура_на_Македонија	733271
Втора_македонска_кошаркарска_лига	1128967
Комунистичка_партија_на_Македонија_(1992)	793288
Македонско_прашање	63404
Влада_на_Македонија_од_јуни_2004	970734
Изработка_на_македонски_народен_вез	16268
Претседател_на_Македонија	4876
Македонија_пред_Балканските_војни	9224
Македонска_патриотска_организација	770165
Монетарна_политика_во_Македонија	1076165
Македонска_аикидо_федерација_-_Аикикаи_Македонија	44614
Амбасада_на_Македонија_во_Киев	1032165
Премиер_на_Македонија	29960
Ден_на_независноста_на_Македонија	64549
Список_на_македонски_книги_од_2000_година	1050859
Список_на_македонски_книги_од_1996_година	1050770
Буџет_на_Македонија	30502
Ослободување_на_Македонија_во_Втората_светска_војна	779772
2011/2012_Втора_фудбалска_лига_на_Македонија	1112561
Религија_во_Македонија	170197
Радиостаници_кои_емитуваат_програма_на_македонски_јазик_во_Австралија	27045
Стоматолошка_комора_на_Македонија	65901
Акцент_во_македонскиот_јазик	778473
Македонски_Албанци	181163
Список_на_македонски_книги_од_1995_година	1050740
Македонски_даб	171659
Климатски_типови_во_Македонија	71443
Удвоени_согласки_во_македонскиот_јазик	21611
Македонска_Ракометна_Супер_Лига_2013-14	1106754
Антички_Македонци_(здружение)	36707
Македонски_полк_(1913)	1062441
Македонци_во_Грција	41222
Список_на_македонисти	156318
Демократски_Фронт_на_Македонија_„Илинден_1903“	199095
Тајна_ослободителна_македонска_организација	26697
Македонска_преродбеничка_азбука	61406
Министерство_за_информатичко_општество_и_администрација_на_Македонија	1086111
Република_Македонија_во_1994_година	188814
Листа_на_македонски_писатели/Ш	32315
Отоманска_Македонија	1114658
Листа_на_македонски_писатели/Х	32311
Листа_на_македонски_писатели/Ф	32310
Листа_на_македонски_писатели/Ч	32313
Листа_на_македонски_писатели/Ц	32312
Листа_на_македонски_писатели/С	32306
Листа_на_македонски_писатели/Р	32305
Листа_на_македонски_писатели/У	32309
Листа_на_македонски_писатели/Т	32307
Список_на_музеи_во_Македонија	12755
Македонски_Власи	194007
Влада_на_Македонија_од_1951	1032243
2001/2002_Втора_фудбалска_лига_на_Македонија	1112239
Фудбалска_репрезентација_на_Македонија	122378
Собрание_на_Република_Македонија	5158
Министер_за_внатрешни_работи_на_Македонија	733297
Листа_на_македонски_писатели/Ќ	32308
Листа_на_македонски_писатели/Џ	32314
Извршен_совет_на_Собранието_на_Македонија_од_1978	1033871
Листа_на_македонски_писатели/Ј	32296
Демократска_Федерална_Македонија	50948
Воен_конфликт_во_Македонија,_2001	117493
Македонистика	15887
Листа_на_македонски_писатели/Ѓ	32290
Листа_на_македонски_писатели/Н	32301
Листа_на_македонски_писатели/М	32300
Листа_на_македонски_писатели/П	32304
Бел_терор_(Македонија)	1057902
Листа_на_македонски_писатели/И	32295
Листа_на_македонски_писатели/Л	32298
Листа_на_македонски_писатели/К	32297
Листа_на_македонски_писатели/Е	32291
Листа_на_македонски_писатели/Д	32289
Листа_на_македонски_писатели/З	32293
Листа_на_македонски_писатели/Ж	32292
Листа_на_македонски_писатели/Б	32285
Листа_на_македонски_писатели/А	32284
Листа_на_македонски_писатели/Г	32288
Листа_на_македонски_писатели/В	32286
Неолитот_во_Македонија	7641
Македонски_куп_во_фудбал_1999-00	1107902
Список_на_македонски_телевизиски_серии	1117640
Прва_партизанска_болница_на_македонско-косовската_и_поречка_бригада	193853
Внатрешна_македонска_револуционерна_организација_(Обединета)	5776
Тарабука_(македонска)	97972
Општо_народно_востание_во_Македонија	779770
Список_на_езера_во_Македонија	736379
Република_Македонија_во_1993_година	188764
Претседател_на_Собранието_на_Македонија	45656
2008/09_Прва_македонска_кошаркарска_лига	1102835
Список_на_македонски_светци	20361
ИФ_Вардар_Македонија	1110655
Либерална_партија_на_Македонија	5109
VІ_македонски_конгрес	183197
Адам_(од_Македонија)	21236
Дојран_(Егејска_Македонија)	1108912
Разгор_на_народно-ослободителната_борба_на_Македонија	779296
Архиепископ_Охридски_и_Македонски_г.г._Ангелариј	37744
Долна_Македонија	1055290
Уметноста_во_Македонија_во_доцниот_среден_век	778472
Бугарски_ставови_во_однос_на_потеклото_на_Македонците	190743
Народноослободителен_младински_сојуз_на_Македонија	779688
1990_во_Социјалистичка_Република_Македонија	188889
Уставен_суд_на_Македонија	6657
Независносложени_реченици_во_македонскиот_јазик	208269
Македонски_Турци	786199
Македонска_фаланга	26426
Македонска_Ракометна_Супер_Лига	1088778
Македонска_банка_за_поддршка_на_развојот	748769
Кајакарска_Федерација_на_Македонија	763074
2014/2015_Втора_фудбалска_лига_на_Македонија	1108287
Жени_на_Александар_Македонски	68149
Федерација_на_фармерите_на_Република_Македонија	23873
Список_на_населени_места_во_Македонија	876
Развој_на_македонската_азбука	154310
Ден_на_востанието_на_Македонија	66953
Шпаркасе_Банка_Македонија_АД_Скопје	1099227
