Челопек_(Кумановско)	11897
Павлешенци	8966
Преспанско_Езеро	14336
Кадино_Село	11524
Општина_Ново_Село	8453
Лесковица	7510
Орќуше	11322
Брезно	11754
Горно_Барбарево	9122
Црвени_Брегови	10598
Костур_(Кривопаланечко)	11152
Глумово	10297
Милетково	10655
Ливоишта	11473
Лесновски_манастир	7523
Тројаци	11553
Локвица	11368
Требовле	11386
Рич	8729
Отовица	8254
Жужње	11309
Богданци	4916
Радовиш	1177
Црвивци	11425
Лепопелци	9007
Слатина_(Поречко)	11378
Аеродром_Свети_Апостол_Павле	22084
Кепекчелија	8896
Осолница	11791
Сретеново	10878
Универзитет_на_Југоисточна_Европа	47579
Киселица_(Кривопаланечко)	11151
Брајчино	11566
Небојани	9031
Бохула	11076
Долно_Врановци	11807
Велес	1154
Универзитет_„Св._Климент_Охридски“	52274
Богомила	11799
Јеловјане	10527
Горно_Оризари_(Велешко)	7506
Непроштено	11760
Острилци	11180
Трново_(Битолско)	10439
Кутлешево	10938
Петровец	11497
Костин_Дол	9027
Градошорци	8747
Крушје	8116
Врбјани	10775
Конопница	9169
Долна_Враштица	8829
Далбеговци	10039
Добри_Дол_(Скопско)	11627
Драгожел	11087
Хераклеја_Линкестис	32007
Куманичево	11095
Лезово	9132
Козјак_(Штипско)	8883
Житоше	10932
Требичино	8750
Климештани	10783
Присад	11547
Висока_Маала	8757
Градец_(Гостиварско)	10637
Шопско_Рударе	10174
Општина_Чучер_Сандево	8470
Лешница_(Гостиварско)	10678
Билазора	64310
Балин_Дол	10664
Јамиште	9151
ФОН_Универзитет	39617
Куково	9130
Пантелеј	8994
Штрбово	11603
Новаци	9981
Пекљани	6642
Горно_Каласлари	8004
Рибарци_(Неготинско)	11613
Струга	1144
Долно_Лисиче	10246
Вила_Водно	127614
Росоки	11324
Коинце	11877
Марена	11097
Дељадровци	11055
Горно_Село	10922
Звечан	11355
Беровци	11508
Близанско	11340
Стар_Истевник	9063
Бучин	11173
Бучим	12037
Лозаново	9173
Марино	11058
Припечани	8884
Габревци	8822
Тануше	11332
Радња	11101
Камени_Кукли	59710
Борово	9155
Клуч_(Петричко)	17735
Општина_Велес	6974
Балкански_Полуостров	1351
Свети_Ахил_(остров)	27009
Булунтули	10562
Селце_(Крушевско)	11185
Оморани	11819
Близанци	9088
Расино	11480
Долно_Ѓуѓанце	11619
Дабниште	11084
Охрид	1258
Робово	8767
Црква_„Св._Пантелејмон“_-_Горно_Нерези	9285
Борино	11172
Негочани	173381
Речане	10690
Јелошник	11758
Мачево	9041
Црничани_(Битолско)	11408
Карамани	10403
Опае	11246
Долна_Бела_Црква	11606
Мичак	8899
Дебреште	10925
Пехчево	5238
Воин_на_коњ_(Скопје)	771181
Загориче	10847
Лениште	11531
Селник	9067
Стоби	7655
Североисточен_регион	160256
Ракотинци	11633
Полаки	8995
Просениково	8723
Црква_„Св._Софија“_-_Охрид	9296
Аразли	10555
Баштево	9154
Влаина	202827
Тумчевиште	10692
Дебреше	10670
Сливово	10794
Европско_првенство_во_ракомет_за_жени_2008	56603
Битолска_тврдина	754278
Долно_Палчиште	10526
Гарван	8821
Свето_Митрани	11184
Градска_Плажа_(стадион)	1019478
Вашарејца	11391
Кожле	11494
Горњани	767565
Лажец	10410
Џепин	12090
Манастир_„Св._Преображение“_-_Зрзе	16245
Горно_Гратче	16223
Бирино	11171
Чурилово	17760
Тепавци	9978
Свети_Николе	3116
Јабланица	14597
Голозинци	11805
Варварица	8751
Селце_(Штипско)	11854
Дрмени	11575
Сретково	11330
Осој_(Дебарско)	5192
Алакинце	8945
Мушково	9099
Чаушли	10882
Црква_„Св._Атанасиј“_-_Џепчиште	755021
Бенче	11338
Македонска_берза	48124
Крајници	11811
Топлица_(Прилепско)	11552
Иса-бегова_џамија_(Скопје)	964144
Маловиште	10416
Блатец	6634
Жиганци	9006
Козјак_(планина)	41022
Мамутчево	8119
Трескавец	20079
Дрвош	8772
Даут-пашин_амам	13217
Лопатица_(Битолско)	10414
Ижиште	11358
Лепенец	200918
Туденце	11072
Добри_Дол	10639
Лозово	8978
Ново_Село_(Штипско)	8868
Конопиште	11092
Ерџелија	8956
Општина_Свети_Николе	7458
Никоман	8878
Трн	10438
Ињево	12038
Манастир_„Успение_на_Пресвета_Богородица“_-_Матка	462145
Еловец	11808
Македонски_народен_театар	108094
Макреш	8960
Липов_Дол	8849
Куртамзали	10873
Драчево	10292
Владиловци	11801
Мажучиште	11533
Новоселани_(Прилепско)	758264
Хаџи-Реџепли	8872
Гечерлија	8766
Груништа	11442
Бојанчиште	11075
Црква_„Св._Јован_Канео“_-_Охрид	8563
Подгорци	12083
Рибарци_(Битолско)	11457
Радибуш	9196
Ракле	11548
Али_Коч	8788
Рудник_Радуша	10370
Горно_Палчиште	10524
СРЦ_Билјанини_Извори	1089219
Аџибегово	8987
Костин_Дол_(Македонска_Каменица)	11256
Оџалија	8900
Подлес	10708
Патишка_Река	11632
Лавце	11744
Куново_(Кратовско)	9098
Бериково	11413
Меџитлија	10418
Злокуќани_(населба_во_Скопје)	17193
Поешево	10426
Орашац	11216
Вржогрнци	9191
Јурумлери	10276
Раштани_(Велешко)	8257
Ресава	11103
Гајранци	9119
Општина_Чашка	8469
Симница	10685
Крушевица_(Прилепско)	11529
Железна_Река	10673
Беловиште_(Гостиварско)	10665
Горна_Бела_Црква	11605
Кетеново	9094
Бузалково	7333
Долно_Оризари_(Велешко)	7509
Орел_(Светиниколско)	11622
Манастир_„Св._Андреја“_-_Матка	16389
Стрновац	11894
Делогожди	12056
Ајранли	10554
Горно_Црнилиште	8952
Мидинци	11009
Љубин	10306
Жидилово	9167
Општина_Лозово	8447
Долна_Бањица	7511
Страчинци	10281
Мачуково	18906
Општина_Центар_Жупа	8468
Градманци	11490
Љуботен_(Скопско)	10249
Којково	9117
Гајре	11740
Селце-Кеч	829826
Лубница	8818
Воиславци	8789
Копачин_Дол	10988
Церово_(Тетовско)	10997
Сушево_(Штипско)	8860
Шелеверци	11560
Стенче	10551
Исак_џамија_(Битола)	1046172
Српци	10435
Мало_Илино	10852
Габровник	11804
Моноспитово	8784
Долно_Средоречие	10780
Киселица	9060
Пожаране	10646
Рибница	11326
Обршани	11164
Дрен_(село)	10803
Општина_Берово	8413
Трсино	6640
Шипокно	11485
Худаверлија	12043
Шемшево	11073
Царевиќ	11556
Глишиќ	11081
Бистрица_(Велешко)	11798
Зелениково	11017
Смилковци	10279
Петралица	9199
Смојмирово	9044
Општина_Кавадарци	6988
Војник_(село)	11865
Нежилово_(Велешко)	11818
Ветуница	9195
Струмица_(река)	44268
Куново	10676
Чрешче	16247
Радишани	10250
Дупјачани	10930
Батање	8893
Тодоровци	9077
Врпско	11514
Крива_Река	24624
Арвати	11563
Смилево	10863
Бигор_Доленци	10619
Нивичани	8993
Виничани	10697
Конско	10653
Прилеп	1133
Мојанци	9002
Дојранско_Езеро	14339
Горно_Оризари	10374
Опила	9194
Чешме_Маале	8813
Зебрњак	765212
Сарандиново	10948
Општина_Струмица	8267
Стрежевско_Езеро	201216
К’шање	11210
Матка_(Скопско)	10307
Кичиница	11311
Герман_(Леринско)	22188
Единаковци	7325
Прибилци	9684
Грко_Поле	10779
Смоквица	10662
Јамуларци	8847
Гарниково	11080
Скандалци	8869
Ресенски_сарај	742095
Широк_Сокак	126916
Власиќи	11778
Цвиланце	11896
Сарчиево	8856
Сопот_(Кумановско)	11224
Жировница	11308
Тиквешко_Езеро	16068
Прстен	10574
Злетово	9143
Речани_(Зајаско)	11010
Турија	9070
Иловица	8773
Стража	11253
Горно_Средоречие	10778
Долно_Јеловце	10671
Брчево	12048
Побожје	11845
Источен_регион	160251
Честево	10581
Јакупица	5980
Студеничани	12104
Ново_Коњарево	8734
Каралобоси	8807
Аеродром_Александар_Велики	22077
Новаќе	10530
Матка_(езеро)	16253
Росоман	11614
Р'нковце	11249
Општина_Неготино	8451
Броштица	11777
Ратае	11069
Македонија_(римска_провинција)	7465
Мешеишта	10786
Драчевица	10802
Могила_на_непобедените	760316
Пареши	11793
Вејсели	10563
Секирник	8775
Прохор_Пчински_(манастир)	65731
Љубанци	10248
Дебриште	11607
Џидимирци_(Велешко)	11050
Ратево	9045
Долно_Јаболчиште	8252
Речани_(Кочанско)	1107813
Борисово	8744
Јаболци	11630
Општина_Гази_Баба	8474
Доброшане	11197
Делчево	1145
Церово_(Гостиварско)	11335
Локвени	10940
Табановце	11227
Доброшани	8840
Лесково	10851
Банско	5334
Таринци	8882
Теново	10552
Црква_„Св._Никола“_-_Штип	1130452
Бунарџик	11054
Горно_Трогерци	8890
Идризово	10274
Дамјан	8790
Смиланци	8835
Долно_Татеши	12058
Добри_лаки	17856
Сојаклари	11046
Кундино	9131
Луково_(Кратовско)	11147
Шум	12081
Мршевци	7301
Гујновци	9125
Степанце	11892
Плаќе	11477
Степанци	8858
Брусник_(Битолско)	10383
Криви_Дол	8846
Орланци_(Скопско)	10378
Лакавица_(Гостиварско)	10677
Долни_Липовиќ	11118
Општина_Дојран	8430
Загорци	8820
Златари	11578
Шеоба	10600
Матка_(кањон)	16251
Покрајчево	8833
Славеј_(село)	11167
Пакошево	11020
Алгуња	11859
Видовиште	9020
Валандово	4917
Плавуш	10573
Облавце	11884
Раборци	12111
Вешје	10584
Лешок	5244
Драгожани	10395
Козичино	10624
Мали_Влај	12072
Косел	11470
Радање	8880
Пискупштина	12082
Маркова_Сушица	7070
Глуво	11842
Руница	11251
Виниче	1109708
Бучиште	9118
Долно_Соње	11628
Општина_Другово	8433
Шивец	11110
Цоцев_Камен	115361
Дуф	11307
Волкодери	11567
Баргала	13333
Уларци	9018
Аљинце	11860
Вртешка	8886
Аџиматово	8984
Гуѓаково	11518
Србјани	10981
Беловодица	11507
Ваксинце	11235
Дедели	10566
Црква_„Св._Атанасиј“_-_Рајчица	738205
Буринец	12049
Иберли	10804
Псача	9203
Карабуниште	7938
Летевци	11495
Мартиница	9175
Осиче	9180
Ново_Село_(Радовишко)	8812
Таор	11024
Музеј_на_македонската_борба	771134
Кошино	10937
Лешочки_манастир	27018
Тополовиќ	11149
Јагол_Доленци	10620
Сули_ан	16076
Војшанци	10585
Кочиште	10849
Ново_Село_(Кичевско)	11417
Ѓурѓевиште	10640
Орехово	10424
Ногаевци	10707
Пуздерци	9139
Ташмаруништа	12088
Приковци	9102
Драгарино	10394
Вражале	11012
Теранци	9014
Чепигово	11558
Завој	11468
Црква_„Св._Ѓорѓи“_-_Курбиново	100444
Семениште	10371
Калуѓерица	8815
Раотинце	11068
Горни_Манастирец	11344
Брајковци	10561
Преглово	11505
Кучкарево	11209
Горчево	17718
Штип	2084
Кавадарци	5232
Врбјани_(Ростушко)	11305
Смолани	11550
Држилово	11629
Ропотово	10947
Аџиевци	11296
Горни_Стубол	9120
Црн_Врв_(Шар_Планина)	125164
Зубово	8736
Коњух	9095
Еднокуќево	8768
Скачинци	10710
Долно_Каласлари	8005
Сарај_(Босилово)	8765
Брезница	11341
Луково_(струшко)	12071
Пишица	9137
Крушевица_(Неготинско)	11609
Седларево	10994
Палиград	11021
Малотино	11881
Витанци	11802
Водоча	8724
Зарепинци	9128
Граешница	10389
Долна_Белица	12055
Крушица_(Светиниколско)	11620
Бадолен	8730
Црква_„Св._Климент_Охридски“_-_Скопје	76017
Сопотско	11599
Света	10859
Саат-кула_(Гостивар)	753319
Долно_Егри	10392
Мустафино	8963
Нижеполе	10419
Радика	16086
Кркља	9171
Ореовец_(Прилепско)	11541
Утово	10868
Хамзали	10542
Сопот_(Светиниколско)	11623
Македонска_Каменица	6996
Режановце	11220
Нивиште	11317
Горна_Бањица	10667
Кривогаштани	11161
Камењане	10528
Србиново	10686
Раец	11102
Коњско_(Ресенско)	11583
Моин	10654
Кованци	124826
Универзитет_„Гоце_Делчев“	99679
Скопско_кале	10459
Добротино	11085
Ново_Село_(Кумановско)	11214
Рилево	10946
Свиниште	10431
Свиништа	11482
Скудриње	11329
Царев_Двор	11602
Буриловци	8949
Завод_и_Музеј_(Штип)	13335
Пчиња_(река)	114463
Емирица	9116
Журче	10846
Требиште	11333
Враготурце	11866
Ракитец	8823
Новоселани_(Битолско)	11400
Лажани	10939
Евла_(Дебарско)	11784
Дабница	11519
Отошница	9190
Габрене	17715
Ложани	12069
Требино	11385
Габрово_(Делчевско)	9055
Беличица	11297
Вранинци	9023
Општина_Крушево	8444
Тополница_(Радовишко)	8801
Дурачка_Река	9166
Могила	10038
Долно_Количани	12095
Сирула	11483
Боговиње	10523
Двориште	9040
Битка_кај_Битола_(1912)	25380
Дојран	5231
Брезица_(Скопско)	11488
Талашманце	9105
Волно	17714
Горна_Бошава	11082
Босилово	8763
Капан_ан	17292
Здуње_(Гостиварско)	10674
Новоселани_(Кочанско)	758262
Општина_Делчево	8427
Лешница_(Кичевско)	11008
Водоврати	10698
Јасен_(резерват)	205417
Калапетровци	8844
Колибари	11007
Мал_Папрадник	11789
Радобор	11404
Демир_Капија	5230
Милино	8981
Алашевце	11233
Струмешница	17757
Дреново_(Велешко)	7503
Брест_(Штипско)	11850
Чајле	10695
Горно_Ботушје	11345
Осинчани	12101
Бибај	11298
Пирава	10572
Пресека	9025
Долно_Орехово	11445
Премка	11421
Град_(Делчевско)	10884
Требеништа	10796
Кесендре	11090
Гургурница	10547
Овче_Поле	22552
Долно_Агларци	10069
Крчин	1097116
Стадион_Цементарница	733121
Горно_Седларце	10525
Трубарево	10283
Долна_Ѓоновица	10672
Вејце	11738
Долно_Строгомиште	11004
Габалавци	9619
T-home_Македонија	69848
Раброво	10575
Селце_(Прилепско)	11549
Горно_Татеши	12054
Елшани	6332
Стогово	20613
Брушани	11077
Коџаџик	11788
Козбунар	8793
Башибос	10560
Колешино	8741
Кочанска_Котлина	46541
Кочани	4953
Пелинце	11887
Оптичари	10423
Вевчани	10582
Дрење	9164
Порта_Македонија	771276
Никиштане	10287
Маково	11450
Градско_Балдовци	8726
Орле	11452
Голак	119170
Општина_Крива_Паланка	8442
Митрој_Крсти	10681
Ристиќева_палата	110041
Чумово	11559
Песочани	10791
Винце	11192
Ораовец_(Велешко)	11041
Национален_парк_Маврово	14420
Чалошево	11049
Калаузлија	8792
Мојно	11398
Грдовци	9003
Боротино	11156
Горенци_(Дебарско)	11781
Долнени	10928
Илинден_(населба)	757270
Брешко	11863
Црешнево_(Велешко)	11833
Преод	8969
Томино_Село	11383
Могорче	10760
Сушево_(Кумановско)	11226
Палата_на_Собранието_на_Македонија	56698
Општина_Бутел	8473
Алинци_(Прилепско)	11506
Музеј_на_современата_уметност_(Скопје)	20920
Општина_Пехчево	8456
Трипатанци	9150
Три_Чешми	8862
Казандол	10569
Рудник_(Велешко)	11043
Сопот_(Кавадаречко)	11105
Мислешево	12073
Баратлија	9206
Сладуево	10860
Трооло	9142
Камен_Дол	11608
Избишта	11579
Вардино	10839
Сачево	8785
Страгово	11106
Неготино_(Полошко)	10644
Југозападен_регион	160308
Праведник	11099
Милетино	10549
Долна_Чарлија	11393
Ново_Коњско	10658
Бела_Црква	11155
Општина_Зелениково	8436
Лешани	10785
Мездра_(Светиниколско)	11621
Чучер_Сандево	11847
Бегово_Поле	476308
Наколец	11591
Национална_Арена_„Филип_II_Македонски“	12683
Општина_Могила	8450
Теарце	11766
Лабуништа	12066
Општина_Конче	8440
Смесница	11022
Козјак_(Ресенско)	11582
Каратманово	8980
Лагадин	6856
Долно_Градиште	166648
Јаргулица	8832
Бистренци	10801
Подвис_(Прилепско)	11166
Синичане	10536
Зрновци	9019
Агино_Село	11186
Крњево	11094
Мусинци	11399
Бродец_(Скопско)	11841
Растојца	10858
Мало_Турчане	10679
Косевица	9073
Чифлик_(Делчевско)	9071
Карловце	11876
Оризари_(Кумановско)	11247
Кадрифаково	8957
Ласкарци	10305
Крстец	11530
Секирани	10432
Маврово	11316
Лера	10411
Немањица	8964
Пена	55175
Гулинци	9192
Горно_Јеловце	10668
Ротино	10430
Македонска_радиотелевизија	60496
Берово	4915
Жабени	10399
Дреново_(Кавадаречко)	11089
Кондово	10302
Општина_Петровец	8455
Општина_Ѓорче_Петров	8475
Долно_Свиларе	10301
Општина_Аеродром	8472
Видуше	11303
Стрмош	9141
Мокрени	11817
Лисичани	11503
Градец_(Кривопаланечко)	11150
Сланско	11377
Горно_Строгомиште	11001
Челопеци	10633
Пендак	9101
Бунеш	9148
Врбјани_(Прилепско)	11158
Доленци_(Битолско)	10391
Матејче	11244
Фалише	11751
Тромеѓа_(село)	11228
Дражево	8738
Кажани	10401
Присојница	11323
Суво_Грло_(Штипско)	8859
Пестршино	9135
Кокре	11528
Вепрчани	11511
П'клиште	9205
Драдња	11088
Зашле	10848
Доленци_(Демирхисарско)	10843
Зубовце_(Кумановско)	11201
Нова_Брезница	11631
Кучичино	9013
Длабочица	9161
Едрениково	8749
Годивје_(Прилепско)	11159
Ратавица	9149
Норово	11179
Општина_Старо_Нагоричане	8464
Слепче_(Демирхисарско)	10861
Копришница	10807
Цревулево	6904
Метежево	9176
Калаузлија_(Радовишко)	12039
Пирок	10532
Скупи	7658
Одри	11762
Станча	9193
Спортски_центар_Борис_Трајковски	47342
Добрача	11870
Пласница	11504
Црква_„Рождество_на_Пресвета_Богородица“_-_Скопје	754954
Лисиче	11814
Бегниште	11074
Нежилово_(појаснување)	11148
Асамати	11564
Сушица_(Гостиварско)	7037
Ранковце	9189
Општина_Вевчани	8421
Куридере	10706
Долни_Радеш	8830
Сливје	10951
Брник	11435
Илиово	9059
Горно_Нерези	10291
Грнчари	11571
Саса	9079
Нистрово	11319
Горно_Соње	11626
Горна_Чарлија	11392
Кукуречани	10408
Барово_(Скопско)	11625
Новосељане	11215
Баракли	10558
Раздол	17868
Црква_„Пресвето_Срце_Исусово“_-_Скопје	1079653
Пухче	8854
Равен	10689
Собри	10576
Селце_(Ростушко)	11327
Горно_Дивјаци	11175
Десово	10926
Државен_универзитет_во_Тетово	16060
Небрегово	10943
Ангелци	8748
Хаме	10767
Горно_Кратово	9090
Рашче	10369
Блаце	10544
Куклица	9097
Арматуш	11432
Јахја-пашина_џамија	16181
Мустафа-пашина_џамија	12944
Зовиќ	11447
Р’жаничино	11498
Пелагониски_регион	157778
Социјалистичка_Република_Македонија	2956
Мегленци	10070
Сетоле	11750
Липец	6644
Костурино	8779
Злести	10781
Белушино	11170
Добрушево	11395
Живиње	11200
Клиново	11091
Црнобуки	10440
Црква_„Успение_на_Пресвета_Богородица“_-_Гари	770513
Стрежево	10437
Мала_Црцорија	9159
Бујковци	7298
Црн_Камен	11052
Општина_Сарај	8478
Огњанци	11496
Тресонче	11334
Шаинташ	8814
Галичани	11515
Т'лминци	9183
Црник	9049
Петрово_(Гевгелиско)	10659
Бунарче	11078
Болетин	11301
Горно_Егри	10387
Обедник	10855
Зоолошка_градина_Битола	44438
Праленик	11794
Турново	8597
Шталковица	9146
Кушкулија	8760
Папрадиште_(Кичевско)	11419
Писокал	1057750
Згрополци	10704
Буково	10384
Крушје_(Ресенско)	11570
Баланци	11775
Општина_Гостивар	7079
Општина_Дебар	8425
Снегово	10433
Железнец	10845
Долно_Седларце	10548
Тестемелци	8870
Жегљане	11873
Средно_Коњари	11499
Долно_Дупени	11573
Болно	11565
Кичево	5233
Брегалница	46542
Ќоселија	8809
Лазарополе	11314
Враниште	12051
Општина_Демир_Хисар	8429
Слатино_(Тетовско)	11765
Страхојадица	11023
Групчин	10984
Македонски_Брод	5237
Катланово	11493
Липа_(Неготинско)	10593
Куршумли_ан	14466
Форино	10694
Бабино	10833
Волино	10774
Бучинци	7299
Корито	10675
Инџиково	10275
Сушица_(Скопско)	11500
Лихнид	7657
Гарани	11414
Мургаш	11213
Општина_Арачиново	8412
Бачишта	10999
Урвич	6627
Глобочица	12052
Усје	10293
Зрзе	10935
Љубодраг	11212
Оровник	10790
Грушино	10376
Истибања	6635
Штурово	8803
Илино	11580
Вардарска_бановина	16396
Романовце	11222
Бељаковце	11188
Музеј_на_Град_Скопје	12673
Вранче	10921
Средорек_(село)	10952
Скопски_аквадукт	14463
Мокриево	8740
Хума	10663
Мрзен_Ораовец	11975
Велмеј	10773
Ѓермо	11742
Ѓулели	10567
Милошево	11178
Вапила	11463
Битола	877
Бајрамбос	10556
Горно_Крушје	11346
Грљани	6643
Пузајка	11888
Калдирец	12098
Вир	11342
Драчевица_(Скопско)	12096
Манастир_(село)	11537
Сараќино	11749
Дрен_(Прилепско)	11520
Долно_Трогерци	8891
Пезово	11217
Заграчани	12061
Тумба_(врв)	985753
Беласица	4711
Општина_Пробиштип	7328
Општина_Ресен	8460
Паликура	11612
Балдовенци	9977
Крива_Лакавица	200893
Двориште_(Неготинско)	10702
Арабати_баба-теќе	27994
Голем_Папрадник	11779
Латово	11367
Галиште	11079
Безово	12044
Кратово	3120
Раички_манастир	35175
Стругово	10865
Рапеш	11456
Арбасанци	8947
Чешиново	9005
Раовиќ	10368
Отиња	123318
Покрвеник	11594
Магарево	10415
Лавци_(Битолско)	10409
Бедиње	11187
Кнежево	9113
Башали	10559
Прељубиште	11067
Прждево	10809
Општина_Новаци	8452
Гнилеж	9982
Петришино	9136
Злеово	8834
Европски_Универзитет_(Скопје)	124138
Арангел	11412
Турје	10797
Општина_Чешиново-Облешево	10245
Света_Петка_(Сопиште)	25725
Житинени	11786
Делисинци	11618
Алинци_(Битолско)	11388
Грешница_(Кичевско)	11002
Голема_Речица	11741
Лознани	11397
Стар_Караорман	8876
Кален	11525
Присовјани	12085
Древено	9145
Дабиље	12109
Мал_Габер	8901
Ново_Село_(Полошко)	10645
Узем	9188
Марчино	9133
Облаково	10421
Манастирец_(Росоманско)	11610
Батинци	12092
Мождивњак	9177
СУ_„Јосип_Броз_Тито“_-_Скопје	32191
Умово	12105
Врсаково	8838
Добарце	10985
Драмче	9057
Ќафа	10693
Опеница	11475
Стиник	8731
Калиманци_(езеро)	167622
Убиства_кај_Смилковци	973927
Арбиново	10769
Лесново	9144
Зајас	11005
Миладиновци	11059
Дуње	11521
Општина_Боговиње	8416
Кишава	1800
Негорци	9255
Сопот_(Велешко)	11047
Трновац	9108
Тројкрсти	11555
Јени_џамија_(Битола)	418656
Ростуша	11325
Список_на_цркви_и_манастири_на_Македонската_Православна_Црква	12209
Јосифово	10568
Стојаково	10522
Општина_Илинден	7324
Лупште	11369
Список_на_електрани_во_Македонија	733480
Љубинци	9197
Пелистер	14423
Долгаец	10927
Грумази	10067
Ракитница	10857
Чепели	12112
Станци	11153
Требеништа_(некропола)	13018
Виничко_кале	13436
Мурат-пашина_џамија	1044295
Стадион_Гоце_Делчев	733143
Ново_Село_(Демирхисарско)	10854
Биљаник	11434
Бели	8988
Грчец	10299
Ботун	10771
Дедино	8826
Зеленград	9152
Орешани	11019
Базерник	10834
Чифлик_(Скопско)	11636
Кишино	8986
Марул	11538
Мост_на_уметноста	1076541
Кадино	11057
Кнежје	8958
Мислодежда	12074
Бонче	11510
Шурленци	11604
Свидовица	8777
Стровија	10953
Острец	10425
Јакимово	6637
Рамни_Габер	12103
Општина_Чегране	1124087
Текија	11061
Мало_Преспанско_Езеро	26092
Ресен	1147
Мороишта	12075
Демир_Хисар	1872
Долни_Манастирец	11349
Сушево_(Струмичко)	732507
Желево	173353
Коњско	11469
Грчиште	10565
Општина_Тетово	8467
Калиште	10642
Слупчане	11252
Калишта	12064
Скопски_земјотрес_1963	25235
Девич	11348
Стипона	11601
Тајмиште	11011
Татар_Елевци	10765
Доброшинци	8755
Говрлево	9475
Мерово	10990
Карпински_Манастир	169969
Србица	11422
Пагаруша	12102
Кучевиште	7126
Грешница_(Македонски_Брод)	11347
Ливада_(село)	12068
Убого	10711
Полог_(село)	11455
Раштани_(Битолско)	13384
Брештани	11776
Пролет_(скопска_населба)	77117
Робово_(Пехчевско)	9047
Орман_(Охридско)	11476
Старо_Лагово	11551
Пршовце	11764
Куратица	11471
Велушина	10385
Осломеј	11418
Врањевци	9979
Севендекли	10877
Мирче_Ацев_(Прилепско)	11163
Туралево	9109
Кичевски_манастир	24994
Ѓопчели	10872
Ново_Село_(Општина_Желино)	829823
Ломница	10643
Ничпур	11320
Трстеник_(Светиниколско)	11624
Беранци	11389
Македонска_Православна_Црква_-_Охридска_Архиепископија	1148
Плачковица	18121
Корешница	10808
Крнино	11813
Скребатно	11484
’Ржаново	12086
Црква_„Успение_на_Пресвета_Богородица“_-_Дебар	1045629
Дабјани	10924
Бориево	8769
Струмица	1917
Добрино	11016
Суводол_(Демирхисарско)	10867
Општина_Ранковце	8459
Општина_Виница	7264
Лески	6638
Горно_Косоврасти	10756
Ношпал	11401
Варовиште	9156
Бањане	11838
Треска_(езеро)	760142
Клечовце	11204
Ранчинци	8970
Претор	11596
Општина_Центар	8213
Сингелиќ	10278
Слатино	10792
Шашаварлија	8865
Ново_Село_(Велешко)	11040
Страцин	9104
Стајковци	10280
Вељуса	8721
Франгово	12080
Барешани	10380
Панчарево	6928
Патец	10628
Меморијален_центар_на_холокаустот_на_Евреите_од_Македонија	1120933
Ново_Село_(Струмичко)	5979
Крушица_(Кичевско)	10625
Општина_Студеничани	8465
Поум	12084
Маврови_Анови	11315
Чифлик_(Штипско)	8864
Довезанце	11198
Бадар	11486
Кокошиње	11205
Македонија	1135
Карбинци	8879
Богојци	12046
Модрич	5755
Кравари	10404
Гостивар	5083
Арачиново	10375
Горно_Свиларе	10298
Суводол_(Битолско)	11462
Центар_Жупа	11795
Бистрица_(Битолско)	10381
Морани	12100
Ветерско	7450
Ивени	11449
Елово	12097
Тополчани	11554
Дорломбос	8781
Пчиња_(село)	11219
Шопур	8866
Фариш	11107
Брезово	10838
Волково	10284
Виница	5229
Зркле	11357
Суводол_(Македонски_Брод)	11380
Селце_(Тетовско)	10534
Нерези_(струшко)	16959
Географија_на_Македонија	18231
Волковија_(Тетовско)	10546
Туин	11424
Миокази	10626
Општина_Македонска_Каменица	8448
Подбреге	11066
Ушици	126912
Црн_Врв	12108
Волче	11343
Полошки_Манастир	763922
Атишта	10618
Младо_Нагоричане	11882
Отиштино	11822
Теово	11832
Средно_Егри	10434
Горно_Ѓуѓанце	11617
Клепач	11527
Погулево	8796
Орманли	8780
Локов	12070
Козјак_(езеро)	12622
Тауресиум	13571
Жеровјане	10529
Куќа_на_Робевци	68318
Трново_(Гостиварско)	10691
Големо_Коњари	11517
Саат-кула_(Битола)	54161
Мало_Коњари	11535
Церово_(Демирхисарско)	10869
Долна_Крушица	17720
Горенци_(Струшко)	10777
Мрзенци	10657
Општина_Демир_Капија	8428
Гошинце	11238
Бело_Поле	10919
Сенокос_(Прилепско)	7107
Подржи_Коњ	9181
Извор_(Велешко)	11809
Оризари	9022
Пресил	11181
Горно_Агларци	10068
Врачевце	11867
Збажди	12062
Дупјани	10622
Горна_Ѓоновица	10669
Дреновци	10929
Дренок_(Кумановско)	11872
Горно_Дупени	11569
Градиште	11195
Слоештица	10862
Бороец	12047
Музеј_на_Македонија	13061
Горна_Белица	12053
Жван	10844
Жељувино	11874
Голема_Црцорија	9158
Ерековци	9790
Страјане	10688
Богдево	11300
Љубојно	11590
Пепелиште	10594
Добрево	9126
Криволак	10591
Ораовица	8795
Облешево	9010
Бозовце	11736
Јачинце	11202
Ќоселари	8982
Дреново_(Македонски_Брод)	11353
Општина_Кочани	8441
Крушопек	10304
Лешки	8992
Виничка_Кршла	6645
Брежани	10772
Инче	11359
Бурилчево	9012
Никуштак	11245
Малешевски_Планини	307357
Нова_Маала	8756
Старо_Балдовци	8771
Горно_Количани	12094
Вак’в	11191
Мало_Рувци	11536
Општина_Росоман	8461
Новак	11790
Нерав	9178
Волковија	6628
Бајловце	11862
Габрово_(Гевгелиско)	10650
Камен_мост_(Скопје)	12916
Вруток	5559
Колицко	11206
Баскалци	17709
Буковиќ	10296
Мелница	11816
Стадион_Железарница	733115
Крушево	5235
Раковец	10533
Колари	11006
Безистен_(Скопје)	16244
Љуботен_(планински_врв)	12671
Јанчиште	11063
Гевгелија	3118
Жабјани	10931
Р'жаново	11100
Белче	10836
Каврак	9115
Селемли	10521
Градовци	11013
Шишево	10373
Езерани	11577
Јунузлија	8894
Долни_Балван	8888
Патетино	8967
Шипковица	11753
Ковач	11362
Кошани	11093
Ајватовци	7297
Метимир	10417
Думановце	11239
Општина_Босилово	8417
Сариѓол	8810
Ново_Село_(Струшко)	12077
Мало_Мраморани	10941
Заполжани	10934
Добромири	11444
Скрт	17755
Ново_Село_(Дебарца)	10788
Осоговски_Планини	21616
Тимјаник	10596
Малино	8961
Тажево	11382
Кракорница	11312
Дедебалци	11394
Куклиш	8776
Четирце	11231
ГЖС_„Скопје“	120635
Меѓународен_фестивал_на_филмската_камера_„Браќа_Манаки“	1087578
Плаошник	62512
Чифлик_(Кочанско)	9015
Горни_Дисан	10586
Универзитет_„Св._Кирил_и_Методиј“	32021
Врапчиште	10635
Џепчиште	11752
Порој	11748
Курија	10592
Галичник	1691
Биџево	12045
Челопек	10553
Визбегово	10247
Оџовци	11792
Стрмашево	10810
Стануловци	8972
Исхак-бегова_џамија	1044271
Анска_Река	9471
Канал_5_Телевизија	33229
Старо_Село	11071
Желино	10987
Али_Лобаси	8804
Растеш	11374
Дорфулија	8979
Зојчене	17727
Црнилиште	10954
Општина_Желино	8434
Слепче_(Прилепско)	10950
Рамна	10428
Горно_Лакочереј	11465
Октиси	9563
Јанковец	11581
Ѕвегор	9058
Велебрдо	11302
Драслајца	12059
Арнакија	10294
Лопатица_(Прилепско)	11532
Копаница	10303
Алдинци	12091
Пештерница	10595
Плевење_(село)	11824
Глоѓи	11756
Леуново	11313
Брзак	11190
Грекај	11306
Нов_Караорман	8877
Неготино	3096
Битка_кај_Ороник_(1456)	200900
Самуилова_тврдина	14464
Кореница	11160
Општина_Чаир	8479
Органџали	10876
Дивље	11491
Селци	12087
Вишни	12050
Бигла	9051
Кривци	10759
Нов_Истевник	9062
Уланци	10712
Долно_Српци	11396
Плешанци	9138
Согле	11829
Долно_Црнилиште	8953
Вардар	1313
Општина_Маврово_и_Ростуша	10243
Зубовце	10641
Горни_Липовиќ	11117
Загорани	11523
Прељубје	11595
Кобилица_(планински_врв)	125171
Прдејци	10660
Општина_Дебарца	8426
Спанчево	9016
Арилево	11169
Штавица	11561
Маргари	10942
Општина_Кривогаштани	8445
Старо_Коњарево	8735
Калањево	10590
Свеќани	10709
Црква_„Св._Димитриј“_-_Скопје	157719
Градско	10700
Палатица	10992
Дурутлија	8806
Виштица	11236
Чемерско	11108
Сошани	10795
Макреш_(Кумановско)	11880
Евла_(Ресенско)	11576
Удово	10579
Долно_Крушје	11351
Добровница	9165
Гризилевци	9124
Татарли	10577
Смиловци	11828
Букојчани	11000
Долна_Лешница	10986
Општина_Охрид	8454
Кучково	10286
Долни_Стубол	9121
Врбица	9009
Јабланица_(село)	12063
Џидимирци	10599
Карбуница	10623
Годивје_(Охридско)	10776
Список_на_острови_во_Македонија	187144
Кучица	8887
Саждево	11183
’Рлевци	16960
Мал_Радобил	11534
Стрима	11254
Попадија	11826
Жичница_„Милениумски_крст“	28653
Дренак	9162
Булачани	10272
Глажња_(езеро)	200250
Петралинци	8764
Мојанци_(Скопско)	10377
Аеродром_Логоварди	1060603
Јегуновце	5243
Тработивиште	9069
Беловиште	5240
Неокази	9134
Пелагонија	13503
Василево	8745
Велесело	11438
Русјаци	11375
Вирово	10840
Амзабегово	8946
Долно_Лакочереј	11467
Маркови_Кули_(Прилеп)	14343
Велешта	11030
Студена_Бара	11225
Одрено	9198
Општина_Сопиште	8462
Битово	11339
Попчево	8727
Николиќ	10874
Кочилари	10705
Сушица_(Поречка)	7075
Долани	8841
Мренога	10853
Шаховска_олимпијада_1972	101539
Брест_(Скопско)	11840
Вратиславци	9054
Волково_(Прилепско)	11513
Воѓани	11157
Општина_Шуто_Оризари	8480
Мала_Речица	11746
Вранештица	10621
Железница_(село)	18250
Гумалево	11014
Очипала	9064
Крстоар	10407
Сушица_(Ростушко)	11331
Боиште	10837
Моштица	9076
Милениумски_крст	6845
Долно_Чичево	10703
Седларци	8752
Будинарци	9038
Крапа	11366
Стамер	9068
Другово	10963
Велгошти	1729
Бараково	10835
Црвена_Вода_(Скопско)	12107
Здуње_(Порече)	11356
Ѓавато_(Битолско)	10398
Бродец	10666
Курбиново	11586
Беровско_Езеро	67350
Ореовец_(Порече)	11372
Саат-кула_(Скопје)	16439
Бајрамовци	11774
Фурка	10880
Копанце	11064
Дренок	9127
Браилово	10920
Гари	10755
Путурус	11403
Стрелци_(село)	11423
Жилче	11062
Сулдурци	8799
Велмевци	3119
Црна_Река	16069
Првце	11763
Кучилат	8897
Димонце	9091
Општина_Василево	8420
Б’с	9153
Жеравино	1076623
Чашка	19785
Орман_(Скопско)	10289
Баба_(планина)	5933
Варвара	11755
Треска	69750
Шлегово	9111
Калиманци	6646
Нивичино	8759
Суво_Грло_(Демирхисарско)	10866
Отуње	11747
Крива_Паланка	5234
Чегране	10696
Косово_(Порече)	11364
Лопате	11211
Давидово	10651
Долно_Гратче	63055
Могилец	11370
Долно_Дивјаци	11176
Општина_Валандово	8419
Добовјани	12057
Светораче	10631
Бојане	10295
Бразда	11839
Горјане	10638
Горно_Јаболчиште	8251
Црно_Боци	11796
Стари_Град	11830
Радуша	10367
Пробиштип	5239
Јажинце	5242
Живалево	9093
Добрејци	8722
Бекирлија	11255
Секирци	10949
Крстов_Дол	9172
Чифлик_(Тетовско)	10998
Велестово	11464
Крушеани	11162
Општина_Карбинци	8438
Пескови	125158
Горачино	8839
Забрчани	10933
Ораов_Дол	11820
Вртекица	12093
Горна_Враштица	8828
Џумабос	10883
Гоце_Делчев_(село)	10273
Топлица_(Гостиварско)	10648
Д'лга	11196
Хаџи-Сејдели	8873
Грнчиште	10701
Гиновци	9202
Лаки	6639
Стрисовци	9140
Крилатица	9096
Општина_Врапчиште	8423
Рајчица	6660
Црничани_(Дојранско)	10881
Драгов_Дол	11352
Шутово	11426
Дурутли	10871
Осиче_(Кумановско)	11886
Ваташа	7013
Капиново	11810
Сушица_(Струмичко)	11427
Пешталево	10945
Трново_(Кривопаланечко)	11154
Македонска_пошта	50808
Секулица	9103
Драгобраште	5569
Малчиште	12099
Витолиште	6667
Радиовце	10550
Султан-муратова_џамија	16403
Нераште	11761
Черкези	11230
Муратлија	8904
Владевци	8787
Косматац	11207
Брњарци	10271
Скопска_Црна_Гора	41026
ХЕЦ_Козјак	209212
Белчишта	10770
Крива_Круша	11812
Крани	11584
Сливник	11045
Сарамзалино	8983
Рогачево	5246
Кукурахцево	17739
Огражден	51953
Народна_банка_на_Република_Македонија	40383
Ќојлија	11501
Сопотница	10864
Стримница	10995
Негреновци	8827
Старо_Село_(Македонски_Брод)	11379
Древеник	10397
Света_Петка_(Леринско)	173408
Софилари	8857
Дрим	1097090
Ново_Лагово	11540
Поменово	11825
Кочишта	11787
Барово	10799
Општина_Зајас	8435
Лисец	11745
Глобочица_(езеро)	198495
Пашино_Рувци	11165
Големо_Илино	10841
Клисура_(село)	10805
Судиќ	11856
Мемешли	8782
Речани-Челопечко	10630
Отља	11248
Куманово	1153
Лескоец	11472
Липково	11242
Нивици	173384
Дебар	1888
Југоисточен_регион	160306
Самоилово	8737
Лугунци	8118
Раковец_(Велешко)	11827
Белештевица	7332
Косово_Дабје	9061
Полошки_регион	160268
Шарена_џамија	14467
Војница	11803
Ореше	11821
Лавци_(Ресенско)	11587
Стадион_Ѓорче_Петров	733113
Возарци	7146
Општина_Струга	8463
Умлена	9048
Попова_Шапка	16092
Заград	11354
Марков_Манастир	9283
Танатарци	8861
Татомир	9106
Раклиш	12042
Раштак	10277
Извор_(Кумановско)	11241
Лисолај	10412
Трап	11406
Битка_кај_Мечкин_Камен	207897
Титов_Врв	60318
Брвеница	5241
Ново_Змирново	10420
Печково	10684
Рајчани	9004
Општина_Кратово	7395
Крушево_(Виничко)	11051
Цапари	6539
Бусилци	11800
Злокуќане	11240
Вардарски_Рид	13357
Општина_Осломеј	10244
Општина_Кисела_Вода	8476
Дејковец	11015
Чаниште	11557
Ковче	11363
Дебочица	17570
Ѓавато_(Богданско)	10520
Црква_„Св._Спас“_-_Скопје	13222
Бардовци	10290
Длапкин_Дол	11003
Ново_Село_(Зелениковско)	11018
Врановци	10634
Јагол	11416
Чифлик_(Пехчевско)	9050
ФК_Тетекс	27420
Општина_Зрновци	10242
Стара_скопска_чаршија	13145
Радолишта	12079
Водно	13975
Општина_Гевгелија	7106
Сопиште	11635
Пуста_Река	11182
Тумба_(Маџари)	20674
Кумановска_Река	1104875
Речица_(Охридско)	11481
Староец	51704
Црквино	11048
Поповјани	11420
Црква_„Св._Варвара“_-_Рајчица	738204
Коџалија	8794
Општина_Македонски_Брод	8449
Црешка	11858
Тремник	10597
Кочули	10570
Плетвар	11543
Сиричино	11070
Тркање_(село)	8997
Пиперево	8786
Габрово_(Струмичко)	8743
Митрашинци	9042
Општина_Богданци	24011
Блаце_(Скопско)	11487
Чанаклија	8758
Никодин	11539
Цера	9078
Горно_Чичево	10699
Богородица_(Гевгелиско)	24058
Модриште	11371
Новачани	8250
Аргулица	8881
Ивањевци	9983
Гнеотино	11440
Турско_Рудари	9147
Долно_Коњско	11466
Прибачево	9029
Рабетино	10629
Олевени	10422
Безиково	9024
Градец_(Виничко)	6636
Кутлибег	11208
Проевце	11218
Мавровско_Езеро	16087
Ново_Село_(Битолско)	11451
Долно_Оризари_(Битолско)	10393
Ебеплија	8898
Едеклерци	8843
Трновци	11407
Чардаклија	8863
Горно_Мелничани	11780
Радичево	8762
Галате	10636
Ново_Село_(Ростушко)	11321
Чифте_амам	16232
Општина_Радовиш	8458
Криви_Камен	11562
Габар	9157
Требош	10996
Горно_Коњари	11489
Градец_(Валандовско)	10564
Мартолци	11815
Национална_и_универзитетска_библиотека_„Св._Климент_Охридски“	778229
Јанче	11310
Филиповци	9110
Горно_Коњаре	11194
Опсада_на_Светиград_(1449)	200626
Тетово	1146
Терзели	10578
Слатински_Чифлик	10793
Старо_Змирново	10436
Баниште	10753
Гостиражни	10923
Алданци	11168
Глажња	11237
Топлиќ	11857
Долна_Бошава	11086
Караџалар	8808
Стадион_Кукуш	124567
Горно_Врановци	11806
Пенуш	8851
Габреш	11193
Голем_Радобил	11516
Врбоец	11174
Крупиште	8892
Калуѓерец	11360
Жубрино	11415
Подмоље	11478
Кутретино	10850
Општина_Брвеница	8418
Ѓуешево	36720
Хаџи-Хамзали	8874
Марвинци	10571
Ново_Село_(Скопско)	10288
Битка_кај_Ороник_(1448)	200624
Свето_Тодори	11405
Ново_Село_(Кочанско)	9028
Разловци	9066
Вирче	9053
Пештани	6896
Бања_(Кочанско)	11835
Осоговски_манастир	9301
Општина_Пласница	8457
Лактиње	10784
Подмол	11544
Трстеник_(Кавадаречко)	11616
Ново_Село_(Боговиње)	10531
Црвена_Нива	8998
Отешево	11592
Руѓинце	11890
Споменик_„Илинден“	62626
Пашаџиково	8999
Дулица	9072
Прналија_(Радовишко)	12041
Оздолени	10789
Пештани_(Прилепско)	11542
Комерцијална_банка_-_Скопје	962994
Балталија	11849
Македонска_академија_на_науките_и_уметностите	16908
Луковица_(Тетовско)	9075
Меморијален_центар_на_АСНОМ	323339
Долно_Барбарево	9123
Долни_Дисан	10587
Црешево	10282
Рогле	10993
Чалакли	10580
Старо_Нагоричане	11891
Драгоманце	11871
Сливница	11598
Подареш	8831
Горобинци	4858
Рамне_(Охридско)	11479
Серменин	10661
Луковица_(Македонска_Каменица)	11257
Стадион_Младост	41248
Вардарски_регион	160310
Кумарино	8117
Бродец_(Тетовско)	11737
Дворци	11502
Зоолошка_градина_Скопје	5562
Степанци_(Велешко)	11831
Дворце	10300
Вешала	11739
Општина_Битола	8414
Кошари	9170
Црква_„Св._Великомаченик_Георгиј“_-_Старо_Нагоричане	20963
Негрево	9046
Градски_стадион_Тетово	50787
Костинци	10936
Челевец	10811
Белица_(Порече)	11337
Сува_Гора	50838
Пештерица_(село)	1082017
Беласичка_битка	153493
Кокино_(локалитет)	13353
Бањица	11797
Дебарско_Езеро	35032
Строиманци	8974
Љуботен_(Штипско)	8850
Општина_Кичево	8439
Лакавица	8848
Скачковце	11223
Липковско_Езеро	23781
Јаношево	10589
Кошарка_(Демиркаписко)	10806
Општина_Долнени	8432
Сенокос_(Гостиварско)	7108
Доброште	11757
Конче	8816
Драгоево	8842
Прналија_(Штипско)	8797
Тисовица	11025
Штука_(село)	8774
Гопеш	10386
Кокино	11878
Мраморец	10787
Плоштад_Македонија	15652
Руљак	8885
Црешнево_(Порече)	11387
Сенце	11328
Корошишта	12065
Градски_стадион_Кичево	1019479
Мирковци	11844
Подино	11402
Стањевци	8973
Црква_„Св._Климент_и_Пантелејмон“_-_Охрид	62526
Мородвис	9021
Издеглавје	10782
Веселчани	11512
Вакуф	9089
Долни_Подлог	9001
Тоска	12089
Курфалија	8903
Соколарци	9008
С’лп	11044
Долно_Косоврасти	10757
Јакреново	11177
Петрино	11593
Логоварди	10413
Дихово	10390
Општина_Теарце	8466
Јастребник	8991
Стрезовце	11893
Скопје	2051
Ропалце	11250
Владимирово	9039
Рајца	11597
Општина_Липково	8446
Колешински_водопад	14529
Подмочани	6743
Паралово	11453
Папавница	12040
Бесвица	10800
Брест_(Порече)	8837
Падалиште	10683
Чајлане	10372
Никуљане	11883
Богословец	8948
Припор_(Кочанско)	8996
Бигорски_манастир	8934
Бајково	8733
Драгор	122415
Драгош	10396
Општина_Градско	8424
Самоков	11376
Карабичане	11203
Биљановце	11189
Миравци	10656
Пиперово_(Штипско)	8853
Прилепец	11546
Пеширово	8968
Супурге	8800
Смолари	8739
Шупљи_Камен	11232
Паничари	10308
Братин_Дол	10382
Сирково	11615
Орланци_(Кичевско)	10627
Једоарце	11743
Ветрен	9052
Горна_Лешница	10983
Злокуќани_(Битолско)	10400
Барбарево	8732
Шешково	11109
Умин_Дол	11229
Црвена_Вода	10798
Породин	10427
Општина_Штип	8471
Ѓуземелци	8985
Црква_„Св._Благовештение“_-_Прилеп	190087
Полето	9065
Охридска_книжевна_школа	7927
Мечкуевци	8962
Боровичене	17712
Канатларци	11526
Белановце	11234
Папрадиште_(Велешко)	11823
Врбен	11304
Дешат	36633
РЕК_„Битола“	105323
Скоруша	8819
Иванковци	7937
Орах	11885
Баница	3153
Горни_Подлог	9000
Будаково	11390
Орашје	11065
Спортска_сала_Билјанини_Извори	73678
Елевци	11785
Канарево	11875
Голем_Габер	8902
Мралино	11060
Битуше	11299
Гега_(Петричко)	17716
Речица	11221
Граиште	10842
Општина_Јегуновце	8437
Мокрино	8742
Милутинце	9201
Рамне	11373
Чифлик_(Демиркаписко)	10812
Кошево	8845
Шишевски_Манастир	191517
Долно_Мелничани	11783
Брусник_(Неготинско)	10583
Скопски_регион	160275
Никифорово	11318
Крклино	10405
Општина_Карпош	8477
Ларце	10989
Долно_Перово	11574
Долене	17719
Стадион_Тумбе_Кафе	45494
Злешево	12110
Црква_„Успение_на_Пресвета_Богородица“_-_Ново_Село	269455
Озормиште	10991
Црновец	10441
Вратница	3093
Лојане	11243
Три_Води	8778
Муртино	8783
Канино	10402
Смоларски_водопад	14425
Општина_Вранештица	8422
Кривени	11585
Собрание_на_Република_Македонија	5158
Дуброво	10588
Радово	8770
Балинци	10557
Долно_Коњаре	11199
Русиново	9043
Долно_Коњари	11492
Држани	8805
Дукатино	8761
Почивало	8852
Белотино	8728
Адам_(од_Македонија)	21236
Долно_Ботушје	11350
Грбовец	11083
Башино_Село	6659
Цветово	12106
Шипковица_(Радовишко)	8802
Лева_Река	11588
Горни_Порој	25252
Горни_Балван	8889
Калниште	9129
