Rawang	41774
Bandar_Tun_Abdul_Razak,_Keratong	51516
Ba'kelalan	14050
Menara_Alor_Setar	14254
Masjid_Nurul_Ehsan,_Kampung_Sungai_Udang	749758
Sungai_Nibong	103801
Masjid_Kariah_Gadong	750122
Kahang	129543
Damansara,_Selangor	107737
Kabupaten_Kepulauan_Talaud	179720
Stesen_LRT_Bangkit	137440
Mandalamekar,_Cimeunyan	690586
Taman_Pantai_Baru,_Batu_Pahat	692870
Kalimantan_Utara	351073
Kementerian_Komunikasi_dan_Multimedia_Malaysia	89352
Gunung_Tebu	4213
Pitumpanua,_Wajo	44207
Stesen_Komuter_Batang_Kali	177517
Lapangan_Terbang_Batujajar	10684
Masjid_Kariah_Kampung_Juasseh	749887
Stesen_keretapi_Tapah_Road	176148
Kereta_kabel_Langkawi	199282
Sabang	4302
Surau_Ar-_Raudah	748810
Banyumas,_Bojong	668070
Masjid_Rinching_Hilir	748943
Gunung_Jerai	4092
Masjid_Saidina_Umar_Al-Khattab	746189
Puncak_Jaya	4462
Nyuh_Tebel	664981
Kampung_Morten	13702
Kampung_Ladang_Sahak	716834
Batu_Uban	41120
Stesen_Komuter_Pelabuhan_Klang	177633
Kamunting	13459
Lapangan_Terbang_Mau_Hau	10728
Glodok	254095
Kalimantan_Timur	41627
Masjid_Ar-Ridhuan	748781
Dendang,_Kelapa	666001
Marina_Bay_Sands	407004
Lapangan_Terbang_Sumbawa_Besar	10733
Stesen_MRT_Boon_Keng	227324
Saing,_Puding_Besar	665854
Lapangan_Terbang_Antarabangsa_Melaka	66718
Seberang_Perai	14351
Bakauheni	58133
Gelugor	41127
Plaza_Rakyat	418529
Sebagin	666206
Simpang_Yul	665937
Universiti_Diponegoro	33731
Simpang_Ampat,_Melaka	104070
Kompleks_Sukan_Negara	26072
Masjid_Kariah_Sungai_Machang	750416
Pulau_Aman	41270
Raijua,_Sabu_Raijua	218660
Stesen_MRT/LRT_Choa_Chu_Kang	221939
Lapangan_Terbang_Mopah	10727
Masjid_Tanah_Chembong	750076
Stesen_Monorel_Imbi	177651
Air_Belo	665989
Kronjo,_Tangerang	196995
Ranggi_Asam	666022
Stesen_LRT_Abdullah_Hukum	177436
Stadium_Yishun	328992
Masjid_Kampung_Geduhom	749919
Selat_Makasar	147963
Sanirin	615855
Kunak	43420
Johar_Baru,_Johar_Baru	676299
Masjid_Qariah_Kampung_Ibol	749860
Kampung_Bugis,_Buleleng	664547
Lempuing	671266
Surau_Al-Islah	749143
Masjid_Pasir_Panjang	750064
Lamu,_Batudaa_Pantai	679188
Taman_Negara_Lorentz	738529
Gunung_Ledang	4262
Planetarium_Negara	111543
Sukmajaya,_Jombang	667099
Kampong_Padang_Kerbau	742513
Masjid_Nurul_Yaqin,_Kampung_Melayu_Seri_Kundang	748794
Bahorok,_Langkat	185540
Masjid_Jame'_Pekan_Rembau	750130
Kaduela,_Cadasari	668080
Kwitang	676526
Stesen_keretapi_Bagan_Serai	176159
Empangan_Linggiu	346833
Kabupaten_Pulau_Morotai	219283
Kabupaten_Probolinggo	194670
Sangiang_Jaya,_Cimarga	667642
Pulau_Pisang	105447
Stesen_MRT_Yew_Tee	221941
Lapangan_Terbang_Antarabangsa_Kota_Kinabalu	49134
Sungai_Pelentong	312607
Masjid_Kariah_Kampung_Sungai_Dua	749884
Tigaraksa,_Tangerang	197126
Masjid_Al-Ehsan,_Kampung_Sungai_Lang_Tengah	749782
Taman_Haiwan_Singapura	186168
Stesen_MRT_Kent_Ridge	295368
Song,_Sarawak	175443
Pergam,_Air_Gegas	666277
Lebaksitu	667779
Beladin	141482
Kaposang	666201
Bugbug	665013
Masjid_Ar-Rahimah,_Taman_Greenwood	748780
Gunung_Tambora	194009
Litar_Jalan_Teluk_Marina	93886
Kerinci	5702
Kabupaten_Sumbawa_Barat	218106
Hospital_Mount_Elizabeth	189453
Jerteh	54009
Pongok,_Lepar_Pongok	666266
Masjid_Lama_Kampung_Jijan	750391
Berbura	665845
Masjid_As-Sajidin	749359
Cibeber,_Cibeber,_Cilegon	666155
Stesen_LRT_Kerinchi	177437
Daerah_Temburong	126565
Teluk_Dalam,_Nias_Selatan	186278
Lapangan_Terbang_Radin_Inten_II	10743
Masjid_Bandar_Kinrara	749968
Masjid_Jamek_Jamaiyyah_Morib	749779
Aceh_Barat	4293
Sekolah_Berasrama_Penuh_Integrasi_Tun_Abdul_Razak	94437
Surau_Islamiah	750038
Masjid_Kariah_Linsum	750251
Banten	36199
Parigi,_Parigi,_Ciamis	704733
Lingkar_Timur	671239
Masjid_Sultan_Suriansyah	30533
Jaringan_Islam_Liberal	51870
Universiti_Malaysia_Pahang	9065
Gunung_Korbu	4111
Pulau_Klang	55272
Gunung_Malabar	4399
Gebeng	54892
Istana_Maziah	18061
Bandar_Tenggara	57439
Kuala_Pilah	8711
Pasir_Garam,_Simpang_Katis	666315
Putra_Heights	170396
Tibubeneng	351960
Masjid_Nurul_Yaqin,_Kelana_Jaya	749986
Aceh	4291
Kudai	665818
Tamansari,_Pulomerak	667103
Muzium_Pertanian	13466
Malelat	617099
Perintis,_Rimbo_Bujang	685010
Kabupaten_Pekalongan	200042
Maleber,_Andir	685602
Bikang	666204
Gunungputri	668063
Stesen_Komuter_Salak_Selatan	177529
Gunung_Yong_Belar	46024
Stesen_LRT_Salak_Selatan	177050
Pabean,_Purwakarta	667106
Dabong	16633
Galeri_Laksamana_Cheng_Ho	13452
Slim,_Perak	54111
Kerobokan,_Kuta_Utara	352209
Bukit_Lanjan	20910
Pasar_Baru,_Teluk_Segara	671411
Muzium_Rakyat	13456
Istana_Melawati	77501
Masjid_Qariah_Sungai_Timun	750078
Sidodadi,_Boliohuto	679212
Jebus,_Jebus	666157
Buata,_Atinggola	679162
Padang_Panjang	5721
Ampang_Park	61228
Lapangan_Terbang_Cibeureum	10752
Jawa_Tengah	36194
Sekolah_Menengah_Kebangsaan_(P)_Sri_Mutiara	264198
Kuta,_Badung	215971
Bugis,_Anjatan	685652
Suria_KLCC	43972
Port_Numbay	84101
Kota_Jantho,_Aceh_Besar	183541
Lapangan_Terbang_Long_Seridan	338194
Biluhu_Tengah	679193
Rawa_Makmur_Permai	671261
Rantau_Sialang,_Kedurang	671881
Delas	666291
Stesen_LRT_Cheras	177049
Jakarta_Utara	213610
Kabupaten_Batubara	184726
Bendungan_Hilir	676549
Masjid_Jame'_Rantau	750253
Kabupaten_Teluk_Wondama	219749
Gunung_Kencana	667761
Masjid_Al-Amin,_Kawasan_Rumah_Teres	749925
Surau_Al-Ittihad	748800
Sikamat	130089
Kuala_Dungun	54025
Mukim_Sengkurong	126615
Tiroi	130091
Dunggala,_Batudaa	679176
Masjid_Jameatus-Solehah	750173
Jambatan_Selat_Sunda	147956
Mukim_Kiudang	126641
Pontianak_Timur,_Pontianak	220729
Geredug	668074
Cempaka,_Cirinten	667706
Masjid_Sultan_Omar_Ali_Saifuddin	117259
Cisaranten_Kulon	685698
Chikus	42500
Bukit_Bunga	88418
Kampung_Gong_Kepas	717072
Gerbang_Selatan_Bersepadu	26686
Stesen_MRT_Hougang	252627
Jenjarom	16383
Kabupaten_Buton_Utara	183034
Boyan	29956
Pelabuhan_Klang	59271
Tanjung_Kupang	130008
Lapangan_Terbang_Sultan_Aji_Muhamad_Sulaiman	10756
Ampang_Jaya	149356
Gunung_Merapi	4409
Parit_Padang	665816
Bukit_Fraser	54889
Belimbing,_Pahang	129576
Pulau_Merambong	107787
Sungai_Baru,_Mentok	665983
Pulau_Tawar	188866
Biqueli	615924
Kota_Shahbandar	130056
Maras_Senang	665926
Masjid_Kampung_Nuri	749916
Bilato	679199
Banang_Height,_Batu_Pahat	692878
Masjid_Darul_Ehsan,_Taman_Tun_Abdul_Razak	748788
Monas	679151
Jelambar_Baru	676277
Talagakulon	710249
Masjid_Al-Malik_Khalid	19052
Luwu_Utara	179274
Kampung_Kok_Jering	207267
Pulau_Besar,_Melaka	12948
Daerah_Brunei_Muara	126562
Kota_Banjar	57718
Putatan	226409
Gunungsari,_Banjarsari	667252
Taman_Burung_Jurong	445771
Institut_Piawaian_dan_Penyelidikan_Perindustrian_Malaysia	34655
Sukadadi,_Arahan	685693
Sungkai	15123
Langkat	5311
Pelabuhan_Tanjung_Pelepas	15873
Stadium_Merdeka	30473
Mootilango	679152
Kabupaten_Ende	218155
Lapangan_Terbang_Antarabangsa_Langkawi	51632
Masjid_Kariah_Melang	749866
Masjid_Al-Islah,_Batu_6	749585
Tanah_runtuh_Hulu_Langat_2011	287154
Wanguk	685670
Kabupaten_Sigi	182492
Malim_Nawar	13288
Surau_Zaitun	748808
Masjid_Jamek_Sultan_Abdul_Aziz	749922
Stesen_Hang_Tuah	127637
Shah_Alam	10463
Wono_Kerto	678253
Orang_Kanaq	44069
Kabupaten_Konawe_Selatan	183093
Sungai_Pelentong,_Negeri_Sembilan	312608
Pinrang	179336
Ilomata,_Boliohuto	679204
Ciburial,_Cimeunyan	690583
Stesen_MRT_Pasir_Panjang	295476
Sungai_Sedili_Besar	136421
Kampung_Alor_Belanga	715336
Mukim_Tamoi	126619
Kanowit	175428
Bagan_Nakhoda_Omar	59221
Kimak	303147
Masjid_Kariah_Felda_Palong_12_dan_13	749465
Toboali	666173
Bandar_Kundang	347821
Bachok	212
Bandar_Saujana_Putra	130102
Bandar_Bukit_Tinggi	64989
Keretak	666304
Bukit_Selambau	14317
Selat_Melaka	12376
Bario	311771
Kabupaten_Supiori	220321
Little_India,_Pulau_Pinang	335070
Sungai_Melaka	93586
Menara_KOMTAR	13354
Pulau_Tenggol	141526
Mount_Erskine	103804
Cisampih,_Banjarsari	667253
Stesen_MRT_Lavender	224359
Kuala_Lumpur_Sentral	41787
Lampisang,_Peukan_Bada,_Aceh_Besar	183707
Langkawi	2217
Jambatan_Suramadu	147953
Hera_(Christo_Rei)	615932
Lapangan_Terbang_Mersing	114787
Mambau	112960
Empangan_Klang_Gates	194795
Lhokseumawe	5265
Sungai_Gombak	64702
Gopeng	12737
Nusa_Indah,_Ratu_Agung	671267
HMS_Prince_of_Wales	38627
Stesen_MRT_Bukit_Batok	221935
Lapangan_Terbang_Jendarata	85160
Jinjang	290523
Masjid_Nurul_Iman,_Kampung_Telok_Gadong	749759
Institut_Seni_Indonesia_Yogyakarta	57201
Pangek	665971
Masjid_Permatang_Keriang	16121
Cimanyangray	667759
Curiosity	404598
Gunung_Tama_Abu	47065
Menara_Maybank	13076
Tasik_Maninjau	179433
Sri_Medan	130023
Pulau_Mabul	66155
Masjid_Jamiul_Ehsan	750146
Gurun,_Kedah	14311
Kampung_Gong_Medang	715342
Rumah_Agam_Cheong_Fatt_Tze	75698
Kampung_Satey,_Batu_Pahat	692876
Manggungjaya,_Bojong	668075
Masjid_Jamek_Samadiah	749574
Kabupaten_Minahasa_Utara	180121
Lapangan_Terbang_Taiping,_Malaysia	116954
Sekolah_Menengah_Jenis_Kebangsaan_Chung_Ling_Butterworth	31380
Cisuren	667266
Pompa_Air,_Bajubang	680708
Gunung_Klabat	4438
Parit_Bunga	16178
Kabupaten_Solok	5725
Lapangan_Terbang_Changi_Singapura	34862
Bemban	106853
Kubang_Kerian	137239
Lapangan_Terbang_Nangapinoh	10680
Gua_Musang	46945
Masjid_Al-Istiqamah,_Kampung_Sungai_Merab	750158
Tebing_Tinggi,_Maro_Sebo_Ulu	680751
Kerajaan_Luwuk	63238
Kabupaten_Majene	180214
Stesen_LRT_Sentul_Timur	165729
Temerloh	6426
Masjid_Al-Falah,_Jalan_USJ_9/1	749934
Bukit_Lawang	11290
Lampung	135935
Gunung_Agung	23631
Dul	666327
Kecamatan_XIV_Koto	674032
Bulakan,_Gunung_Kencana	667753
Surau_Pusat_Serenti_Dengkil	750190
Manjung	13366
Kepulauan_Sunda_Kecil	56940
Banda_Sakti,_Lhokseumawe	184592
Stesen_keretapi_Kuala_Lipis	176298
Aceh_Jaya	5258
Stadium_Hang_Jebat	316534
Muko-muko	75510
Lapangan_Terbang_Pangandaran	10683
Surau_Al-Ehsan,_Kelana_Jaya	750026
Rambat,_Simpang_Teritip	665968
Carangsari	351930
Sido_Mulyo,_Gading_Cempaka	671243
Stesen_MRT_Caldecott	295716
Bank_Indonesia	16772
Masjid_UNITEN	750181
Mukim_Mentiri	126625
Masjid_Al-Muttaqin,_Selayang_Pandang	748778
Masjid_Al-Firdaus,_Bandar_Baru_Selayang	748771
Stesen_keretapi_Tanjung_Rambutan	176153
Gunung_Berapi_Rinjani	17922
Stesen_LRT_Damai,_Malaysia	177412
Ciroyom,_Andir	685595
Sipitang	117675
Kuala_Pahang	130057
Kaliurang	56895
Sei_Bingei,_Langkat	185556
Sungai_Endau	143984
Lapangan_Terbang_Antarabangsa_Kuala_Lumpur	16859
United_World_College_of_South_East_Asia	119947
Stesen_Komuter_Batu_Caves	178681
Lendu,_Melaka	106857
Muzium_Orang_Asli	13464
Berastagi,_Karo	185463
Demak,_Indonesia	106690
Masjid_Al-Abidin	749348
Litar_Pasir_Gudang	93903
Kampung_Benting_Lintang	715292
Lapangan_Terbang_Cut_Nyak_Dien	709817
Amcorp_Mall	410911
Taman_Batu_Pahat,_Batu_Pahat	692803
Surau_Al-Hijrah	749774
Gunung_Tahan	30
Astana,_Sarawak	685978
Wawonii,_Konawe	183079
Ajil	110591
Taman_Emas_2,_Batu_Pahat	692809
Pulau_Aur,_Malaysia	46943
Zouk_Club_KL	355525
Sekolah_Menengah_Kebangsaan_Batu_Lintang	279683
Kabupaten_Banyumas	413988
Tenom	14430
Stesen_MRT_Yio_Chu_Kang	221953
Damansara_Perdana	59254
Terumbu_Mantanani	444847
Malik,_Payung	666226
Kabupaten_Banggai_Kepulauan	180308
Surau_Al-Hidayah,_Seksyen_5	748989
Masjid_Kariah_Seremban	750258
Lembah_Bujang	15088
Kampung_Muhibbah,_Tanjung_Tualang	167157
Masjid_At-Taqwa,_Kampung_Bukit_Kapar	749609
Serdang,_Toboali	666196
Masjid_Batu_10	748886
Pluit	676472
Depok	59111
Malaka_Timur,_Belu	218149
Teunom,_Aceh_Jaya	183972
Kabupaten_Fakfak	155761
Huwongo,_Biluhu	679194
Sekolah_Seri_Puteri	146398
Lampur	666303
Titian_Gantung_Sungai_Kampar_runtuh	174427
Lebakkasih	667744
Kampung_Titingan	102040
Jam_Gadang	179448
Limbung,_Jebus	666024
Sungai_Kemena	304834
Bandar_Sri_Damansara	59238
Masjid_Kampung_Raja_Uda	749752
Sekolah_Kebangsaan_Taman_Sri_Muda_2	218839
Lapangan_Terbang_Antarabangsa_Adisumarmo	10768
Masjid_Ar-Rahman,_Hulu_Bernam	749358
Bumela	679200
Masjid_Jamiul_Hasaniah	749633
Aceh_Utara	4299
Masjid_Nahdah_Al-Islam	749978
TUDM_Kuantan	100015
Masjid_Al-Abrar,_Singapura	767025
Tuban,_Kuta	352222
Lebakgedong	667777
Kota_Tinggi	15476
Pulau,_Pulau_Pinang	172539
Moopiya,_Bulawa	679779
Bebe_Ufe	616123
Masjid_Jamek_Baru_Batu_Kikir	749888
Surau_Pusat_Serenti_Rawang	748807
Empangan_Bakun	47140
Pulau_Kapas	13108
Kepulauan_Sula	152239
Weston,_Sabah	227333
Pulau_Tabawan	167492
Laut_Halmahera	242931
Masjid_Nurul_Hidayah,_Kampung_Seri_Cheeding	749847
Bone	11273
Rumah_Penghulu_Abdul_Ghani	20836
Muzium_Kucing,_Kuching	795160
Batang_Hari	144662
Bakit	666164
Bangka_Kota	666210
Cilegong_Ilir	667250
Sumberkima	664357
Air_Papan	108965
Kampung_Gong_Bayor	715334
Masjid_Raudhatul-Jannah	750177
Pulau_Ketam	46080
Sempan	665861
Jabatan_Kereta_Api_Negeri_Sabah	270758
Mukim_Telisai	126638
Kabupaten_Donggala	180857
Stesen_Komuter_Batu_Tiga	177623
Munduk	664570
Banjarmasin	30653
Masjid_Kariah_Kundur_Tengah	750127
Rias	666198
Riau	5627
Kota_Semarang	59353
Masjid_Al-Khairiah,_Medan_Sri_Keramat	748776
Masjid_Sesapan	748944
Sintok	50246
Pasimasunggu,_Selayar	179240
Bandar_Mahkota_Cheras	129650
Long_Akah	338240
Daerah_Belait	13142
Surau_Al-Fallahiah	748986
Medan	5313
Neglasari,_Agrabinta	685643
Pagarawan	665870
Hospital_Melaka	77630
Kota_Tangerang	197425
Pangsan	351928
Surau_Al-Falah,_Persiaran_Pandan_3	748985
Pelaga	351927
Jemaluang	129542
Batu_Kawa	14000
Masjid_Nurul_Amin,_Kampung_Delek	749757
Empangan_Chereh	113647
Masjid_Al-Amin,_Taman_Tenaga	749926
Masjid_Zakaria	748798
Kota_Kotamobagu	179640
Cadasari	668077
Telekom_Malaysia	42531
Gempa_bumi_Jawa_2007	70587
Kabupaten_Kepulauan_Aru	218985
Timor	17933
Stesen_Komuter_Serendah	177521
Pengkalan_Kempas	13089
Dudepo,_Anggrek	679147
Kayu_Besi,_Puding_Besar	665860
Kampong_Sungai_Teraban	126365
Kota_Samarinda	195332
Kabupaten_Kutai_Kartanegara	225866
Pulau_Jemur	662779
Bandar_Taiping	12530
Pentas_Terapung_Teluk_Marina	338680
Bukit_Kangkar	129537
Kuala_Selangor	13603
Aceh_Besar	4294
Stadium_Hang_Tuah	316533
Pulau_Simeulue	690446
Datarcae	667708
Gunung_Rabong	4164
Cibeunying,_Cimeunyan	690582
Kabupaten_Konawe_Utara	183083
Labu,_Puding_Besar	665858
Kota_Kuala_Muda	187044
Potanga,_Boliohuto	679211
Kabupaten_Sleman	56584
Jeriji	666202
Tanjung_Kling	106865
Beruas,_Kelapa	666012
Kabupaten_Cilacap	86389
Batu_Arang	59246
Labis	39094
Seberang_Perai_Tengah	103698
Jambatan_Putra	115571
Universiti_Pendidikan_Sultan_Idris	1402
Taman_Hillview	170399
Malaka_Tengah,_Belu	218148
Candi_Muara_Takus	57802
Parit_Buntar	16318
Stesen_MRT_Haw_Par_Villa	289854
Jambatan_Sungai_Johor	291904
Bangunan_Sultan_Abdul_Samad	12881
Kota_Setia	54105
Letusan_Gunung_Merapi_2010	223861
Sekolah_Kebangsaan_Abaka	277932
Mancung	665997
Puncak_Mandala	190071
Baturusa	665875
Bandar_Seri_Putra	130101
Kalitimbang	666586
Batu_Pahat	31525
Seremban	762770
Masjid_Qariah_Sawah_Raja	750079
Bestari_Jaya	129572
Masjid_Kampung_Bemban	750386
Hospital_Pakar_Sultanah_Fatimah	77655
Gunung_Slamet	4407
Payakumbuh	5720
Masjid_Al-Istiqamah,_Kampung_Sungai_Buaya	749789
Masjid_Al-Hidayah,_Taman_Melawati	748772
Inanam	50104
Balai_Seni_Visual_Negara	67771
Masjid_Omar_Kampong_Melaka	116946
Parit_Besar,_Batu_Pahat	692855
Masjid_Qariah_Tanjung_Berangan	750075
Masjid_Jamek_An-Nur,_Labuan	794267
Bangi	25493
Masamba,_Luwu_Utara	179285
Kabupaten_Timor_Tengah_Utara	218788
Lapangan_Terbang_Antarabangsa_Sam_Ratulangi	10701
Deli_Serdang	5308
Kapit	39666
Gunung_Ulu_Jerneh	47120
Kota_Fakfak	155762
Masjid_Sultan_Abdul_Samad,_KLIA	750179
Masjid_Klang_Utara	749756
Kabupaten_Tolitoli	182696
Kampung_Cerang_Meliling	458516
Sidenreng_Rappang	11379
Kuta,_Kuta,_Badung	215975
Kulaijaya	100772
Sundawenang,_Salawu	705963
Kaungcaang	668082
Machang	214
Kabupaten_Minahasa	179730
Taman_Flora_Utama,_Batu_Pahat	692908
Laut_Sulawesi	147569
Trong	16323
Lot_10	188319
Masjid_Kariah_Felda_Palong_9,_10_dan_11	749571
Ampang,_Kuala_Lumpur	265289
Kota_Darul_Ehsan	24804
Dalil	665930
Kampung_Nahaba	768433
Tulamben	664993
Serkam	102777
Masjid_Proton	749989
Surau_Penjara_Sungai_Buloh	748806
Cisarenten_Bina_Harapan	685699
Penajam,_Penajam_Paser_Utara	228519
Masjid_Kariah_Taman_Bukit_Chedang	750262
Sadai,_Tukak_Sadai	666169
Sungai_Perak	14626
Telipok	225423
Bantaeng	39912
Sipayung,_Cipanas	667701
Stesen_MRT_Lorong_Chuan	289283
Nangka,_Air_Gegas	666290
Terentang,_Kelapa	665993
Tampin	13036
Sukanegara,_Gunung_Kencana	667765
Blang_Kejeren,_Gayo_Lues	184335
Sekolah_Menengah_Sains_Tengku_Muhammad_Faris_Petra	31942
Pelayang_Singapura	95443
Munggu,_Sungai_Selan	666302
Taman_Berlian,_Batu_Pahat	692904
Stesen_keretapi_Rantau_Panjang	176317
Cheroh	130053
Teluk_Danga	322726
Sungai_Bengawan_Solo	123597
Pulau_Besar,_Johor	50449
Kabupaten_Pandeglang	196509
Bandar_Seri_Begawan	2009
Masjid_As-Solehin	748884
Geografi_Singapura	136721
Lapangan_Terbang_Sultan_Mahmud_Badaruddin_II	10760
LionsXII	318972
Dusun_Baru_Pelokan	673981
Surau_Asy-Syakirin,_Taman_Puchong_Utama	750033
Lombong,_Johor	129552
Masjid_Al-Huda,_Kampung_Paya_Jaras	749938
Kedah	2214
Tamparuli	49643
Padang_Baru,_Pangkalan_Baru	666323
Stesen_MRT_Tuas_Link	294349
Stesen_LRT_Bangsar	177435
Mukim_Kuala_Balai	126630
Umakaduak	616075
Tanjung_Labu,_Lepar_Pongok	666259
Pusat_Pemuliharaan_Orang_Utan_Sepilok	114403
Pulau_Haruku,_Maluku_Tengah	219006
Kabupaten_Biak_Numfor	219892
Tanjung,_Tabalong	222437
Kuala_Perlis	6963
Lambah,_IV_Angkek,_Agam	201583
Hutan_Melintang	13277
Pulau_Maya_Karimata,_Kayong_Utara	220718
Makam_Hang_Jebat	71974
Kota_Padang	16781
Masjid_Al-Husna,_Jalan_PJS	749940
Gunung_Pelawan	665918
Ciburuy,_Curugbitung	667714
Lombok	17872
Sumber_Jaya_Permai	666212
Muzium_Kecantikan	13457
Kampung_Petani,_Batu_Pahat	692877
Bandar_Pasir_Mas	187702
Kampung_Telaga_Nibong	715620
Giriharja,_Cipanas	667691
Cahayamekar	668071
Pantai_Pengkalan_Balak	14183
Stesen_LRT_Kelana_Jaya	130854
Stesen_Komuter_Kampung_Batu	209353
Selat_Johor	144053
Tugu_Dewa_Muruggan	348484
Stesen_Bandar_Tasik_Selatan	177053
Kepulauan_Melayu	10974
Sayan,_Indonesia	664659
Gunung_Wilis	4421
Sulawesi	4434
Cupat	666163
Banjarsari,_Lebakgedong	667775
Jakarta	9359
UEP_Subang_Jaya	64991
Kebun_Beler	671262
Serian	58428
Universiti_Pengurusan_Singapura	6961
Lima_Kedai	129550
Lapangan_Terbang_Tambolaka	10715
Jambatan_Sultan_Abdul_Halim_Muadzam_Shah	43488
Petamburan	676555
Kumbung,_Lepar_Pongok	666269
Stesen_MRT_Kovan	252624
Kulai	16307
Soppeng	11275
Jugra	13122
Gunung_Gayong	4110
Tasik_Chenderoh	666568
Kabupaten_Buton	183017
Lapangan_Terbang_Long_Akah	164759
Pelabuhan_Belawan	188543
Tugang	665991
Masjid_Darus_Salam	750142
Cadaskertajaya	710251
Maluku_Utara	41631
Cheras	12645
Kalanganyar,_Kalanganyar	667770
Bangli,_Bangli	216668
Kampung_Kayu_Kelat	715407
Surau_Al-Hidayah,_Bandar_Bukit_Tinggi	749773
Masjid_Qaryah_Serdang	749990
Aweh	667767
Benoa	352219
Lapangan_Terbang_Syamsudin_Noor	10697
Masjid_Ridhwani	749994
Barusjahe,_Karo	185456
New_Guinea	290544
Danau_Toba	11230
Sekolah_Kebangsaan_Ajil	210459
Kabupaten_Tebo	213941
Pulau_Anak_Bukom	144029
Masjid_Nurul_Iman,_Pekan_Rawang	748793
Mukim_Kuala_Belait	126627
Sukajaya,_Pulau_Besar	666213
Kabupaten_Buleleng	216672
Lenggong	17023
Taman_Molek	130049
Masjid_Al-Ehsan,_Hulu_Yam_Lama	749349
Masjid_Jamek_Sungkai	17910
Sinabun	664073
Sungai_Bakap	14367
Kabupaten_Boalemo	180155
Tanjung_Bidara	106864
Gunung_Sumbing	4410
Sekar_Biru	666020
Stesen_MRT_MacPherson	288734
Senarai_gunung_berapi_di_Indonesia	211650
Muzium_Perhutanan_Negeri_Melaka	329115
Sekolah_Menengah_Kebangsaan_(L)_Bukit_Bintang	139253
Mukim_Liang	126629
Denpasar	9364
Kandang_Mas	671246
Hospital_Taiping	77487
Nusa_Kambangan	56910
Kecamatan_Mukomuko_Utara	673882
Kampung_Merdeka,_Batu_Pahat	191680
Wisma_Sanyan	425423
Masjid_Al-Mukminun	749956
Lapangan_Terbang_Antarabangsa_Sultan_Iskandar_Muda	10690
Melaka_Tropical_Fruit_Farm	108083
Jayapura,_Cipanas	667697
Selat_Sunda	53092
Lombong_Grasberg	79314
Tebing,_Kelapa	665994
Peringgit	82715
Taludaa	679225
Chiku	106674
Gua_Tempurung	5520
Yong_Peng	59366
Masjid_Bukit_Sentosa	749365
Tawau	6425
Pemuteran,_Gerokgak,_Buleleng	217072
Gelang_Patah	125427
Kabupaten_Halmahera_Utara	219226
Martapura,_Banjar	221318
Bangsar	41065
Gunung_Benom	4225
Gereja_Christ	13502
Barakati	679174
Borong,_Manggarai_Timur	218604
Kecamatan_Cimeunyan	693974
Sungai_Besar	37565
Stesen_LRT_Ampang_Park	177413
Gunung_Bromo	38928
Pelabuhan_Singapura	152405
Kuala_Lumpur	659110
Masjid_Wilayah_Persekutuan	116949
Masjid_Kariah_Kampung_Sega	750259
Sungai_Ruan_Ilir	680749
Machang_Bubuk	14357
Taman_KLCC	186455
Masjid_Jamek_Pekan_Kajang	748814
Masjid_Tun_Abdul_Aziz	750024
Teminabuan,_Sorong_Selatan	219544
Moodulio	679223
Masjid_Lubuk_Kelubi	748938
Malabero	671410
Mootinelo,_Bone_Raya	679542
Kebun_Kenanga	671263
Plentong	129569
Oya,_Sarawak	150216
Sungai_Asahan	144666
Kolej_Universiti_Teknologi_Antarabangsa_Twintech	9083
Stadium_Utama	138334
Masai,_Johor	129555
Sungai_Choh	303974
Stesen_MRT_Telok_Blangah	295203
Gerem	667090
Kabupaten_Muna	183149
Masjid_As-Solihin	749597
Mentakab	16669
Kaduengang	668081
Abani,_Timor_Leste	617095
Kota_Bima	217973
Lapangan_Terbang_Sorong	138614
Universiti_Tun_Hussein_Onn_Malaysia	9062
Lurah_Bilut	15478
Usitasae	617074
Bukit_Batu_Lawi	4371
Istana_Besar	124289
Kopyah	685666
Masjid_Sungai_Masin	749374
Padang_Burnai,_Bunga_Mas	671433
Masjid_Bandar_Baru_Sungai_Buloh	749967
Lapangan_terbang_Silangit	709888
Riau,_Riau_Silip	665838
Empangan_Timah_Tasoh	114782
Stesen_Komuter_Kampung_Dato_Harun	177613
Masjid_Agung_Semarang	325191
Grand_Prix_Malaysia	93572
Bukit_Katil	106854
Sekolah_Menengah_Kebangsaan_Taman_SEA	195992
Masjid_Istiqlal	26330
Stadium_Nasional_Bukit_Jalil	26044
Masjid_Negeri_Pulau_Pinang	15491
Lapangan_Terbang_Keningau	164745
Kampung_Bali,_Tanah_Abang	676551
Kampong_Penanjong	126857
Surau_Abu_Bakar_Ali_Bashah	749376
Pasirhaur	667700
Meureudu,_Pidie_Jaya	184471
Syburi	35882
Kereta_api_Bukit_Bendera	155206
Kabupaten_Bolaang_Mongondow_Timur	179701
Kabupaten_Puncak_Jaya	220288
Kolej_Melayu_Kuala_Kangsar	179
Carcosa_Seri_Negara	17802
Kabupaten_Jepara	9796
Kampung_Sungai_Bari	351107
Lapangan_Terbang_Rokot	709899
Lubuk_Sikaping,_Pasaman	204079
Stesen_MRT_Downtown	288636
Esplanade_â€“_Theatres_on_the_Bay	756478
Julah,_Tejakula,_Buleleng	217844
Pusat_Darah_Negara	286331
Tenggarong,_Kutai_Kartanegara	227019
Pulau_Kapalai	227673
Kandangan,_Hulu_Sungai_Selatan	222264
Masjid_Batu_12_Puchong	749969
Natal,_Mandailing_Natal	185580
Bukit_Gelugor	299330
Masjid_Al-Ikhwaniah	748827
Sekolah_Menengah_Sains_Hulu_Selangor	11059
Masjid_Tanjung_Agas	750065
Asahan,_Melaka	77298
Taman_Damai,_Batu_Pahat	692805
Pidie_Jaya	184455
Taman_Peserai,_Batu_Pahat	693747
Stesen_MRT_Potong_Pasir	253541
A'_Famosa_Resort	13706
Masjid_Kariah_Taman_Marida	750250
Benteng,_Selayar	179231
Janda_Baik	54899
Changkat_Keruing	13431
Gua_Gomantong	747615
Seberang_Jaya	40354
Jerlun,_Perak	130113
Lundu	150218
Menara_Berkembar_Petronas	9313
Ciwaduk	666594
Ranggas	666276
Lembangan_Maliau	91518
Pekan_Kuah	14547
Jakarta_Selatan	213612
Danau_Kerinci,_Kerinci	211351
Lapangan_Terbang_Rahadi_Usman	10761
Semenyih	12603
Luhurjaya	667698
Masjid_Kariah_Kampung_Mantin_Dalam	750252
Masjid_Haji_Mat_Saman	748888
Pusing	13289
Gunung_Pueh	716456
Mukim_Serasa	126624
Pasar_Tanjung	103054
Ketap,_Jebus	666025
Sik	14239
Stadium_Gelora_Sriwijaya	682581
Masjid_Kariah_Pedas_Hilir	750129
Cariumulya	710252
Bangunan_Kementerian_Kewangan_Brunei	425336
Kampung_Amer	715289
Jombang_Wetan	667096
Orang_Kuala	13601
Lenga,_Johor	129549
Tanjung_Tualang	13291
Lapangan_Terbang_Tjilik_Riwut	10702
Stesen_MRT_Tiong_Bahru	224835
Masjid_Jamae	117122
Gunung_Karangetang	208364
Stesen_keretapi_Kepong_Sentral	130725
Kudat	52558
Stesen_MRT_Promenade	287536
Stesen_keretapi_Slim_River	141374
Bukit_Kayu_Hitam	14222
Kota_Kinabalu	2973
Kota_Pontianak	25888
Aquaria_KLCC	177419
Masjid_Kariah_Kampung_Sungai_Dua_Besar	749881
Sekolah_Menengah_Kebangsaan_Bandar_Baru_Ampang	93045
Agam	5718
Mengkarak	130060
Tanjung_Mulya	673986
Timor_Timur	27856
Kabupaten_Kolaka	183042
Timur_Laut_(Pulau_Pinang)	91105
Grand_Prix_Malaysia_2008	90642
Grand_Prix_Malaysia_2007	86927
Grand_Prix_Malaysia_2006	99602
Sungai_Limau	14309
Grand_Prix_Malaysia_2003	656535
Kuantan	4635
Pekan_Gurney	65822
Grand_Prix_Malaysia_2000	401966
Air_Duren,_Pemali	665867
Bukit_Kepong	29188
Tebing_Tinggi	5323
Masjid_Acheh	14683
Kota_Tegal	169873
Bedengung	666257
Lapangan_Terbang_Semporna	338196
Kabupaten_Kepulauan_Siau_Tagulandang_Biaro	179719
Surau_Al-Saad	749377
Daerah_Tutong	126566
Empangan_Gemencheh	50429
Kota_Jambi	5635
Saleng	136411
Sungai_Brunei	344480
Masjid_Kariah_Kampung_Rendah	750131
Masjid_Putra	73299
Pranggong,_Arahan	685692
Gunung_Murud	4366
Binjai,_Sumatera_Utara	5306
Kofiau,_Raja_Ampat	219477
Setapak	14245
Penanti	14354
Tanjung_Pura,_Sungai_Selan	666295
Barru	178911
Taman_Negara_Kinabalu	74292
Rasah	130086
Bintangresmi	667669
Ipoh	5810
Batugade	615832
Masjid_Kariah_Kampung_Kuala_Jemapoh	749913
Lirong_Kawit	768534
Lapangan_Terbang_Pinang_Sore	10710
Kota_Serang	197417
Sungai_Singapura	192519
Masjid_Al-Istighfar	150241
Chengkau	331179
Stesen_LRT_Masjid_Jamek	128598
Kabupaten_Mamuju_Utara	180253
Cirinten	667707
Lingkar_Barat	671238
Bagan_Datoh	13279
Masjid_Lapangan_Terbang	749977
Gunung_Merbabu	4411
Masjid_Qariah_Pulau_Mampat	750089
Masjid_Kuala_Pangsun	748896
Stesen_MRT_Marina_South_Pier	291562
Masjid_Zahir	14261
Universiti_Sains_Malaysia	2183
Kabupaten_Bombana	183007
Kabupaten_Sintang	220978
Stadium_Hoki_Nasional_Malaysia	738372
Lapangan_Terbang_Pangkal_Pinang	138611
Cit	665844
Amarasi,_Kupang	218257
Sungai_Ciliwung	204118
Pulau_Tekong	125893
Cidikit	667264
Peristiwa_13_Mei	9768
Stesen_MRT_Farrer_Road	298873
Bandar_Baru_Selayang	59234
Selangau	175441
Batu_Gajah,_Perak	93589
Selat_Karimata	59789
Bau-Bau	79441
Pekan,_Pahang	5504
Kota_Damansara	59261
Jurong_Timur	150239
Seririt,_Seririt,_Buleleng	217780
Genting_Highlands	49237
Bahagian_Pantai_Barat	45824
Mengwi,_Mengwi,_Badung	216652
Wisma_FAM	315524
Kenanga,_Sungai_Liat	665831
Duyung_(suco)	626188
Istana_Negara,_Jalan_Istana	5741
Cijakan	668072
Jeniang	50242
Masjid_Taman_Seremban_Jaya	750404
Aceh_Selatan	4295
Nenasi	130061
Stesen_MRT_Commonwealth	224840
Kabupaten_Sikka	218665
Lubuk_Basung,_Agam	201672
Lapangan_Terbang_Tabing	10730
Curugbitung	667742
Lapangan_Terbang_Sultan_Haji_Ahmad_Shah	100246
Air_Gegas	666293
Selat_Bangka	147967
ION_Orchard	178313
Pelabuhan_Barat	152695
Sukadana,_Kayong_Utara	220722
Jelawat	148849
Bener_Meriah	5259
Sungai_Pinang	149179
Sleman,_Sleman	201092
Stesen_LRT_Sultan_Ismail	166091
Kebun_Tebeng	671265
Pulau_Adal	699989
Bera	35667
Tasefeto_Barat,_Belu	218153
Masjid_Al-Ehsan,_Jalan_Jeli_24/25	749929
Pekan_Ringlet	346810
Masjid_Nerasau	26745
Kampong_Air_Semubuk	742518
Kota_Palu	165675
Masjid_Jamek_Pekan_Johol	749915
Kabupaten_Bangli	216666
Singaraja	155946
Senawang	68095
Maluku	11324
Air_Putih,_Mentok	665986
Papar,_Sabah	50105
Lapangan_Terbang_Kijang	10718
Slim_River	53579
Stesen_Komuter_Padang_Jawa	177624
Gedong_Dalem	667095
Ledang	104299
Getasan,_Petang	351929
Kabupaten_Merangin	211494
Bukit_Jelutong	59248
Cisampang	667760
Kota_Kapur	2787
Masjid_Al-Azim,_Bukit_Palah	13901
Kampong_Padang_Keladi	742515
Stesen_LRT_Kampung_Baru	177422
Majlis_Perbandaran_Teluk_Intan	289083
Pasukan_Khas_Laut	48749
Masjid_Kampung_Pasir_Baru	748891
Cikadut	690584
Abi,_Perlis	105800
Bercham	65818
Luwu	28632
Surau_Madaniah	750040
Salak_Tinggi	59277
Curug,_Tangerang	196639
Kampong_Bukit_Balai	742514
Sungai_Pelek	16508
Stesen_MRT_Stevens	296428
Gunung_Santubong	20851
Sindanglaya,_Cimeunyan	690590
Masjid_As-Sobirin,_Kampung_Bukit_Changgang	749837
Pekan_Tutong	126863
Masjid_Kariah_Felda_Palong_1	749470
Masjid_Kariah_Felda_Palong_3	749469
Masjid_Kariah_Felda_Palong_2	749573
Masjid_Kariah_Felda_Palong_5	749567
Lapangan_Terbang_Sibisa	709887
Masjid_Kariah_Felda_Palong_7	749569
Masjid_Kariah_Felda_Palong_6	749568
Masjid_Kampung_Tulang_Rimau	749918
Memorial_Pengisytiharan_Kemerdekaan	13507
Pulau_Pura,_Alor	218138
Bayah_Timur	667263
Lapangan_Terbang_Sintang	138620
Kabupaten_Pasaman_Barat	204254
Masjid_Inayatur_Rahman	749842
Kabupaten_Buru_Selatan	218977
Lapangan_Terbang_Sultan_Abdul_Aziz_Shah	9302
Gempa_bumi_Sumatera_Mac_2005	9572
Masjid_Riadhus-Solihin,_Seksyen_17_40200_Shah_Alam	749991
Jambatan_Sultan_Ismail_Muar	36467
Buki,_Selayar	313256
Mid_Valley_City	329143
Stadium_Perak	68382
1Borneo	425329
Stadium_Darul_Aman	234340
Rawa_Bangun,_XIV_Koto	673984
Terumbu_Siput	444849
Downtown_Core	684674
Beruas,_Simpang_Katis	666318
Natuna	142225
Stesen_LRT_Plaza_Rakyat	166089
Kabupaten_Poso	182119
Padang_Nangka	671241
Stesen_MRT_Dakota	295885
Jambatan_Pulau_Pinang	12882
Mukim_Rambai,_Brunei	126656
Huntu	679177
Pulau_Easter	702960
Aceh_Timur	4298
Masjid_Kampung_Keling	13871
Masjid_Asy-Syakirin_KLCC	43579
Kampung_Changkat	717100
Stesen_keretapi_Batang_Melaka	138413
Stadium_Jatidiri	296431
Sukasari,_Arahan	685695
Masjid_Abu_Bakar_As-Siddiq	749924
Masjid_Kompleks_Tabung_Haji	749976
Stadium_Melawati	144044
Kuala_Ketil	14331
Stesen_keretapi_Kuala_Kangsar	176155
Lapangan_Terbang_Wai_Oti	10766
Masjid_Kuala_Perdik	748897
Lamahu,_Boliohuto	679205
Stesen_Monorel_Chow_Kit	177673
Kabupaten_Boven_Digoel	219906
Gunung_Ambang	4435
Lapangan_Terbang_Naha,_Indonesia	161188
Masjid_Al-Faizin,_Taman_Desa_Jaya	13809
Masjid_Tanah	13035
Bayah_Barat	667262
Sungai_Langat	16381
Kupang,_Kedah	105891
Bengkalis	5704
Fahrenheit_88	188551
Stesen_MRT_Somerset	222027
Warnasari,_Citangkil	667083
Surau_Pusat_Islam	750041
Rompin,_Negeri_Sembilan	130087
Masjid_Kampung_Gadong_Jaya	750402
Masjid_Kampung_Felda_LBJ	750396
Ketileng,_Cilegon	666596
Blitar	313409
Kabupaten_Bangka_Selatan	214254
Masjid_Manbaeil_Uloom	748939
Bandar_Bitung	180135
Mukim_Saba	126623
Machap_Baru	106858
Anjatan_Baru	685650
Borobudur	7161
Dataran_Keris,_Alor_Gajah	14161
Kepoh,_Toboali	666199
Cerucuk	666429
Bukit_Awang	272069
Perlak,_Acheh	106607
Jakarta_Timur	212009
Masjid_Jame'_Bandar_Seremban	750419
Lapangan_Terbang_Antarabangsa_Minangkabau	89345
Masjid_Kemuning	14113
Masjid_Sultan_Ahmad_Shah	90166
Padasuka,_Cimeunyan	690589
Kallang	796046
Masjid_Al-Falah,_Kampung_Budiman	749933
Pulau_Bukom	15948
Tambak,_Cimarga	667663
Masjid_Kariah_Kampung_Kepis_Ulu	749875
Masjid_Al-Ehsan,_Kampung_Tok_Muda	749578
Kabupaten_Tanjung_Jabung_Timur	212753
Masjid_Al-Ikhlas,_Institut_Penyelidikan_Getah_Malaysia	749942
Masjid_Qariah_Pelangai	749868
Kabupaten_Minahasa_Tenggara	180112
Masjid_Kariah_Garden_Home	750389
Masjid_Kariah_Kampung_Janging	750061
Airmesu	666331
Martadinata_R.E,_Laksamana_Laut	15448
Pulau_Tengah	105612
Masjid_At-Taqwa,_Selayang_Baru	748786
112_Katong	433491
Masjid_Temenggong_Daeng_Ibrahim	180656
Rote_Timur,_Rote_Ndao	218656
Lapangan_Terbang_Sultan_Mahmud	103098
Stesen_Titiwangsa	116562
Silip	665836
Sungai_Pulai	136420
Lukut	12680
Masjid_Jariah_Kampung_Chuah	750063
Mayak,_Curugbitung	667746
Pulau_Lingga	31023
Bukit_Antarabangsa	136434
Kota_Tanjung_Pinang	215865
Pulau_Jong	144037
Ketari	34133
Tolango	679154
Tugu_Peringatan_Double_Six	425650
Sungai_Gadut	71810
Tumbuh_Mekar	679226
Pusat_Konvensyen_Kuala_Lumpur	54286
Pinang_Sebatang,_Simpang_Katis	666314
Masjid_Kariah_Miku_Lama	750125
Bakam	665932
Stesen_keretapi_Kluang	178470
Johor_Bahru	10462
Kampong_Pulau	742517
Masjid_Ar-Rahman,_Batu_21	748882
Juru	41108
Gua_Niah	9988
Kapuk,_Bakam	665929
Stesen_MRT_Little_India	227322
Kerobokan_Kelod	352212
Sekolah_Menengah_Kebangsaan_Sultan_Abu_Bakar	207315
Stesen_LRT_Chan_Sow_Lin	165753
Gunung_Gede	4393
Candi_Mendut	56955
Lapangan_Terbang_Genting	338190
Klebang	82716
Taman_Dato_Abdul_Rahman,_Batu_Pahat	692807
Singapura	2104
Bidor	16327
Lebong_Tandai	672508
IPC_Shopping_Centre	188316
Stesen_LRT_Bandar_Tun_Razak	177051
Kabupaten_Karimun	215792
Taman_Burung_Kuala_Lumpur	113220
Enrekang	179124
Lubok_Antu	175439
Pasir_Gudang	37770
Kota_Subulussalam	128721
Kampung_Muhibbah,_Batu_Pahat	693749
Gunung_Raya	47053
Istana_Pasir_Pelangi	774619
Gua_Bama	358582
Sekolah_Menengah_Sains_Rembau	230591
Taman_Melawati	71903
Gunung_Lambak	47023
Bandar_Rasa	347770
Sungai_Pelentong,_Johor	304697
Kabupaten_Nunukan	227615
Universiti_Teknikal_Malaysia_Melaka	48082
Masjid_Kampung_Jimah_Lama	750071
Ara_Damansara	136433
Lapangan_Terbang_Antarabangsa_Brunei	39394
Masjid_Al-Iman,_Kampung_Desa_Putra	750157
Tasifeto_Timur,_Belu	218154
Kalimantan_Barat	36190
Masjid_Al-Amin,_Briged_Tengah_PGA	748817
Saratok	175438
Masjid_Jamek_Raja_Tun_Uda	749921
Pangkalan_Brandan	185539
Kepulauan_Cocos_(Keeling)	41187
Kakuluk_Mesak,_Belu	218144
Masjid_Kariah_Quarters_KLIA	750401
Menara_Taming_Sari	101985
Kampung_Alor_Lintang	715286
Perang_Aceh	56764
Muzium_Pemerintahan_Demokrasi	13444
Masjid_Asy-Syarif,_Pekan_Meru	749608
Pauh_Terenjah	673983
Pulau_Bidong	54016
Marga,_Tabanan	217964
Universal_Studios_Singapore	407009
Istana_Lama_Seri_Menanti	27165
Kadulimus	668066
Perigi_Hang_Tuah	13470
Kabupaten_Waropen	220469
Penyamun	665862
Pulau_Gedung	50238
Masjid_Al-Hidayah,_Kampung_Johan_Setia	749581
Suralaya	667102
Lempuyang,_Anjatan	685667
Johor_Lama	17335
Cinangka,_Serang	196391
Stesen_MRT_Jurong_East	221933
Kampung_Datuk_Keramat	41066
Lapangan_Terbang_Iskandar	10764
Masjid_Al-Iman,_Kebun_Baru	749787
Stesen_Komuter_Tiroi	177536
Hutan_Simpan_Rafflesia	425377
Sungai_Liwagu	311774
Jakarta_Pusat	9366
Bulakan,_Cibeber	666153
Majlis_Perbandaran_Kulai	91835
Tanjungsari,_Agrabinta	685646
Cidahu,_Banjarsari	667249
Ampelu	680811
Batin	680701
Cilandak_Lor	685664
Situ_Gintung	139795
Pasukan_Gerakan_Khas	42299
Stesen_MRT_Esplanade	290873
Sumatera_Selatan	36200
Merlion	88941
Muzium_Islam,_Pulau_Pinang	296099
Endau	129539
Ladang_Peris	680704
Gunung_Lawu	4414
Masjid_Kariah_Tanah_Datar	750096
Girimukti,_Cilograng	667442
Taman_Damai_2,_Batu_Pahat	692806
Masjid_Kampung_Jawa	748890
Makam_Pahlawan	22248
Tolongio	679155
Gunung_Kelimutu	24537
Makmal_Sains_Marikh	106384
Julau	41891
Tanjung_Lumpur	130067
Stesen_Komuter_Setia_Jaya	177618
Sukamanah,_Agrabinta	685645
George_Town,_Pulau_Pinang	6516
Kabupaten_Maluku_Tengah	219000
Lapangan_Terbang_Antarabangsa_Achmad_Yani	10746
Stesen_LRT_Dang_Wangi	177424
Lapangan_Terbang_Labuan	105932
Tepus,_Air_Gegas	666271
Kabupaten_Lombok_Utara	218083
Surau_Nurul_Ehsan	749151
Kabupaten_Kampar	5706
Sam_Poo_Kong	319583
Masjid_Saidana_Ali	749867
Mukim_Amo	126660
Masjid_Al-Amin,_Kampung_Batu_9	749780
Kerteh	17186
TUD_Kuala_Lumpur	338191
Masjid_Jamaatul_Husna	749366
Kabupaten_Pohuwato	180190
Padang_Besar	14065
Simpang_Empat_(Semanggol),_Perak	104072
Bugistua	685662
Stesen_MRT_Woodleigh	294270
Stesen_MRT_Buangkok	252628
Terengganu	206
Kabupaten_Timor_Tengah_Selatan	218748
Panggung_Bandaraya	290520
Kota_Mataram	33011
Kabupaten_Gorontalo_Utara	180183
Talagahiang	667704
Simunjan	14008
Bagan_Dalam	14349
Sepang_Road	130088
Kabupaten_Siak	143681
Bukit_Batu_Buli	46868
Surau_Kemensah_Height	748805
A_Famosa	13504
Kabupaten_Rote_Ndao	218644
Legian	352225
Surau_An-Nur,_Kampung_Ladang	749855
Kota_Padang_Sidempuan	5319
Gereja_St._Francis_Xavier	13499
Stesen_MRT_Rochor	296425
Laluan_Kedua_Malaysia-Singapura	37843
Empangan_Machap	136413
Kayubulan,_Batudaa_Pantai	679187
Nagan_Raya	5262
Masjid_Sultan	12888
Kundasang	57394
Stesen_MRT_Kallang	224358
Masjid_Qariah_Kampung_Tengah	749865
Pitas	99981
Taman_Negara_Mulu	74293
Stesen_MRT_Woodlands	221900
Menara_Telekom	13071
Masjid_Al-Falah,_Bukit_Kemuning	749580
Universiti_Teknologi_MARA	2187
Setiu	17065
Kabupaten_Raja_Ampat	219460
Pasar_Melintang,_Teluk_Segara	671412
Bandar_Tasik_Selatan	56403
Kabupaten_Bone_Bolango	180163
Pasirkupa	667771
Taman_Bukit_Perdana_2,_Batu_Pahat	692804
Jelutung_II	666208
Mont_Kiara	301189
Kolej_Universiti_Antarabangsa_INTI	9347
Stesen_Komuter_Nilai	177533
Surau_As-Sohabah	750032
Sekolah_Menengah_Atas_Negeri_31_Jakarta	232105
Mukim_Kampong_Peramu	126270
Sekolah_Kebangsaan_Sungai_Binjai	217812
Litar_Antarabangsa_Sentul	407742
Kabanjahe,_Karo	185466
Jementah	39092
Pegangsaan	676438
Masjid_Ar-Rahmah,_Felda_Sungai_Buaya	749357
Stesen_Keretapi_Jatibarang	275710
Tasek_Gelugor	14342
Antapani_Tengah	685609
Arahan_Kidul	685689
Tasik_Chini	50365
Petaling_Jaya	32736
Masjid_Kampung_Klang_Gate	748792
Masjid_Raya_Baiturrahman	413412
Jambatan_Seri_Wawasan	73301
Pertempuran_Selat_Melaka	99436
Lapangan_Terbang_Selaparang	10769
Masjid_Menara_Kudus	153406
Masjid_Jamek_As-Solihin	749777
Manado	130624
Stesen_MRT_Cashew	295084
Permatang_Pauh	14350
Lopo	679189
Kepulauan_Sunda	199693
Tentera_Nasional_Indonesia-Angkatan_Laut	2802
Tanah_Merah,_Kelantan	215
Legoland_Malaysia	339949
Kemasik	54023
Pandan_Indah	129651
Benut	129533
Stesen_MRT_Tampines	224351
Kalabakan,_Tawau	118332
Kerakas	666306
Masjid_Kariah_Kampung_Kuala_Pilas	749885
Stesen_MRT_Bras_Basah	287621
Kota_Jin	679169
Ilangata	679149
Jawa_Barat	8952
Pulau_Kendi	50239
Lamjabat,_Meuraksa,_Banda_Aceh	184554
Masjid_Depoh_Askar_Melayu	750049
Muar	9310
Stadium_Darul_Makmur	351522
Petaling	7523
Stesen_Komuter_UKM	177530
Lapangan_Terbang_Kluang	164746
Stesen_Komuter_Rasa	177515
Masjid_Al-Mutmainnah	749791
Mukim_Sungai_Kedayan	126622
Mekarsaluyu	690588
Sipur_Ijang	675631
Stadium_Negeri_Sarawak	663929
Air_Duren,_Mendo_Barat	665912
Taman_Tun_Dr._Ismail	188455
Lebaksangka	667778
Masjid_India_Rahang	750410
Banjaran_Crocker	157647
Peradong,_Simpang_Teritip	665969
Lubuk_Pakam,_Deli_Serdang	184788
Bangunan_Sultan_Ibrahim	611491
Surau_At-Taqwa	750034
Kabupaten_Morowali	181248
Persiaran_Jonker	13510
Mukim_Ukong	126640
Taman_Bukit_Perdana,_Batu_Pahat	166126
Jitra	4671
Gunung_Penanggungan	4418
Kem_Tahanan_Kamunting	120090
Aljunied	125887
Flores	17883
Masjid_Kariah_Felda_Kepis	749872
Sekolah_Dasar_Negeri_Cipinang_Melayu_11_Petang	212532
Tobelo,_Halmahera_Utara	219234
Kebun_Geran	671281
Tanjung_Ketapang,_Toboali	666194
Pantai_Remis	13622
Gunung_Muda	665919
Pagar_Dewa,_Selebar	671287
Kampung_Jelutong	166963
Hospital_Gua_Musang	77631
Stadium_Gelora_Bumi_Kartini	296378
Masjid_Kariah_Kampung_Serting_Ulu	749464
Timor_Barat	224472
Motoduto	679207
Pulau_Payar	12886
Masjid_Sungai_Kembung_Hulu	748946
Mengkendek,_Tana_Toraja	179532
Pulau_Saint_John	150245
Masjid_Bandar_Baru_Senawang	750408
Mantin	24367
Pekan_Nenas	26906
Kebun_Ros	671308
Lapangan_Terbang_Tunggul_Wulung	10682
Mukim_Pekan_Tutong	126635
Tenganan,_Manggis,_Karangasem	217946
Surau_Al-Istiqamah,_Kampung_Seri_Langkas_Tambahan	750028
Stesen_Komuter_Shah_Alam	148006
Pulau_Tiga,_Sabah	46118
Muzium_Islam_Melaka	13448
Masjid_Kariah_Seri_Kendong	750093
Masjid_Jarak_Atas	15032
Kandang_Limun	671258
Kabupaten_Bolaang_Mongondow_Utara	179702
Masjid_Imam_As-Syafie	750172
Stesen_keretapi_Kemayan	176269
Masjid_Al-Azim,_Pandan_Indah	748821
Leupung,_Aceh_Besar	183589
Sematan	425560
Beaufort	110784
Damar_Laut	65828
Banjarsari,_Banjarsari,_Lebak	667242
Weda,_Halmahera_Tengah	219216
Sungai_Pahang	13258
Kabupaten_Penajam_Paser_Utara	228505
Mangka,_Bakam	665927
Air_Ruai	665866
Surau_Al-_Kauthar,_Fasa_3	748967
Sungai_Petani	14324
Spongiforma_squarepantsii	290636
Beserah	54885
Masjid_Jame'_Dato'_Klana_Sendeng	750394
Surau_Al-Ehsan,_SMA_Persekutuan	748960
Masjid_Asy-Syarif,_Simpang_3	748785
Masjid_Malabar	43026
Iloheluma,_Boliohuto	679203
Masjid_Kariah_Ulu_Beranang	750412
Masjid_Kampung_Batang_Benar	750415
Kuala_Kedah	14243
Balun_Ijuk	665876
Seelong	130020
Masjid_Kampung_Kabong	750138
Ritual_pembunuhan_Toa_Payoh	707037
Kampung_Pimping	263577
Kuil_Kek_Lok_Si	57611
Pulau_Sulug	699990
Kadudamas	667709
Takalar	179387
Kecamatan_Cakung	676230
Kabupaten_Mamuju	180234
Batu_Caves	4451
Masjid_Kariah_Bayai_Baru	750137
Kampung_Tanjung_Nesan_Empat	716835
Pematang_Gubernur	671259
Gunung_Raung	4423
Pulau_Satumu	144038
Renggam	129570
Puput,_Simpang_Katis	666313
Lapangan_Terbang_Bario	136606
Masjid_Al-Faizin,_Taman_Alam_Megah	749932
Gunung_Bintang	15965
Program_angkasa_lepas_China	663826
Taman_Negara_Komodo	288210
Empangan_Mengkuang	41265
Seri_Menanti	24199
Kemuja	665909
Chukai	17238
Chenor	46954
Sindangratu,_Wanaraja	713450
Negeri-negeri_Melayu_Bersekutu	34594
Stesen_MRT_Tanah_Merah	224353
Taman_Hidupan_Liar_Tabin	194891
Stesen_keretapi_Serdang	137797
Sekolah_Kebangsaan_Long_Sepiling	281725
Laut_Biru	679538
Kampung_Lubuk_Kawah	715590
Pulau_Perhentian	6226
Wajo	11380
Kabupaten_Kapuas	222816
Tomohon	8712
Marudi	14046
Empangan_Beris	131483
Barus	68368
Mukim_Lamunin	126655
Koranji,_Cadasari	668083
Keban_Agung_II	671872
MEASAT	51392
Masjid_Al-Hidayah,_Seksyen_18	749935
Stesen_MRT_Bukit_Panjang	289351
Gerung,_Lombok_Barat	218010
Stesen_Komuter_Klang	177628
Kaki_Bukit	105817
Padang_Jawa	59270
Gunung_Wayang	4400
Sungai_Buluh,_Jebus	666018
Banjar_Irigasi	667774
Taman_Ampuan,_Batu_Pahat	692865
Pengangkutan_rel_di_Singapura	178675
Tiang_Tara	665923
Stesen_MRT/LRT_Sengkang	252630
Kabupaten_Bolaang_Mongondow_Selatan	179699
Surau_Al-Istiqamah,_Pusat_Latihan_Perisikan	750030
Lapangan_Terbang_Antarabangsa_Sultan_Hasanuddin	10770
Hindia_Timur	65793
Kinabatangan	142221
Pulau_Tioman	7048
Jambatan_Melaka-Dumai	176722
Masjid_Batu_Arang	748787
Gunung_Muria	478338
Masjid_Ar-Rahimin	749594
Kota_Surakarta	60094
Surau_Al-Ikhlas	750149
Pulau_Banyak,_Aceh_Singkil	148066
Persatuan_Negara-negara_Asia_Tenggara	2576
Masjid_Taman_Rakan	748949
Suwug	358821
Alo,_Bone_Raya	679227
Universiti_Teknologi_Kreatif_Limkokwing	55260
Stesen_MRT_Bayfront	289824
Masjid_Al-Ittihad_Jatibarang	149844
Gunung_Papandayan	4402
Kerantai	666305
Lapangan_Terbang_Pangsuma	10758
Stesen_LRT_Bukit_Panjang	137437
Pedindang	666322
Muara_Bulian,_Batanghari	207164
Batu_Maung	41119
Campaka,_Andir	685593
Kereta_api_bertembung_di_Petarukan_2010	216887
Memorial_Tun_Abdul_Ghafar_Baba	28833
Batukaras	689815
Sabak,_Selangor	271077
Batu_Berendam	93429
Stesen_Monorel_Medan_Tuanku	177672
Kabupaten_Tojo_Una-una	182512
Masjid_Al-Islamiah	749945
Stesen_keretapi_Gemas	176266
Masjid_Al-Falah,_Hulu_Yam_Bharu	749350
Perai	14360
Stesen_LRT_Taman_Paramount	177446
Dengkil	59256
Masjid_Qariah_Kampung_Pauh	749861
Masjid_Qariah_Titian_Bintangor	750084
Gunung_Chinta_Wangsa	70113
Toraja_Utara	179537
Lapangan_Terbang_Mutiara	10773
Merbok	14316
Kabupaten_Demak	208137
Masjid_Asy-Syukriah	749360
Masjid_Jamek_Diraja_Alaeddin_Bandar	749778
Empangan_Chenderoh	48261
Bukit_Pinang	14236
Masjid_Kampung_Dato'_Dagang	749753
Stesen_MRT_Farrer_Park	227323
Batu_Ferringhi	41123
Mahkota_Parade	82720
Malaysia	80375
Maran	15799
Mapur,_Riau_Silip	665841
Tanjung_Simpang_Mengayau	112559
Usi_Taco	617066
Maras	671418
Lapangan_Terbang_Kota_Belud	164749
Talang_Petai	673980
Cidadap,_Curugbitung	667738
Masjid_Al-Ikhlas,_Taman_Seri_Melati	748774
Kabupaten_Pemalang	203595
Lapangan_Terbang_Gusti_Syamsir_Alam	231224
Masjid_At-Toyyibin	749840
Tawangsari,_Arahan	685696
Diloniyohu	679201
Karak	54901
Lapangan_Terbang_Timika	10755
Canggu,_Kuta_Utara	352211
Masjid_Fastabiqul_Khairat	750144
Mukim_Tanjong_Maya	126639
Kotasari,_Gerogol	667093
Pematang_Sapat	702687
Masjid_Kampung_Pulau_Bintongan	750135
Gunung_Trusmadi	47075
Durian_Luncuk	680715
Pulau_Ligitan	94841
Sengir	666219
Pulau_Redang	13537
Teluk_Sengat	130050
Stesen_MRT_Newton	222023
Bungo	9362
Taman_Masjid_Tanah,_Batu_Pahat	692868
Sempadan_Malaysia-Thailand	88419
Masjid_Kariah_Sri_Jemapoh	749883
Masjid_Sungai_Serai	748796
Pelabuhan_Merak	58132
Kota_Bontang	228804
Masjid_Al-Islah,_Kedai_No._5	749788
Pulau_Brasmana	133143
Tanjung_Balai	5322
Stesen_keretapi_Sungai_Buloh	130847
Masjid_Pasir_Putih,_Labu	750423
Kampung_Kelawi	671293
Gunung_Yong_Yap	47136
Sekarwangi,_Curugbitung	667748
Stadium_Hoki_Azlan_Shah	769361
Langkap	13280
Grand_Prix_Singapura_2009	177803
Laut_Banda	152229
Semerah,_Batu_Pahat	693752
Masjid_As-Sobirin,_AU5	748782
Neknang	665924
Pulau_Tekukor	388152
Ayer_Keroh	13420
Masjid_Hajjah_Fatimah	95649
Kabupaten_Jombang	57730
Masjid_Kampung_Seri_Meruai	749877
Galeri_Layang-layang	13458
Marang	16915
Pageragung	670107
Bantam,_Kepulauan_Cocos_(Keeling)	378230
Masjid_India_Muslim,_Jalan_Kelana_Jaya	749615
Taman_Mini_Malaysia	13606
Menara_ExxonMobil	232551
Kuala_Klawang	24420
Stesen_keretapi_Segamat	178472
Changi	125878
Kabupaten_Banjarnegara	204632
Menara_Kuala_Lumpur	12466
Mukim_Bangar	126657
Masjid_Kampung_Kuantan	749754
Rawa_Arum	667094
Trinil	180049
Kabupaten_Kupang	218222
Stesen_keretapi_Bahau	176267
Bajubang	680698
Seri_Perdana	63875
Masjid_Al-Hidayah,_Pekan_Telok_Panglima_Garang	749786
Karya_Jaya,_Cimarga	667607
Masjid_Tumbuk_Darat	749852
Kemingking	666307
Gunung_Kinabalu	146
Sungai_Lembing	13535
Rantau_Abang	27792
Guradog	667743
Padang_Jawi	671434
Pangkalan_Udara_Sembawang	170813
Tanjung_Dawai	14318
Taman_Tasik_Taiping	34801
Harumsari	667695
Masjid_Ar-Rahmah,_Kampung_Damansara_Baru	749963
Tasik_Kenyir	18749
Setia_Alam	59279
Alor_Setar	294
Pusuk	665996
Beluluk	666329
Surau_Asy-Syakirin,_Institut_Kemahiran_Tinggi_Belia_Negara_Selangor	750187
Masjid_Asy-Syarif,_Kampung_Dato'_Ahmad_Razali	750166
Lapangan_Terbang_Sampit	138615
Stesen_LRT_Teck_Whye	321726
Lekir	13369
Pulau_Balambangan	126392
Sungai_Muntoh	170040
Masjid_Sungai_Raya	750066
Hindia_Timur_Belanda	192864
Johor_Bahru_Sentral	345139
Bukit_Larut	16875
Suruhanjaya_Syarikat_Malaysia	185966
Subang,_Petaling	59282
Gunung_Kawi	24536
Kabupaten_Banyuwangi	57342
Lenggeng	13168
Hospital_Besar_Kuala_Lumpur	56107
Mukim_Sungai_Kebun	126618
Lapangan_Terbang_Pattimura	10757
Berang	665975
Gunung_Singgalang	4429
Selat_Lombok	147960
Maros	179293
Nibong_Tebal	14363
Lapangan_Terbang_Haluoleo	10734
Masjid_Ahmadiah,_Kampung_Kepayang	18100
Universiti_Malaysia_Kelantan	40746
Masiaga	679220
Mekarmanik,_Cimeunyan	690587
Stadium_Sultan_Mizan_Zainal_Abidin	146047
Masjid_Kariah_Kampung_Serting	749463
Tangkak	4060
Betong	39677
Pangkal_Niur	665840
Rantepao,_Toraja_Utara	179551
Manek_Urai	134461
Masjid_Raya_Ganting	336752
Surau_As-_Siddiqin	748812
Bengkulu	5625
Masjid_An-Nur,_Kampung_Ulu_Chuchuh	750164
Stesen_MRT_Pasir_Ris	224350
Pasaman	5728
Institusi_Raffles	35357
Lapangan_Terbang_Bintulu	15934
Bakri,_Johor	129531
Mukim_Melilas	126634
Universiti_Teknologi_Petronas	9138
Stesen_MRT_Admiralty	221947
Tapah	13236
Sekolah_Kebangsaan_Sultan_Ibrahim_(3)	261296
Universiti_Malaysia_Sabah	1399
Rumah_panjang	26707
Selekoh	13281
Tokong_Ular	77102
Rawa_Mulya	673985
Kabupaten_Jembrana	217907
Pahang	351
Batu_Tiga	695930
Chenderiang	16353
Simpang_Tiga,_Simpang_Teritip	665965
Gua_Tambun	133567
Masjid_al-Azhar	58440
Geylang	125886
Masjid_Kampung_Baru_Si_Rusa	750048
Lapangan_Terbang_Sultan_Syarif_Kasim_II	710046
Masjid_Kariah_Pekan_Lenggeng	750420
Penandingan,_Air_Nipis	671421
Masjid_Dato'_Kamaruddin	750143
Lapangan_Terbang_Antarabangsa_Kuala_Namu	104083
Pulau_Sepanggar	444841
Sawah_Lebar,_Ratu_Agung	671270
Masjid_Al-Islah,_Taman_Serdang_Raya	749944
Pulau_Madura	17880
Universiti_Teknologi_Nanyang	6959
Simeulue	5263
Dairi	5307
Grand_Prix_Malaysia_2009	139862
Kuripan,_Bunga_Mas	671432
Hentian_Pudu_Sentral	127650
Kabupaten_Bangka_Barat	214073
Bikam	54109
Gereja_St._Peter	13500
Menara_Maxis	101988
Lapangan_Terbang_Tanjung_Manis	104102
Stesen_keretapi_Merapoh	176305
Puput,_Jebus	666023
Cyberjaya	47613
Samosir	127572
Idi_Rayeuk,_Aceh_Timur	184162
Universiti_Putra_Malaysia	2180
Kota_Pangkal_Pinang	214578
Taman_Universiti	10863
Batu_Kikir	68267
Sabah	2531
Wangsa_Maju	56371
Kota_Bengkulu	5631
Masjid_Kampung_Parit	749871
Taman_Bandar,_Batu_Pahat	692836
Sungai_Daeng	665980
Masjid_Changkat	14943
Piala_Emas_Raja-Raja_2013	710103
Inanwatan,_Sorong_Selatan	219538
Gunung_Gamalama	23991
Sitiawan	13619
Terbuka_Malaysia_(golf)	356298
Masjid_Agung_Demak	64591
Masjid_Al-Mujahidden	749954
Lapangan_Terbang_Binaka	10694
Kebun_Dahri	671279
Kampung_Tembila	715335
Stesen_MRT_Bedok	224354
Pulau_Batik_Kulambu	678637
Rawa_Makmur,_Muara_Bangka_Hulu	671260
Pulau_Timbun_Mata	257394
Pantai_Puteri	189301
Surau_Al-Huda,_Seksyen_19	750148
Chetok	169370
Masjid_Kariah_Pekan_Labu	750387
Masjid_Raudhatul_Mukminin	749760
Stadium_Negeri_Pulau_Pinang	679396
Kabupaten_Bantul	56575
Gunung_Cereme	4406
Grand_Prix_Singapura	93887
Tanah_Rata	16369
Surau_Al-Falah,_Kampung_Jalan_Kebun	749771
Segamat	6222
Gunung_Dempo	4433
Stesen_MRT_Sixth_Avenue	299353
Sinjai	179364
Stesen_keretapi_Sungai_Siput	176154
Masjid_Kariah_Kampung_Mampong	750133
Karangsari,_Agrabinta	685640
Kabupaten_Parigi_Moutong	181742
Pulau_Sapi	713016
Pekan_Beruas	13427
Stesen_keretapi_Batu_Gajah	176151
Pulau_Weh	163925
Kota_Pinang,_Labuhanbatu_Selatan	185514
Banafi	616122
Pugul	665839
Kebon_Jeruk,_Andir	685600
Mangunjaya,_Anjatan	685668
Karya_Indah,_Asparaga	679158
Masjid_Jamek_Sultan_Hisamuddin	750154
Senarai_lapangan_terbang_di_Malaysia	10021
Randakari	667091
Penerbangan_185_SilkAir	708623
Jeruk,_Pangkalan_Baru	666326
Monano,_Bone	679222
Sarawak	2533
Alam_Budiman	95885
Halim_Perdana_Kusuma	15246
Kabupaten_Gresik	358686
Tanah_Datar	5724
Gunungsugih	667087
Pulau_Carey	55274
KSL_City	349581
Stesen_MRT_Gul_Circle	294291
Siliau	130090
Daro	176765
Stesen_MRT_Serangoon	251894
Jerantut	13446
Larompong,_Luwu	179253
Mendo	665907
Stesen_keretapi_Gurun	176169
Perigi_Lama	670800
Surau_An-Nur,_Sekolah_Menengah_Kebangsaan_Agama_Maahad_Hamidiah	749144
Jabatan_Meteorologi_Malaysia	176003
Kijal	54024
Kabupaten_Hulu_Sungai_Tengah	222377
Tambak_Johor	16602
Masjid_Ar-Rahman,_Sungai_Pinang	749595
Kepulauan_Bangka_Belitung	112916
Mid_Valley_Megamall	58473
Masjid_Kariah_Pedas_Tengah	750128
Masjid_Kariah_Astana_Raja	750090
Masjid_Puchong_Perdana	750044
Masjid_An-Nur,_Kampung_Kanchong_Tengah	749796
Laut_Savu	242782
Kabupaten_Hulu_Sungai_Selatan	222257
Masjid_Al-Islahiah	748775
Stesen_MRT_Labrador_Park	295209
Citangkil	666597
Rote_Barat_Daya,_Rote_Ndao	218652
Masjid_Asy-Syakirin,_Kampung_Labu_Lanjut	750169
Sungai_Ruan_Ulu	680750
Kota_Salatiga	758846
Bandar_Al-Muktafi_Billah_Shah	54012
Semanan	676309
Monumen_Nasional	296481
Gunung_Tandikat	4431
Kabupaten_Sumbawa	218090
Gunung_Marapi	4428
Stesen_keretapi_Sungai_Petani	176168
Masjid_As-Syakirin,_Taman_Kamariah	748784
Stesen_MRT_Holland_Village	296424
Masjid_Al-Makmur,_Kampung_Giching	750159
Marga_Jaya,_Cimarga	667608
Tanjung_Piai	38936
Masjid_Negeri_Perlis	31421
Zoo_Taiping	18058
Masjid_Al-Hikmah	748773
Selat_Madura	147959
Gunung_Guntur	4404
Chaah	39095
Laut_Arafura	244680
Tanah_Tinggi_Cameron	350
Bawean	13971
Batubulan,_Sukawati	664702
Simpang_Gung	665966
Masjid_Kariah_Sungai_Landak	750247
Stesen_keretapi_Sungkai	176147
Stesen_LRT_Miharja	166075
Karangasem,_Cibeber	666589
Juasseh	130080
Gentuma	679164
Muzium_TLDM	13462
Masjid_Jamek,_Kuala_Lumpur	23460
Sungai_Dong	708146
Sausapor,_Tambrauw	219556
Banjar_Negara,_Ciwandan	667084
Pasir_Panjang,_Negeri_Sembilan	130082
Masjid_Jamiatus-Solahiah	748790
Bandar_Alor_Gajah	346300
Universiti_Gadjah_Mada	33735
Gempa_bumi_Bengkulu_2007	74102
Tana_Toraja	179525
Machap	129554
Pulau_Keeling_Utara	313954
Jeneponto	179214
Mukim_Kilanas	126614
Subang_Jaya	41804
Masjid_Jamek_Sri_Jempol	749462
Jerebu_Asia_Tenggara_2006	40711
Pemali	665863
Taman_Negara_Tunku_Abdul_Rahman	417239
Masjid_Kampus_UKM	748892
Mayang,_Simpang_Teritip	665972
Jasin	13034
Kolej_Matrikulasi_Johor	183944
Pulau_Buru	56911
Funar	615623
Masjid_Kariah_Kampung_Gentam	749893
Bukit_Ketok	665920
Negeri_Sembilan	2529
Rote_Tengah,_Rote_Ndao	218655
Nglora	678000
Masjid_Sungai_Sekamat	748948
Pemangkat,_Sambas	220933
Kabupaten_Tanjung_Jabung_Barat	211548
Gunung_Tambuyukon	20809
Masigit	667097
Empangan_Bengoh	151432
Little_India,_Singapore	321761
Bukit_Naning	129538
Lapangan_Terbang_Antarabangsa_Samarinda	301285
Kampung_Jalan_Tekukur	716832
Masjid_Nurul_Ehsan,_Kampung_Medan	749982
Bukit_Batu	302118
Pulau_Bait	444837
Teluk_Sibolga	657084
Kabupaten_Karangasem	217925
Stesen_Komuter_Kepong	177524
Lebak_Gede,_Pulomerak	667100
Starhill_Gallery	188329
Debak	56799
Nyalas	77312
Bedong	50241
Bendungan,_Cilegon	666593
Tapak_Tuan,_Aceh_Selatan	184036
Bingkor	212079
Pulau_Manukan	425617
Seberang_Perai_Selatan	103699
Lapangan_Terbang_Antarabangsa_Hang_Nadim	10703
Ciputat,_Tangerang_Selatan	197969
Lobuto	679195
Lapangan_Terbang_Anduki	147807
Lapangan_Terbang_Babullah	10698
Stesen_LRT_Cahaya	166031
Talagawetan	710250
Molamahu,_Bone	679221
Masjid_Badariah	749613
Kelapa,_Kelapa	665998
Mukim_Labu,_Brunei	126658
Paya_Besar	299263
Hang_Tuah_Jaya	95790
Banda_Aceh	4300
Masjid_Jamek	20896
Masjid_Kariah_Paroi	750403
Masjid_Al-Barokah	749928
Masjid_Darul_Ghufran	116943
Kedoya_Selatan	676351
Bogor	57720
Tebedu	14005
Bukit_Cina	13509
National_Junior_College	75818
Sumatera_Utara	4292
Gunung_Pulai	4266
Pajam	130083
Masjid_An-Nahdhah	180653
Limboto,_Gorontalo	180145
Woha,_Bima	217993
Merawang,_Merawang	665871
Widasari	713516
Sekolah_Menengah_Sultan_Abdul_Halim	259449
Stesen_MRT_Expo	227317
Kabupaten_Belitung	214271
Stesen_MRT_Telok_Ayer	289826
Kota_Solok	205769
Stadium_Sultan_Mohammed_Ke_IV	41442
Palangkaraya	216949
Sukan_Olimpik_Belia_Musim_Panas_2010	182463
Masjid_Telok_Kemang	750047
Taman_Bukit_Pasir,_Batu_Pahat	692906
Purwakarta,_Purwakarta	667107
Piala_Suzuki_AFF_2010	241633
Genuang	129541
Pulau_Ubin	88728
Galela,_Halmahera_Utara	219229
Kadumaneuh	668067
Pusat_Perlindungan_Hidupan_Liar_Krau	119582
Pulau_Gemia	17190
Manna,_Bengkulu_Selatan	205807
Lahat	5816
Pekan_Marang	344562
Stadium_Putra	118529
Surau_Darus_Salim	750037
Masjid_Ar-Rahman,_Kampung_Sungai_Manggis	749800
Enggano,_Bengkulu_Utara	205827
Masjid_Bagan_Pinang	750050
Nadung	666225
Stadium_Delta	687404
Antapani_Kulon	685608
Surau_An-Nur,_Bandar_Baru_Bangi	749145
Changkat_Jering	12059
Benta	54879
Johor	2507
Sekolah_Menengah_Kebangsaan_Victoria	67211
Lembah_Danum	194890
Polis_Pengawal_Pantai	8686
Johol	24302
Makam_Hang_Kasturi	94769
Stesen_Komuter_Labu	177534
Gunung_Halla	405708
Stesen_MRT_Kranji	221944
Limapuluh_Koto	5717
Sekolah_Dasar_Negeri_Cipinang_Melayu_04_Pagi	212524
Kabupaten_Mamasa	180220
Sugijopranoto	16021
Anjatan_Utara	685651
Surau_Al-_Amin	748966
Pidie	4301
Hospital_Marudi	77061
Masjid_Jamiur-Rahmah	750174
Ranau	31015
Totopo	679216
Meru,_Selangor	59269
Petojo_Selatan	676273
Taman_Kenanangan,_Batu_Pahat	692842
Pulau_Bai	444840
Sungai_Liat,_Bangka	214072
Ulu_Yam	64571
Merlimau	13703
Banyumas,_Banyumas	414007
Padang_Jati,_Ratu_Samban	671282
Masjid_Kampung_Mampas	749863
Gempa_bumi_Sumatera_2009	169939
Taman_Negara_Similajau	171529
Stesen_MRT_City_Hall	222029
Kabupaten_Badung	215872
Kajang	12692
Penjara_Sungai_Buloh	147969
Masjid_At-Taqwa,_Taman_Tun_Doktor_Ismail	750027
Bandar_Baru_Bangi	12694
Polis_Diraja_Malaysia	8691
Lapangan_Terbang_Rendani	10696
Pangahu	679160
Muara_Dua,_Kampung_Melayu	671248
Kalimantan_Tengah	41625
Bendungan,_Banjarsari	667243
Adam_Air	11403
Lahad_Datu	16154
Universiti_Pertahanan_Nasional_Malaysia	54351
Sekinchan	37562
Sungai_Bernam	15960
Cikatapis	667768
Masjid_Jame'_Dato'_Bandar_Rasah	750261
Sandakan	6265
Pantai_Baru,_Rote_Ndao	218649
Batanghari	5700
Sungai_Siput_(U)	17032
Istana_Darul_Ehsan	114885
Kampong_Ayer_(Brunei)	36106
Ampangan	26873
Masjid_Kariah_Kuala_Sawah	750257
Kota_Bandar_Lampung	215636
Dwi_Makmur	665874
Bandar_Maharani	15483
Padang_Nibung	671435
Karang_Tinggi	672045
Umbai	106872
Bentong	12170
Stesen_MRT_Tai_Seng	294362
Kabupaten_Wakatobi	183179
Deringo	666600
Gunung_Binaia	23903
Stesen_keretapi_Taiping	176157
Stesen_MRT_Tan_Kah_Kee	299193
Dolok_Sanggul,_Humbang_Hasundutan	185443
Padangbai,_Manggis,_Karangasem	217941
Stesen_MRT_Ang_Mo_Kio	221954
Bandung	13471
Sekolah_Menengah_Kebangsaan_Majakir_Papar	261727
Universiti_Malaysia_Perlis	9064
Tanjung,_Mentok	665979
Perampasan_kapal_tangki_MT_Orkim_Harmony	801196
Kabupaten_Sanggau	220948
Pulau-Pulau_Gorong,_Seram_Bagian_Timur	219074
Taman_Bahagia,_Batu_Pahat	692828
Stesen_LRT_Asia_Jaya	177445
Sungai_Muar	100242
Pulau_Seram	17936
Universiti_Malaysia_Sarawak	1400
Masjid_Kampung_Sawah_Sunggala	750059
Berjaya_Times_Square	43278
Suka_Maju,_Air_Nipis	671424
Kok_Lanas	169348
Pasukan_Polis_Singapura	280073
Boeing_777	11311
Cinere	702865
Jawa_Timur	36198
Sulawesi_Tengah	41630
Halmahera	17890
Masjid_Batu_14_Puchong	749970
Litar_Grand_Prix_Thomson_Road	348985
Pelabuhan_Tanjung_Langsat	17382
Sungai_Barito	165155
Hospital_Kudat	77081
Simpang_Lima	324860
Masjid_Taman_Putra_Perdana	750180
Cimancak	667265
Stesen_Tarik	210326
Masjid_Sungai_Kembong	749761
Gunung_Semeru	38932
Taman_Negara_Bako	45847
Surau_Pusat_Serenti_Sepang	750197
United_Kingdom	2118
Stesen_Monorel_Raja_Chulan	177654
Rukam,_Jebus	666021
Masjid_Al-Ubudiah,_Seksyen_19	749959
Makale,_Tana_Toraja	179531
Masjid_Sungai_Kembung_Hilir	748945
Stadium_Jalan_Besar	288187
Muzium_Seni_Bina_Malaysia	98394
Taman_Negara_Tanah_Lembap_Kuching	795157
Muzium_Beruas	13429
Masjid_Kariah_Juasseh_Tengah	749891
Jawi,_Pulau_Pinang	41117
Padang_Terap	12559
Imana,_Atinggola	679165
Masjid_Kolej_Islam	749974
Bau	141365
Polis_Unit_K-9_(Singapura)	281006
Kuala_Lipis	54878
Mogana	668068
Taman_Flora,_Batu_Pahat	692907
Stesen_keretapi_Rawang	130849
Lapangan_Terbang_Paya_Lebar	170811
Bahau	17629
Lumut,_Perak	13358
Pulau_Sentosa	125879
Stesen_keretapi_Tumpat	176316
Taipei	13578
Mootayu	679541
Stesen_LRT_Maluri	166073
Ilohungayo	679178
Sidikalang,_Dairi	184748
Masjid_Al-Muttaqin,_Kampung_Permatang_Pasir	749792
Stesen_LRT_Wangsa_Maju	177368
Taman_Tasik_Perdana	83593
Surau_Darul_'Ulum	748804
Candi_Rara_Jonggrang	56950
Malayan_Union	27379
Iluta	679179
Pangkalan_Tentera_Laut_Changi	171520
Kabupaten_Kepulauan_Mentawai	203172
Masjid_Selat_Melaka	729338
Bukit_Besi	54019
Sepang	25537
Pengeboman_JW_Marriott_2003	69989
Trimurti,_Srandakan	678191
Mekarsari,_Pulomerak	667101
Masjid_Al-Muhtadin	749953
Air_Nyatoh	665976
Plaza_Bandaraya_Alor_Setar	768396
Litar_Antarabangsa_Sepang	86936
Taman_Negara_Bukit_Lambir	665425
Kabupaten_Bolaang_Mongondow	179628
Palau	3248
Masjid_Al-Bakri,_Kampung_Bukit_Naga	749577
Taman_Ungku_Tun_Aminah	129566
Karangnunggal,_Cirinten	667710
Bandaraya_Melaka	10464
Masjid_Tengku_Muda_Chik	749857
Masjid_Permatang,_Pasir_Panjang	750069
Pulau_Penyengat	294738
Lapangan_Terbang_Tommanggong	249762
Mukim_Labi	126631
Pulau_Tegaipil	158493
Istana_Bukit_Serene	53110
Orchard_Road	125891
Taman_Kemajuan,_Batu_Pahat	692841
Lebuhraya_Tun_Razak	108971
Terak	666310
Hospital_Segamat	77658
Karai	116250
Blue_Valley	149322
Persekutuan_Badminton_Dunia	25343
Sungai_Maong	343205
Kota_Metro	215652
Daerah_Kuala_Muda	345323
Masjid_Al-Azim,_Kampung_Kelanang	749781
Jenderata	50303
Kabupaten_Kulon_Progo	56579
Air_Pikat	673988
Gunung_Lucia	22828
Cheras,_Kuala_Lumpur	104941
Parit_Raja	45786
Merauke,_Merauke	220201
Papua	4460
Taman_Rama-rama	13608
Masjid_Nurul_Islam,_Tanjung_Karang	774472
Samangraya	667081
Ayer_Tawar	13425
Molonggota	679171
Sindumin	226719
Taman_Negara_Malaysia	400
Kabupaten_Situbondo	155764
Kapar	50282
Pulau_Selma,_Kepulauan_Cocos_Keeling	320969
Pulau_Duyong	135046
Kejohanan_Bola_Jaring_Sedunia_2011	291266
Batavia	58812
Masjid_Kariah_Kampung_Talang_Tengah	749894
Tanah_Bawah	665847
Kabupaten_Bangka_Tengah	214263
Masjid_Darul_Ehsan,_Jalan_SS_15/2E	749972
Gunung_Halimun	23992
Empangan_Semenyih	12604
Cibungur,_Leuwidamar	667800
Sungai_Muda	116184
Kuching	12293
Surau_Al-Hidayah,_Pusat_Latihan_Dan_Pemulihan_Bangi	750183
Desa_Banten	669462
Stesen_Komuter_Teluk_Gadong	177630
Sungai_Belait	344487
Pulau_Kukup	136416
Masjid_Kariah_Kampung_Sungai_Talang	749890
Penerbangan_653_Malaysia_Airlines	218931
Muzium_Tuan_Yang_Terutama	13447
Masjid_Kariah_Kampung_Gunung_Pasir	749879
Masjid_Kariah_Kampung_Labu_Hilir	750256
Kesultanan_Melayu_Melaka	12685
Kacung	666000
Lapangan_Terbang_Sitiawan	116836
Dalat	14032
Masjid_Al-Mustaqimah,_Taman_Cheras_Indah	749148
Stadium_Palaran	682587
Jelapang	51375
Masjid_Kampung_Tanggai	749914
Dayabumi	7800
Air_Anyir	665877
Tanjung_Sepat	32553
Sangkan_Manik	667647
Serudong	430935
Dago,_Coblong	693685
Istana_Maimun	12049
Sungai_Mati	138494
Masjid_Tengku_Kelana_Jaya_Petra	750023
Stesen_MRT_Braddell	222017
Penerbangan_574_Adam_Air	46376
Universiti_Brunei_Darussalam	6966
Kepuh,_Ciwandan	667088
Stesen_LRT_Dato'_Keramat	177411
Masjid_Jamiatul_Islamiah	749843
Air_Lintang,_Tempilang	665964
Bertam,_Gua_Musang	272086
Gemas	16670
Stesen_Komuter_Putra	138205
Kebun_Keling	671306
Masjid_Qariah_Pancang	750086
Sungai_Lingkar	680748
Surau_Al-Firdaus	749772
Sangkulirang,_Kutai_Timur	227191
Nibung,_Puding_Besar	665857
Cimahi	57719
Pulau_Gaya	66156
Raub	6296
Masjid_Qariah_Durian_Daun	750088
Jabatan_Teknologi_Polis	280827
Jakarta_Barat	9365
Kabupaten_Padang_Lawas	186280
Maybank	14189
Stesen_LRT_Petir	300022
Surau_Az-Zahidiah	749146
Rote_Barat,_Rote_Ndao	218650
Taman_Negara_Banjaran_Crocker	425379
Masjid_Negara	7451
Masjid_Sultan_Hishammuddin_Alam_Shah	748947
Dusun_Tua	12734
Bukit_Broga	255853
Bonto_Bahari,_Bulukumba	179113
Imogiri,_Bantul	198074
Pavilion_Kuala_Lumpur	88015
Sungai_Balang	130024
Sungai_Kemaman	343207
Sari_Club	317611
Litar_Batu_Tiga	141148
Gowa	11274
Durian_Tunggal	23396
Kabupaten_Lombok_Barat	218007
Selat_Bali	147966
Sekolah_Menengah_Sains_Sabah	271345
Semenanjung_Malaysia	2858
Alor_Setar_Mall	661953
Stesen_Komuter_Subang_Jaya	177620
Pengeboman_kedutaan_Australia_di_Jakarta_(2004)	6607
Monorel_Melaka	221651
Bukit_Mertajam	14355
Benteng_Kota	665963
Taman_Budaya,_Batu_Pahat	692905
Bintuni,_Teluk_Bintuni	219657
Masjid_Al-Ulum	750163
Lapangan_Terbang_Sematan	338195
Cipanas,_Cipanas,_Lebak	667682
Airmadidi,_Minahasa_Utara	180123
Masjid_Kariah_Kampung_Terentang	749889
Malaysia_Timur	7744
Pulau_Bunting	349174
Asajaya	14001
Langgar	50244
Sulawesi_Selatan	11015
Pasar_Bengkulu	671294
Muzium_Sabah	425354
Long_Lellang	338237
Seberang_Perai_Utara	103697
Masjid_Kampung_Tok_Muda	749614
Monggupo	679172
Masjid_Sultan_Abd_Aziz	749763
Padang_Pariaman	5707
Arau	14209
Hospital_Kajang	77037
Pinontoyonga	679173
Rangkaian_Lebuh_Raya_Asia_2	137393
Stesen_MRT_one-north	298781
Surau_PLKN_Princess_Haliza	750188
Lapangan_Terbang_Tioman	116837
Sepanggar	120116
Deniang	665842
Stesen_keretapi_Alor_Setar	176172
Masjid_Kariah_Bongek	750123
Gemencheh	50414
Kota_Gorontalo	687425
Stadium_Negara	30483
Menara_Tun_Mustapha	48513
Surau_An-Nur,_Kampung_Melayu_Wira	748801
Sukamiskin	685701
Bank_Negara_Malaysia	31085
Bukit_Jawa	272070
Kace	665910
Zoo_Negara	56240
Pulau_Raya	148068
Bukit_Kiara	71242
Masjid_Kampung_Selaru	749920
Tontayuo	679191
Masjid_Al-Azhariah	24278
Bengkunat,_Lampung_Barat	214861
Stesen_MRT_Botanic_Gardens	289742
Masjid_Jamiul_Muhsinin	749846
Menggatal	225933
Karang_Baru,_Aceh_Tamiang	184055
Masjid_Al-Falah,_Kampung_Idaman	749579
Parit_Jawa	129557
Kuil_Sri_Poyyatha_Vinayagar_Moorthi	13616
Masjid_Al-Falah,_Kampung_Jenjarom	749783
Stesen_LRT_Sri_Rampai	177369
Wanasari,_Agrabinta	685647
Tanjung_Sepat,_Pahang	130068
Masjid_Kuala_Pajam	748895
Jabatan_Hal_Ehwal_Komersial	280823
Lapangan_Terbang_Antarabangsa_Kepulauan_Cocos_(Keeling)	153316
Masjid_Al-Aman	748815
Kota_Banjarbaru	222500
Bayan_Lepas	41116
Liurai_(Remexio)	615660
Kempas	129546
Universiti_Sains_Islam_Malaysia	9060
Sungai_Siak	144658
Stesen_MRT_Marsiling	221946
Bukit_Jalil	85068
Kadubale	668065
Empangan_Batang_Ai	48368
Taman_Banang_Ria,_Batu_Pahat	692866
Batang_Rajang	17265
Kuala_Kubu_Bharu	59264
Mohiyolo	679159
Masjid_Kariah_Kampung_Pulau_Lambar	750260
Muzium_Samudera	13460
Ilohuuwa	679218
Broga	13148
Hospital_Jasin	77628
Lapangan_terbang_Sei_Bati	710071
Taman_Tasik_Semenyih	13149
Surau_As-Salaam	748813
Universiti_Sains_dan_Teknologi_Malaysia	9058
Lapangan_Terbang_Antarabangsa_Halim_Perdanakusuma	10748
Gunung_Lokon	4439
Meos_Mansar,_Raja_Ampat	219481
Anjatan	685649
Masjid_Jamek_Ar-Rahimah	749346
Singkil,_Aceh_Singkil	183365
Masjid_Kariah_Senama	750126
Bandar_Nusajaya	92028
Sogitia	679224
Universiti_Brawijaya	6992
Sekolah_Menengah_Sains_Kuala_Selangor	220610
Kemayan	126620
Dunu	679148
Damansara_Jaya	59253
Ancol,_Pademangan	676440
Inomata	679167
Simeulue_Barat,_Simeulue	184478
Universiti_Andalas	171232
Sabuli	615938
Pasar_Seni	4452
Kabupaten_Kepulauan_Sangihe	57878
Labuan	2536
Pahang_FA	67829
Kalideres,_Jakarta_Barat	201445
Sungai_Kapuas	216486
Kalumpang	50279
Asahan	5305
Masjid_Kariah_Kampung_Pasir_Ambor	749892
Grand_Prix_Singapura_2008	93551
Muzium_Kesenian_Islam	150316
Lapangan_Terbang_Sultan_Azlan_Shah	110459
Jurung	665872
Kluang	9681
Pulau_Sibu	50451
Bunyu,_Bulungan	225011
Pontianak_Barat,_Pontianak	220725
Pekanbaru	117988
Stesen_Jatinegara	177160
Pulau_Busing	144036
Masjid_Kampung_Beting	749869
Hospital_Kem_Terendak	762918
Masjid_Selemak	26742
Rindik	666197
Sinar_Sari,_Kelapa	665995
Barat_Daya_(Pulau_Pinang)	103696
Kinarut	225451
Wat_Chayamangkalaram	296105
Anyar,_Serang	196382
Lapangan_Terbang_Antarabangsa_Soekarno-Hatta	10722
Bintana	679161
AEON_Bukit_Tinggi,_Klang	87642
Stesen_Monorail_Bukit_Bintang	99937
Serendah	59278
Praya,_Lombok_Tengah	218035
Pulau_Pangkor	13361
Stesen_MRT_Chinatown	227320
Sidoharjo,_Air_Gegas	666273
Kabupaten_Karawang	276964
Puncak_Trikora	4466
Masjid_Qariah_Ulu_Bendol	749862
Masjid_Ar-Rahmaniah,_Kampung_Sungai_Lang_Baru	749801
Lapangan_Terbang_Antarabangsa_Pulau_Pinang	16861
Taman_Zamrud,_Batu_Pahat	692875
Masjid_Qariah_Sri_Mungkal	749858
Penjara_Pudu	17807
Kota_Cirebon	285536
Lapangan_terbang_Trunojoyo	710081
Sekolah_Menengah_Kebangsaan_Penanti	214466
Spaoh	175444
Gunung_Patuha	4405
Lapangan_Terbang_Sultan_Abdul_Halim	52612
Kampung_Minyak_Beku	130037
Stesen_Komuter_Seputeh	177528
Biluhu_Barat	679192
Bunut_Susu	272002
Masjid_Nurul_Amin,_Kampung_Merbau_Sempak	749980
Stesen_Monorel_Maharajalela	177650
Kabupaten_Kutai_Timur	227056
Masjid_Kariah_Rembang_Panas	749882
Bangunan_Parlimen_Malaysia	39676
Woodlands	221896
Mak_Mandin	130114
Tanjung_Langsat	24644
Surau_An-Nur,_Seksyen_20	750031
Tokong_Thean_Hou	186453
Teluk_Dalam,_Simeulue	184483
Kuala_Terengganu	90088
Stesen_MRT_Bishan	221955
Sungai_Ara	103795
Tanjungniur	665934
Lapangan_terbang_Blimbingsari	710070
Masjid_Kariah_Kampung_Kuala_Serdang	749895
Gunung_Irau	46023
Kampung_Lingga	52159
Pasar_Jitra	671303
Lapangan_Terbang_Bunyu	10745
Lapangan_Terbang_Redang	116008
Masjid_Jamek_Al-Amaniah	748766
Masjid_Al-Mawaddah	180645
Serangan_hendap_Lahad_Datu_1985	763168
Tanjung_Gunung,_Pangkalan_Baru	666319
Cilandak,_Anjatan	685663
Kampung_Keluang	715344
Beranang	12635
Daerah_Istimewa_Yogyakarta	56431
Malangsari,_Cipanas	667699
Taman_Bukit_Mutiara,_Batu_Pahat	692838
Gemas_Baharu	129540
Beseri	14067
Banyu_Asin	665846
Bondan	707068
Sekolah_Menengah_Kebangsaan_St_Paul	180732
Bandar_Permaisuri	54014
Jawa	3547
Gunung_Leuser	4425
Masjid_Taman_Panchor_Jaya	750424
Universiti_Teknologi_Malaysia	1401
Masjid_Kampung_Gombak	748791
Taman_Melodies	130048
Empangan_hidroelektrik_Murum	193158
Ubud	664654
Taman_Sri_Pantai,_Batu_Pahat	692874
Taliwang,_Sumbawa_Barat	218110
Kedungwungu,_Anjatan	685665
Kota_Sungaipenuh	213967
Masjid_Kampung_Galau_Seri_Menanti	749878
Kabupaten_Gorontalo	41235
Runtuhan_lombong_tinggal_di_Pantai_Remis	197020
Istana_Bukit_Kayangan	114887
Lapangan_Terbang_Long_Lellang	338197
Kundi	665973
Pulau_Perak	434482
Bukit_Beruang	139106
Barabai,_Hulu_Sungai_Tengah	222379
Banggai	11322
Masjid_Ubudiah,_Kerling	749375
Changlun	4672
Ulu_Tiram	37772
Lapangan_Terbang_Antarabangsa_Juwata	10739
Mekarsari,_Agrabinta	685641
Taman_Negara_Endau-Rompin	22847
Kepulauan_Obi	152241
Dataran_Pahlawan	13508
Kota_Marudu	99935
Lapangan_Terbang_Husein_Sastranegara	10724
Masjid_Jamiul_Redzuan	749733
Stesen_MRT_Outram_Park	224834
Masjid_Kariah_Bayai_Lama	750136
Bintangsari	667674
Sungai_Selan_Atas	666297
Rajik	666207
Masjid_Kristal	94901
Teluk_Tapanuli	657085
Masjid_RKT._Hulu_Rening	749373
Simpang_Durian	182799
Aur_Gading,_Batin_XXIV	680712
Stesen_MRT_Beauty_World	299066
Gunung_Besar,_Sumatera	347063
Stesen_Komuter_Bangi	177531
Selamat,_Tenggulun,_Aceh_Tamiang	647205
Masjid_Kariah_Mambau	750393
Stesen_MRT_Boon_Lay	224845
Pulau_Ujong	84146
Kota_Cornwallis	55307
Mangkol	666325
Cisarua,_Cisarua,_Bogor	693510
Gong_Kedak,_Terengganu	54022
Bandar_Tun_Razak,_Jengka	52132
Pasir_Putih,_Tukak_Sadai	666170
Monano,_Anggrek	679150
Dungus_Cariang	685596
Surau_Tarbiyatul_Akhlak	749379
Masjid_Jame'_Tuanku_Munawir	749864
Masjid_Al-I'tisam	749946
Masjid_Kariah_Taman_Tuanku_Ja'far	750254
Pulau_Indah	55273
Gelgel	665074
Masjid_At-Taufiqiah,_Felda_Sohearto	749364
Masjid_Pekan_Sepang	329505
Penfui_Timur,_Kupang_Tengah,_Kupang	218525
Kabupaten_Minahasa_Selatan	179892
Gunungkendeng	667762
Rembau	24289
Eye_on_Malaysia	54932
Mukah	11226
Surau_An-Nur,_Kolej_MARA_Banting	749854
Menglembu	50353
RMS_Empress_of_Asia	20847
Mekar_Jaya,_Cimarga	667629
Pondok_Besi	671414
Wilayah_Pentadbiran_Kepulauan_Seribu	201420
Kabupaten_Dharmasraya	202821
Masjid_Pekan_Bangi	748940
Sekolah_Dasar_Negeri_Cipinang_Melayu_12_Petang	212533
Stadium_Bishan	796025
Kementerian_Dalam_Negeri_(Singapura)	280115
Kabupaten_Solok_Selatan	204410
Pulau_Simping	662051
Pudu,_Kuala_Lumpur	91955
Masjid_Al-Muhajirin,_Pejabat_Agama_Pengkalan_TUDM	749952
Rukam,_Mendo_Barat	665879
Sorowako,_Nuha,_Luwu_Timur	179269
Masjid_As-Saadah,_Penjara_Pusat_Kajang	748883
Teluk_Mayalibit,_Raja_Ampat	219516
Bandar_Penawar	37640
Gereja_Blenduk_Semarang	325165
Masjid_Kampung_Melekai	749917
Lapangan_Terbang_Sultan_Ismail_Petra	57790
The_Green_Connection	427542
Kedaleman,_Cibeber	666590
Padang_Rengas	15754
Lapangan_Terbang_Belaga	301851
Masjid_Sungai_Cinchin	748795
Belolaut	665984
Stadium_Sultan_Ismail_Nasiruddin_Shah	138335
Banting,_Selangor	13688
Payunga	679180
Bintangor,_Sarawak	39527
Atinggola,_Gorontalo	180139
Operasi_Claret	708403
Kuchai_Lama	56200
Masjid_Al-Munawwarah	749957
Tiram,_Tukak_Sadai	666167
Teupah_Selatan,_Simeulue	184486
Hotel_Ambacang	286349
Pasir_Puteh,_Kelantan	211
Universiti_Malaya	2179
Engkilili	14013
Teluk_Ramunia	130002
Tegalratu	667086
Bantul,_Bantul	198061
Masjid_As-Saadah,_Bandar_Sultan_Sulaiman	749598
Hutan_Rekreasi_Ayer_Keroh	13605
Plaza_Bukit_Bintang	188318
Air_Bulin	666013
Masjid_At-Taqwa,_Desa_Subang_Permai	749966
Gilimanuk	664929
Masjid_Jamek_Abdullah_Sijang	750057
Sobangan	351936
Lapangan_Terbang_Sentani	10726
Seminyak	352224
Glee_Bruek,_Lhoong,_Aceh_Besar	183642
Teru	666308
Mengwi,_Badung	216500
Stesen_LRT_Pandan_Indah	166070
Sangku	665940
Kabupaten_Sijunjung	204290
Universiti_Malaysia_Terengganu	48326
Stesen_MRT_King_Albert_Park	299566
Kabupaten_Malinau	227226
Surau_Bukit_Jelutong	750035
Kepulauan_Selayar	179227
Kota_Tual	219138
Bandar_Utama	58794
Kinrara	59232
Mekarsari,_Bojong	668076
Kota_Kupang	218813
Tanjungsari,_Sadananya	705934
Bukit_Tinggi,_Pahang	54887
Batak_Rabit	50276
Kepala_Batas	14338
Masjid_Nurul_Iman,_Kampung_Tengah_B	749984
Pekan_Kelapa_Sawit	129545
Bekasi	214400
Sekolah_Menengah_Sains_Muar	47234
Bojongkaso	685638
Sekolah_Menengah_Jenis_Kebangsaan_Keat_Hwa	259633
Stabat	165712
Bota	13243
Masjid_Al-Amin,_Kampung_Sungai_Tekali	748816
Abdul_Taib_Mahmud	7413
Fatumean_(suco)	615896
Masjid_Qariah_Tuan_Tulis_Ismail	749859
Kota_Tidore_Kepulauan	219299
Masjid_Al-Makmur,_Felda_Gedangsa	749354
Cisimeut	667801
Surau_Darul_Hidayah	750036
Donggongon	225450
Kabupaten_Muaro_Jambi	189678
Masjid_At-Taqwa,_Kalumpang	749361
Masjid_Kariah_Paroi_Jaya	750399
Ciwedus	666595
Mekar_Jaya,_Bajubang	680705
Menara_Jam_Atkinson	428379
Masjid_Al-Mansuriah	749586
Masjid_Kariah_Pekan_Rompin	749467
Sungai_Kinta	41894
Kampung_Haji_Abdullah_Hukum	290963
Umbulan,_Cikeusik	668162
Selat_Ombai	152228
Toboali,_Bangka_Selatan	214261
Parakanlima,_Cirinten	667712
Pusat_Sains_Negara	110190
Pulau_Semakau	150243
Masjid_Riadhus-Solihin,_Serdang_Jaya	749993
Stesen_MRT_Joo_Koon	224847
Masjid_Kariah_Felda_Palong_4	749468
Kabupaten_Polewali_Mandar	180259
Surau_Pusat_Muktamar_MAS	750189
Namang	666332
Hospital_Tawau	23800
Istana_Budaya	67116
Melaka	2534
Terminal_Bersepadu_Selatan-Bandar_Tasik_Selatan	146393
Masjid_Negeri_Seremban	750198
Masjid_Al-Ehsan,_Kampung_Sungai_Serai	748824
Nanu_(suco)	615902
Masjid_Kampung_Rinching_Hulu	26622
Pengkalan_Chepa	9806
Cengkong_Abang	665911
Masjid_Kariah_Felda_Palong_8	749570
Stesen_MRT_Pioneer	224846
Kampung_Gong_Duek	715350
Taman_Ekspo_Pertanian_Malaysia	357795
Terumbu_Laya	444842
Stesen_Komuter_Bank_Negara	138752
Masjid_Aminah_Al-Muhairi	749960
Taman_Botani_Pulau_Pinang	191187
Kota_Waingapu,_Sumba_Timur	218731
Maba,_Halmahera_Timur	219221
Grisek	191837
Lapangan_Terbang_Abdul_Rachman_Saleh	10704
Blang_Mangat,_Lhokseumawe	184593
Port_Dickson	12765
Masjid_Al-Kholidiah	749351
Gerogol	667092
Empangan_Batu	101788
Muara_Singoan	680790
Takabonerate,_Kepulauan_Selayar	615747
Nabawan	177642
Stadium_MBPJ	138336
Bululi	679157
Gudang,_Simpang_Rimba	666209
Kabupaten_Buol	180642
Stesen_MRT_Marina_Bay	222031
Masjid_Kampung_Paya	750056
Monggolito	679206
Masjid_Kariah_Kampung_Temeris,_Jempol	749461
Ramadhon	666301
Lapangan_Terbang_Kobok	10691
Kerung	462378
Katis	666316
Bagendung	666591
Balaraja,_Tangerang	196634
Masjid_Al-Makmuriah,_Kampung_Sungai_Kayu_Ara	749949
Barru,_Barru	178914
Sunway_Lagoon	221662
Uma_Bawang	768533
Masjid_Al-Istiqamah,_Kayangan_Height	750046
Masjid_Kariah_Kampung_Temeris,_Kuala_Lipis	750141
Rebo	665814
Lapangan_Terbang_Antarabangsa_Polonia	10735
Senai	37872
Pulau_Hantu	150242
Sungai_Kelang	65647
Taman_Soga_2,_Batu_Pahat	692873
Sibolga	5321
Sungai_Kerian	343204
Penampang	8695
Tanjung_Pandan,_Belitung	59792
Kota_Bharu	208
Tringkap	40953
Lobuto_Timur	679196
Manggar,_Belitung_Timur	214279
Benteng,_Pangkalan_Baru	666328
Masjid_Jamek_Kampung_Nakhoda	746467
Batuan_Tengah	105558
Tokai	14306
Pulau_di_Singapura	144032
Lapangan_Terbang_Layang-Layang	794321
Kotabumi,_Purwakarta	667105
Chemor	16324
Pulau_Pababag	708869
Lapangan_Terbang_Antarabangsa_Juanda	10765
Masjid_Al-Muttaqin,_Dusun_Tua	748828
Taman_Flora_Height,_Batu_Pahat	692840
TTDI_Jaya	130112
Paroi	24323
Pudingbesar	665856
Stesen_Monorel_Tun_Sambanthan	177649
Pulau_Brani	149891
Sangiang_Tanjung	667772
Batuan,_Sukawati	664706
Sri_Petaling	166030
Muzium_Negara_Malaysia	9330
Ambalat	88028
Kabupaten_Kolaka_Utara	183060
Masjid_Asy-Syakirin,_Kampung_Jenderam_Hilir	750171
Tongkang_Pechah	90131
Gambang,_Pahang	116248
Stesen_MRT_Lakeside	224844
Masjid_Kariah_Kampung_Sawah	750062
Sudut_Pidato,_Singapura	189957
Muzium_Pengangkutan_Melaka	194523
Perpustakaan_Negara_Malaysia	148859
Zed	665878
Sook	429735
Bintulu	15859
Kampung_Baru,_Kuala_Lumpur	56375
Kresek,_Tangerang	196994
Bojongkoneng,_Gunung_Kencana	667749
Cibaturkeusik	667245
Sungai_Mahakam	217222
Masjid_Kampung_Felda_Sendayan	750390
Mines_Resort_City	26672
Stadium_Sarawak	663917
Kepulauan_Ashmore_dan_Cartier	325436
Pertempuran_Laut_Jawa	49503
Stesen_MRT_Dover	224839
Lapangan_Terbang_Lahad_Datu	117716
Setiawangsa	96228
Brickfields	48527
Sungai_Rompin	304692
Bukit_Bendera	14369
Pulau_Bajau	144031
Kampung_Nong_Chik	37870
Sofifi	219298
Sepatan,_Tangerang	197118
Masjid_Kampung_Pendamar	749734
Sungai_Kinabatangan	1342
Selangor	2522
Sumbawa	17877
Kabupaten_Gunung_Kidul	56577
Mas	664662
Cipining	667740
Stesen_MRT_Simei	224352
Stadium_Bung_Karno	143702
Prabumulih	282351
Rote_Barat_Laut,_Rote_Ndao	218653
Stesen_keretapi_Tanjung_Malim	130855
Masjid_Kariah_Mendom	750245
Kota_Kinabalu_Wetlands	426008
Masjid_Jame'_Kuala_Pilah	749870
Melaka_Sentral	14143
Suka_Bandung,_Air_Nipis	671423
Bobometo	617068
Stesen_LRT_Bandaraya	166090
Pengerang	129565
Kuil_Sri_Maha_Mariamman,_Kuala_Lumpur	187221
Kabupaten_Banyuasin	188559
Lapangan_Terbang_Sungai_Besi	17942
Dalung,_Kuta_Utara	352210
Happy_Garden	56199
Kuala_Sanglang	6703
Sarangmandi	666299
Masjid_Kariah_Pekan_Pedas	750132
Genting_Sempah	54893
Surau_Al-Hidayah,_Universiti_Multimedia	750182
Pulau_Yos_Sudarso	180608
Bukit_Tambun	14362
Surau_Lukmanul_Hakim	749776
Penerbangan_684_Penerbangan_Malaysia	713422
Kabupaten_Musi_Banyuasin	188854
Beluran	177643
Jebak	680813
Gunung_Kerinci	4432
Lapangan_Terbang_Mali	10686
Sungai_Mersing	304696
Hulu_Kelang	64358
Olimoo	679190
Masjid_Al_Azim,_Taman_Semarak_2	750418
Kabupaten_Belu	218141
Tukak	666166
Kabupaten_Karo	185453
Ibul,_Simpang_Teritip	665974
Kota_Singkawang	220998
Semulut	666019
Air_Itam	41126
Kota_Sigli,_Pidie	184430
Surau_Al-Ansor	749853
Pejeng	664691
Gunung_Sitoli	39792
Sungai_Ruan	130066
Sinar_Baru,_Sungai_Liat	665813
Masjid_Asy-Syabab	748885
Gunung_Arjuno	4416
Sekolah_Menengah_Kebangsaan_St._Michael,_Sandakan	271778
Wates,_Kulon_Progo	200574
Sungai_Suloh,_Batu_Pahat	692880
Stesen_MRT_Tanjong_Pagar	224831
Lapangan_Terbang_Godang	10776
Surau_Al-Muhajirin	748961
Kota_Cilegon	58109
Lapangan_Terbang_Antarabangsa_Senai	40245
Sungai_Selan	666298
Surau_Taman_Ilmu	750194
Sosol	801094
Lapangan_Terbang_Bakelalan	201183
Gayo_Lues	5261
Sungai_Igan	304830
Tanjung_Tokong	41122
Stadium_Kanjuruhan	687403
Pondok_Kaso_Tonggoh	689546
Pasirawi,_Banjar	668069
Masjid_Jamek_Pekan_Sungai_Buloh	746468
Pecatu	352216
Sarikei	39538
Stesen_MRT_Clementi	224841
Ipilo,_Atinggola	679168
Pelabuhan_Kuantan	116178
Stesen_keretapi_Bukit_Mertajam	176166
Sapulut	226704
Kuala_Krai	213
Universiti_Kebangsaan_Singapura	6957
Pergunungan_Maoke	158397
Kota_Kendari	183194
Labuh_Air_Pandan	665908
Wonosari,_Gunung_Kidul	200268
Ramanuju	667108
Lela_Ufe	616124
Balik_Pulau	41125
Fort_Margherita	400619
Stesen_MRT_Bugis	224360
Sekolah_Menengah_Jenis_Kebangsaan_Jit_Sin	264288
Sinarlaut	685644
Kabupaten_Tangerang	196631
Sukarasa,_Salawu	705962
Kota_Tarakan	229017
Stesen_MRT_Tuas_West_Road	294348
Tuik	665990
Aceh_Tamiang	5257
Limbang	14048
Cisaranten_Endah	685612
Balikpapan	20742
Bangunan_Stadthuys	13503
Ayer_Kuning	130075
Masjid_Taman_Bukit_Indah	748797
Bukit_Timah	125882
Kampung_Raja,_Besut	715295
Masjid_Al-Mukarramah	749955
Nangerang,_Cirinten	667711
Masjid_Kompleks_Pertanian_Serdang	749975
Bukit_Gambir,_Johor	129536
Teluk_Marudu	198968
Universiti_Sultan_Zainal_Abidin	60633
Jambatan_Kedua_Muar	36149
Masjid_Sultan_Abdul_Samad,_Kampung_Seri_Jugra	749851
Eunos,_Singapura	759033
Masjid_Kariah_Kampung_Kuala_Jempol	749460
Laut_Jawa	59788
Indragiri_Hulu	5705
Padang_Sanai	346518
Kejohanan_Trofi_Hassanal_Bolkiah_2002	756744
Kejohanan_Trofi_Hassanal_Bolkiah_2005	756745
Kejohanan_Trofi_Hassanal_Bolkiah_2007	756746
Lubuklinggau	282352
Gambir,_Jakarta_Pusat	296482
Stesen_MRT_Dhoby_Ghaut	222028
Masjid_Al-Khairiah,_Taman_Seri_Gombak	748777
Popalo	679153
Karya_Makmur,_Pemali	665865
Pusat_Bandar_Damansara	291840
Surau_Al-Falah,_Kota_Damansara	750147
Masjid_Nurul_Husna	749369
Selat_Singapura	147962
Teladan,_Toboali	666192
Masjid_Ar-Raudhah,_Kampung_Sungai_Kelambu	749834
Masjid_Noor_Hidayah	749368
Penerbangan_370_Penerbangan_Malaysia	717712
Masjid_Kariah_Semerbok	750121
Lapangan_Terbang_Tawau	53714
Stesen_MRT_Novena	222021
Krakatau	16777
Kelantan	207
Klang	28589
Surau_Universiti_Kuala_Lumpur	750195
Seberang_Takir	17222
Batu_Puteh	116955
Masjid_Al-Ansar,_Taman_Seri_Keramat	748769
Muara_Satu,_Lhokseumawe	184595
Kabupaten_Dompu	217998
Pulau_Pinang	2523
Misool,_Raja_Ampat	219482
Mabat	665928
Masjid_Sirajuddin_Al-Anuar	749762
Tatau	175442
Mulyodadi,_Bambang_Lipuro	676824
Masjid_Al-Falah,_Kampung_Sungai_Ramal_Dalam	748825
Tanah_Lot	142549
Bukit_Abal	80108
Balingian	14033
Tanah_Grogot,_Paser	228473
Bukit_Pasir	55199
Stesen_MRT_Tuas_Crescent	294346
Tanah_Melayu	3813
Stesen_LRT_Ten_Mile_Junction	299110
Kabupaten_Lombok_Timur	218040
Salamdarma	685669
Kabupaten_Bangka	214063
Sri_Gading	136412
Biluhu_Timur	679182
Air_Buluh,_Mendo_Barat	665913
Titiwangsa	44512
Fajar_Indah	666217
Linggi	24422
Balongsari,_Rawamerta	705807
Stesen_Monorel_Bukit_Nanas	177671
Teluk_Marina	125892
Stadium_Majlis_Perbandaran_Selayang	688425
Pertempuran_Singapura	35531
Puncak_Sumantri_Brodjonegoro	4463
Masjid_Nurul_Hidayah,_Kampung_Pandan_Dalam	17608
Masjid_Ahmadi	315317
Pulau_Sebang	101740
Stadium_Gelora_Bung_Tomo	687407
Bukit_Layang,_Bakam	665931
Teluk_Bahang	41124
Masjid_Negel_Gardner	749367
Bernam_Jaya	59247
Inogaluma	679219
Penagan	665904
Jambatan_gantung_Kutai_Kartanegara	312780
Sukaperna,_Talaga	710248
Cidempet	685690
Masjid_Qariah_Pengkalan_Durian	750070
Stesen_Komuter_Batang_Benar	177532
Bandar_Tun_Razak	292075
Antapani_Wetan	685611
Istana_Mestika	114889
SMK_Bandar_Baru_UDA	35381
Mata_Ayer	14199
Kota_Tasikmalaya	35385
Batang_Kali	59245
Taman_Jepun,_Singapura	169940
Bukit_Tabur	46893
Masjid_Air_Limau	14400
Bajubang_2	680699
Masjid_Qariah_Lubuk_Cina	750085
Simpang_Lima,_Batu_Pahat	693750
Sengkang_(Sulawesi)	28381
Ayer_Bemban	108964
Panca_Tunggal	666215
1_Utama	58466
Bandar_Jasin	99891
Ternate	11328
Masjid_Sultan_Salahuddin_Abdul_Aziz_Shah	13778
Pondok_Aren,_Tangerang_Selatan	197988
Tebrau	130029
Nyelanding	666289
Triang	73178
Stesen_LRT_Cempaka	166035
Masjid_Kariah_Kampung_Kepis_Baru	749873
Batu_Betumpang	666218
Tasik_Putrajaya	293118
Kabupaten_Batang	204490
Butterworth,_Pulau_Pinang	41130
Masjid_Kariah_Kampung_Jinjan	750397
Kampung_Awah	46363
Keningau	42395
Stesen_LRT_Sentul	166093
Ranggung	666220
Cimenyan	690585
Penyampak	665960
Tempilang	665933
Borneo	10267
Gereja_St._Paul	13501
Kimanis	50247
Lapangan_Terbang_Sibu	57792
Stadium_Shah_Alam	69639
Sungai_Baram	17266
Mukim_Kianggeh	126109
Cikerai	666585
Stesen_MRT_Buona_Vista	145428
Soedirman	15984
Stadium_Singaperbangsa	281765
Kecamatan_Kintamani	216669
Sekolah_Jenis_Kebangsaan_Hua_Kee	283543
Stesen_keretapi_Johor_Bahru	178473
Bukit_Nanas	188499
Masjid_Kem_Segenting	750054
Galeri_Seni_PERZIM	13455
Merchang	110594
Pulau_Sebatik	102069
Universiti_Padjadjaran	33734
Stesen_MRT_Orchard	222025
Gunung_Talang	4430
Stesen_LRT_South_View	299096
Stesen_MRT_Mountbatten	295825
Masjid_Al-Muhsinin	749587
Jimbaran,_Kuta_Selatan	352218
Masjid_Umariah	749764
Selebar,_Bengkulu	206235
Pulau_Lang_Tengah	54018
Universiti_Indonesia	6968
Surau_Nurul-Iman	749150
Indragiri_Hilir	5703
Kaohsiung	431850
Kesang	16179
Linggajati,_Arahan	685691
Sungai_Buloh	11060
Baling	2215
Lawang_Sewu	324849
Tanjung_Rambutan	50332
Putrajaya	5774
Muzium_UMNO	98561
Pertempuran_Pulau_Pinang	34584
Batu_Pahat_(bandar)	3497
Surau_Kolej_Teknologi_Maklumat	749775
Kepulauan_Maluku	54940
Masjid_Kariah_Pekan_Nilai	750199
Masjid_Telok_Pelandok	750055
Masjid_Kampung_Batu,_Rembau	750153
Masjid_Bandar_Kota_Kinabalu	175072
Masjid_Kariah_Kundur_Hulu	750150
Paku,_Payung	666224
Taman_Bukit_Banang,_Batu_Pahat	692837
Rangkasbitung,_Lebak	196504
Stadium_Lebak_Bulus	306132
Muzium_Sastera	13453
Ciginggang	667758
Kranji,_Singapura	125894
Pulau_Malawali	257382
Stesen_Komuter_Petaling	177609
Ajibarang,_Banyumas	413990
Gunung_Galunggung	23955
Pulau_Betong	50236
Peserai,_Batu_Pahat	693748
Haurgajrug	667696
Citumenggung	668073
Stesen_MRT/LRT_Punggol	252667
Empangan_Jus	131484
Stesen_MRT_Changi_Airport	227318
Urip_Sumohardjo	16078
Masjid_Salak_Tinggi	13811
Batu_Kawan	14359
Gertak_Sanggul	149205
Mukim_Sukang	126633
Masjid_Chembong_Batu_17	750077
Pengkalan_Rinting	733998
Gunung_Mahameru	4419
Masjid_Kampung_Jimah_Baru	750072
Lapangan_terbang_Soroako	10569
Masjid_IPP	748789
Sungai_Selangor	304705
Rumah_Api_Raffles	416840
Stesen_MRT_Kembangan	149840
Bunisari,_Agrabinta	685639
Kota_Dumai	143634
Pulau_Bum-Bum	153973
Masjid_Ar-Rahman,_Pendamaran_Jaya	749596
Kuala_Sungai_Baru	106856
Stadium_Pasir_Gudang	663936
Gempa_bumi_Kepulauan_Obi_April_2010	224251
Provinsi_Kepulauan_Riau	36193
Stesen_LRT_Taman_Bahagia	177447
Muzium_Sejarah_dan_Ethnografi	13450
Bandar_Sunway	59242
Stesen_MRT_Bukit_Gombak	221937
Maiwa,_Enrekang	179134
Sri_Aman	14271
Taman_Bukit_Mutiara_2,_Batu_Pahat	692839
Semerah	54946
Pagar_Banyu,_Ulu_Talo	675629
Pulau_Sipadan	45777
Sumba	17886
Lapangan_Terbang_Buluh_Tumbang	10705
Masjid_Sungai_Machang_Hilir	750414
Beting_Serupai	689005
Bintet	665921
Pertempuran_Pasir_Panjang	49453
Perigi_Hang_Li_Poh	13512
Masjid_Qariah_Pilin	750087
Perlis	302630
Padang_Serai,_Kulim	14332
Lebakdenok	666602
Stesen_keretapi_Pulau_Sebang/Tampin	138408
Mapia,_Dogiyai	219962
Masjid_Bukit_China	13885
Cikulur	667391
Tamansari,_Banjarsari	667260
Pulau_Wan_Man	130069
Masjid_Taman_Rasa_Sayang	750413
Empangan_Kenyir	47751
Gempa_bumi_Yogyakarta_Mei_2006	31555
Stesen_LRT_Phoenix,_Singapura	137436
Kelab_Diraja_Selangor	17804
Kesultanan_Langkat	316180
Bursa_Saham_Indonesia	125024
Gunung_Chamah	4165
Mukim_Kota_Batu	126612
Pulau_Jambongan	227669
Tanjung_Piandang	16316
Masjid_Kariah_Sungai_Jai	750249
Bonjol,_Pasaman	204065
Masjid_Al-Islah,_Kampung_Nelayan_Telok_Gong	749582
Taman_Ampang_Jaya,_Batu_Pahat	692864
Masjid_Hidayatul_Muttaqin	750145
Bisaya	137299
Pulau_Belitung	59790
Candi,_Curugbitung	667713
Stesen_keretapi_Wakaf_Bharu	148012
Empangan_Baram	136938
Gunung_Sibayak	4427
Tragedi_Double_Six	428823
Sekolah_Menengah_Kebangsaan_Pengiran_Omar	271765
Pulau_Buton	166214
Universiti_Kuala_Lumpur	9059
Gempa_bumi_Jawa_Julai_2006	35312
Palembang	1361
Pinang_Tunggal	14341
Jabatan_Kemajuan_Orang_Asli	707512
Masjid_Taming_Jaya	748952
Pintu_Batu,_Teluk_Segara	671413
Sukasari,_Cipanas	667702
Maumere,_Sikka	218679
Tumbak_Petar	666014
Sumur_Dewa	671290
Kangar	6947
Brunei	2008
Bagan_Serai	15762
Selandar	102778
Indonesia	2060
Stesen_MRT_Sembawang	221949
Seri_Satria	141654
Bandar_Muadzam_Shah	54883
Kabupaten_Klungkung	217951
Jajahan_Pasir_Mas	209
Pulau_Banggi	52560
Masjid_Abidin	750494
Cicaringin	667757
Masjid_Al-Naim,_Batu_7	749590
Pino_Baru	671422
Aceh_Tenggara	4297
Simpang_Ampat,_Pulau_Pinang	104071
Stesen_Keretapi_Kuala_Lumpur	124861
Taman_Soga,_Batu_Pahat	692872
Pertunjukan_Udara_Singapura	168499
Sungai_Perlis	174680
Kodiang	4929
Tulatakeu	615662
Kao,_Halmahera_Utara	219230
Kejohanan_Trofi_Hassanal_Bolkiah_2014	756307
Simpang_Empat,_Perlis	104066
Tampaksiring	664674
Padang_Serai,_Kampung_Melayu	671251
Bandar_Parepare	179598
Teluk_Intan	12861
Larantuka,_Flores_Timur	218199
Mulyasari,_Agrabinta	685642
Usitakeno	617072
Masjid_An-Nur,_Kampung_Melayu_Subang	749961
Stesen_Komuter_Angkasapuri	177553
Taman_Setia_Jaya_2,_Batu_Pahat	692879
Pematang_Rindang	675509
Alor_Gajah	6526
Bongo,_Batudaa_Pantai	679183
Gunung_Argopuro	4420
Sungai_Kedah	305696
Stesen_Komuter_Sentul	177552
Greater_Kota_Kinabalu	426012
Kebondalem,_Purwakarta	667104
Akademi_Lama_Polis_Singapura	281010
Takabonerate,_Selayar	179241
Lapangan_Terbang_Kudat	311772
Lapangan_Terbang_Japura	10711
Kejohanan_Trofi_Hassanal_Bolkiah_2012	671653
Kabupaten_Lingga	215825
Senarai_pulau_terluar_Indonesia	184600
Lapangan_Terbang_Long_Pasia	311773
Masjid_Kampung_Gebok	750411
Kota,_Negeri_Sembilan	130081
Bongawan	225426
Balakong	13166
Kerobokan_Kaja	352208
Irat	666256
Kota_Yogyakarta	56434
Stadium_Selayang	663934
Pulau_Rawa	50450
Masjid_Seberang_Batu_Hampar	750134
Stesen_LRT_Taman_Melati	177367
Lapangan_Terbang_Miri	85157
Teluk_Limau,_Jebus	666015
Penerbangan_8501_Indonesia_AirAsia	766757
Srimenanti	665811
Nias	5312
Kabupaten_Lebak	196432
Kabupaten_Belitung_Timur	214277
Masjid_Kariah_Pekan_Mantin	750248
Lho'nga,_Aceh_Besar	183597
Stadium_Likas	125672
Kota_Sarang_Semut	50243
Sejarah_Kota_Bharu	136858
Masjid_Nurul_Huda,_Kampung_Olak_Lempit	749850
Gunung_Soputan	4436
Tanjung_Pengelih	130027
Masjid_Al-Makmur,_Kampung_Tanjung_Sepat	749790
Lapangan_Terbang_Iswahyudi	10740
Masjid_Jamek_Diraja_Sultan_Suleiman	749575
Stesen_MRT_Toa_Payoh	222019
Universiti_Terbuka_Malaysia	9052
Pengeboman_Bali_2005	15988
Pengeboman_Bali_2002	6614
Cipetir,_Kadudampit	699286
Istana_Alam_Shah	107924
Ambalau,_Buru_Selatan	218979
Stesen_keretapi_Jerantut	176295
Penerokan	680706
Gunung_Tumang_Batak	47118
TUDM_Butterworth	53566
Kota_Batam	215850
Masjid_Darul_Tahsis	749841
Langsa	5264
Taulaa	679215
Buloh_Kasap	39090
Lapangan_Terbang_Lawas	164756
Kukup	129490
Layang-Layang,_Johor	129548
Payung,_Payung,_Bangka_Selatan	666221
Pusat_Perdagangan_Antarabangsa_Melaka	95809
Long_Semado	338238
Kayuarang	665999
Skudai	37873
Stadium_Nasional_Singapura	673178
Masjid_Qariah_Ulu_Sepri	750074
Daerah_Kulim	2219
Candi_Gunung_Kawi	142547
Margaluyu,_Cimarga	667613
Laut_Maluku	152243
Pusa,_Sarawak	150217
Sungai_Tembeling	180392
Kota_Belud	119782
Mersing	12166
Tambunan	45821
Kuala_Kangsar	4685
Ciruji	667251
Stesen_keretapi_Nibong_Tebal	176164
Selat_Sumba	147964
Kampung_Sungai_Gersik	191838
Cikini	676434
Sunway_Pyramid	61921
Luluo	679197
Stadium_Sultan_Agung	757327
Bulukumba	179110
Lapangan_Terbang_Supadio	10772
Stesen_LRT_Pasar_Seni	177434
Pantai_Morib	26276
Simpang_Pulai	12739
Stesen_MRT_Aljunied	224357
Masjid_Kiayi_Haji_Abdulllah_Omar	749755
Lapangan_Terbang_Pinang_Kampai	10747
Gunung_Kelud	24541
Pontian	6300
Sulawesi_Barat	51495
Mukim_Keriam	126636
Pematang_Siantar	5314
Stesen_keretapi_Kampar	176149
Kabupaten_Sorong	219525
Kuala_Besut	54011
Kota_Tangerang_Selatan	197967
Bojongjuruh	667244
Matu	58820
Tanjung_Sangkar	666258
Surau_Impian_Ihsan	748951
Sekolah_Menengah_Sains_Teluk_Intan	37388
Bandar_Tun_Razak,_Kuala_Lumpur	91954
Stesen_LRT_Sri_Petaling	165967
The_Gardens	95572
Panggung_Rawi	667098
Malili,_Luwu_Timur	179265
Sulangai	351925
Taman_Johor_Jaya	37773
Faturasa	615658
Kabupaten_Maybrat	219434
Pangkajene_dan_Kepulauan	179315
Kabupaten_Blora	208635
Pelangas	665970
Bola_sepak_di_Sukan_Asia_Tenggara_2011	305632
Masjid_Kariah_Pantai	750246
Stesen_LRT_Keat_Hong	299104
Masjid_Ar_Rahimah,_RTB_Bukit_Changgang	749799
Kecamatan_Kepahiang	205917
Lapangan_Terbang_Pangkor	116007
Tanjung_Tuan	12687
Petojo_Utara	676274
Makam_Hang_Tuah	742500
Masjid_Nur_Hidayah	750175
Institut_Penyelidikan_Perhutanan_Malaysia	34657
Bua,_Batudaa	679175
Gunung_Sorik_Marapi	289154
Kabupaten_Lembata	218580
Wamena,_Jayawijaya	220014
Bukit_Damansara	71244
Stesen_MRT_Marymount	289203
KL118	768406
Taman_Banang,_Batu_Pahat	692862
Wisma_Bapa_Malaysia	795159
Stesen_Komuter_Mid_Valley	123681
Tampoi,_Johor	130007
Masjid_Al-Iman,_Singapura	766931
Ciakar,_Gunung_Kencana	667754
Buyan_Kelumbi	665961
Mukim_Batu_Apoi	126659
Masjid_Kariah_Felda_Palong_14,_15_dan_16	749466
Simeulue_Timur,_Simeulue	184482
Teluk_Panglima_Garang	64988
Gempa_bumi_Sabah_2015	800439
Cilayang,_Curugbitung	667739
Semarang,_Sungai_Serut	671296
Mukim_Seria	126628
Masjid_Jamiul-Huda	748889
Stesen_keretapi_Kajang	137788
Muzium_Belia_Malaysia	13454
Stesen_LRT_Sungai_Besi	177065
Lapangan_Terbang_Antarabangsa_Ngloram	712610
Masjid_Kariah_Penajis	750095
Taman_P._Ramlee	712657
Gunung_Sinabung	4426
Kota_Waringin	665859
Stesen_keretapi_Tanjong_Pagar	765899
Pensiangan	226399
Penutuk	666268
Dumolodo	679163
Tegal_Bunder	667109
Gorontalo	12061
Masjid_Pekan_Sungai_Pelek	750176
Kereta_kabel_Genting_Skyway	115436
Maludam	175440
Bangunan_Dewan_Undangan_Negeri_Sarawak_Baru	154373
Surau_An-Nur,_Bandar_Country_Home	748803
Masjid_Ar-Rahimiah	13813
Long_Anap	143162
Kuala_Tahan	71470
Makassar	11018
Masjid_Raja_Alang	16308
Masjid_Negeri_Sultan_Abu_Bakar	35573
Surau_Ar-Rahman	749856
Sungai_Kallang	758238
Samalanga,_Bireuen	184331
Wakaf_Bharu	92136
Taman_Pantai,_Batu_Pahat	692869
Sri_Menanti	191933
Bekok_(bandar)	39134
Pedas	13586
Parungi	679210
Stesen_LRT_Taman_Jaya	177444
Plaza_Sungei_Wang	188227
Pangkal_Buluh	666223
Sudaji	663902
Stesen_keretapi_Behrang	186019
Ciladaeun	667776
Tanjung_Karang	37566
Masjid_Kampung_Bukit_Kadir	750407
Stesen_MRT_Paya_Lebar	224356
Sulawesi_Tenggara	16775
Sekolah_Menengah_Sains_Sultan_Iskandar	295623
Masjid_Ar-Redha	750165
Lapangan_Terbang_Long_Semado	338193
Sungai_Dua	14344
Semporna	35696
Gadung,_Toboali	666203
Nilai,_Negeri_Sembilan	105971
Cilangkap,_Kalanganyar	667769
Kaimana,_Kaimana	219380
Masjid_Kampung_Hulu	13614
Masjid_Jamek_An-Nur,_Rembau	794268
Sumatera_Barat	5629
Stadium_Sultan_Hassanal_Bolkiah	207820
Stadium_KLFA	141216
Stesen_Janaelektrik_Sultan_Abdul_Aziz	33651
Surau_Al-_Kauthar,_Jalan_Wangsa_Melawati_4	748969
Kampung_Changkat_Tualang	663849
Selat_Badong	147965
Senyubuk	666450
Kota_Ambon	219101
Zoo_Melaka	13610
Membakut	225424
Tongod	177644
Surau_Ad-Diniah	748799
Garuda,_Andir	685599
Masjid_Bandar_Baru_Nilai	750192
Batu_Rakit	54013
Masjid_Kariah_Taman_Rasah_Jaya	750398
Masjid_Kariah_Kampung_Sungai_Dua_Kecil	749880
Teluknaga,_Tangerang	197124
Gunung_Ungaran	4446
Taman_Dagang,_Batu_Pahat	692867
Arahan_Lor	685613
Kota_Sorong	155750
Kemalangan_bot_naga_di_Pulau_Pinang_2010	186627
Lumut,_Belinyu	665915
Yan,_Kedah	14224
Tamanbaru,_Citangkil	667082
Malang	64249
Stesen_MRT_HarbourFront	227319
Ulu_Choh	130036
Perdana_Putra	94938
Stesen_LRT_Pudu	166087
Pulau_Tikus	14373
Stadium_Tan_Sri_Dato_Haji_Hassan_Yunos	662146
Seri_Kembangan	13719
Patung_Yesus_Memberkati	461552
Keban_Jati,_Air_Nipis	671417
Kuala_Nerang	14227
Stesen_keretapi_Ipoh	176152
Girilaya	667693
Wakaf_Tapai	110920
Rengit	58833
Gunung_Bawakaraeng	4443
Taman_Warisan_Melayu	12891
Perkuburan_Belanda_Bandar_Hilir	13506
Parit_Yaani	129561
Sagil	94789
Stesen_MRT_Fort_Canning	291861
Stesen_keretapi_Triang	176291
Kampar	6299
Kuala_Penyu	177641
Rote_Selatan,_Rote_Ndao	218654
Kabupaten_Murung_Raya	223592
Penjara_Taiping	62515
Sawahlunto	5719
Stesen_Monorel_Bukit_Bintang	177652
Masjid_Kariah_Sikamat	750388
Sulawesi_Utara	11269
Tuntutan_bertindih_mengenai_Pulau_Batu_Puteh	105701
Kabupaten_Konawe	183068
Pagar_Alam	5750
Tapah_Road	25596
Trolak	54108
Masjid_Kariah_Kota	750092
Pulau_Kusu	125896
Masjid_Qariah_Kundur_Hilir	750073
Malifut,_Halmahera_Utara	219233
Sindang_Jaya,_Arcamanik	685700
Stesen_keretapi_Kuala_Kubu_Bharu	130729
Pulau_Biola	144035
Luwu_Timur	179259
Masjid_Qariah_Titian_Akar	750080
Masjid_Pusat_Latihan_Polis_Air_Hitam,_Bahau	749572
Gunung_Mulu	4365
Tanah_runtuh_Bukit_Antarabangsa_2008	127871
Guar_Chempedak	14310
Tudi	679156
Poso_Kota,_Poso	182282
Puncak_Alam	59273
Telok_Mas	186980
Surau_Al-Huda,_Kampung_Bukit_Bangkong	750185
Kuala_Rompin	54902
Kreta_Ayer	91611
Bojong_Menteng,_Leuwidamar	667799
Riding_Panjang,_Merawang	665868
Mukim_Pengkalan_Batu	126616
Kabupaten_Boyolali	110014
Masjid_Al-Hidayah,_Kelana_Jaya	749936
Air_Jukung	665922
Masjid_Nurul_Huda,_Kampung_Kenangan	749983
Stesen_LRT_Pending	324050
Surau_Fatimah_Az-Zahra	749147
Sekolah_Kebangsaan_Encik_Buyong	279979
Stesen_LRT_KLCC	177415
Padang_Harapan,_Gading_Cempaka	671240
Stesen_MRT_Yishun	221951
Hohorai	616073
Lok_Kawi	425331
Lapangan_Terbang_Kerteh	17216
Stesen_MRT_Bartley	295032
Kabupaten_Bima	217978
Lapangan_Terbang_Kapit	301854
Ø¨Ø±ÙˆÙ†ÙŠ	768027
Tronoh	13292
Masjid_Kariah_Kampung_Terusan	749886
Salang,_Simeulue	184479
Pusat_Konvensyen_Antarabangsa_Putrajaya	295602
Danau_Tondano	193467
Bandar_Sri_Permaisuri	275899
Pulau_Layang-Layang	15823
The_Mall	115407
Tumpat	210
Seri_Manjung	116251
Mukim_Lumapas	126617
Lembang,_Lembang	702764
Masjid_Ubudiah,_Kampung_Sungai_Raya	748950
Tanjung_Bungah	14370
Telak	666016
Pendang	14223
Keramatjaya	668169
Sungailiat	665794
Jeli	216
Surau_Al-Barakah	749769
Taman_Keramat	130110
Pulau_Bali	16080
Stesen_Komuter_Pantai_Dalam	177607
Bukit_Merah,_Perak	50304
Masjid_Asy-Syarif,_Taman_Seri_Telok_Datok	749838
Simpang_Sungai_Rengas	680747
Masjid_Ar-Rahmah,_Kampung_Tunku	749965
Gunung_Lawit	4214
Tanjungsari_Indah	667766
Pagoh	63990
Faizal_Yusof	263950
Hospital_Sibu	77069
Stadium_Si_Jalak_Harupat	687400
Petaling,_Mendo_Barat	665903
Taipei_101	13061
Lanchang	54903
Sungai_Rambai,_Melaka	93428
Sungai_Lintang,_V_Koto	673979
Rantau	136937
Sanana,_Kepulauan_Sula	219241
Dompu,_Dompu	218000
Pontianak_Utara,_Pontianak	220730
Air_Mundu	673987
Masjid_Nurul_Islamiah	749372
Kabupaten_Brebes	230384
Pulau_Babi,_Nanggroe_Aceh_Darussalam	148063
Sungai_Padas	14429
Belaga	14040
CovÃ¡	615853
Salapian,_Langkat	185552
Bandar_Sri_Indah	102783
Pulau_Roti	689232
Surau_At-_Toyyibin	748809
Stesen_kereta_api_Tanah_Merah	176313
Masjid_Al-Firdaus,_Kampung_Sungai_Rambai	749785
Kalimantan_Selatan	39860
Kabupaten_Gianyar	217866
Wonogiri	295473
Mardingding,_Karo	185472
Pelita_Jaya,_Bone_Raya	679543
Simpang_Katis	666312
Sungai_Udang	16139
Petajen	680707
Masjid_Kampung_Lukut	750058
Pariaman	120948
Paka	17189
Muzium_Tekstil_Negara	748763
Lapangan_Terbang_Penggung	10731
Wisma_46	13650
Masjid_At-Taqwa,_Pekan_Banting	749839
Lapangan_Terbang_Pondok_Cabe	10744
Sungai_Merbok	55238
Negeri-negeri_Selat	15987
Stesen_MRT_Redhill	224836
Belok	351931
Bukit_Terap	666172
Masjid_Kariah_Siliau	750255
Rejang_Lebong	5634
Masjid_Nurussaadah	14404
Pertempuran_Balikpapan_(1942)	49570
Sungai_Musi	1362
Universiti_Kebangsaan_Malaysia	1397
Nusa_Tenggara_Timur	36191
Sungai_Johor	304694
Payabenua	665905
Stesen_MRT_Bukit_Brown	295369
Sanur	664634
Kabupaten_Tabanan	217959
Simpang_Empat,_Perak	104073
Masjid_Sungai_Plong	750022
Air_Gantang	666165
Lapangan_Terbang_Long_Banga	338199
Subang_Parade	142948
Institut_Teknologi_Bandung	57589
Merapoh	54907
Batu_Belubang,_Pangkalan_Baru	666330
Sukamekarsari	667773
Atambua,_Belu	218143
Bukit_Minyak	346417
Pulau_Bakubang	699988
Stesen_MRT_Hillview	299065
Surau_Sekolah_Menengah_Teknik_Sepang	750196
Stesen_MRT_Khatib	221952
Stesen_MRT_Chinese_Garden	224843
Masjid_Tengkera	13615
Pasarkemis,_Tangerang	197104
Masjid_Kariah_Kampung_Terusan_Tengah	749380
Taman_Mewah,_Batu_Pahat	692843
Universiti_Nottingham_Malaysia	104911
Ilaga,_Puncak	220283
Larkin	699055
Gondangdia	676435
Tasik_Bera	104110
Masjid_Al-Ubudiah,_Tasek_Tambahan	13805
Masjid_Kariah_Kampung_Kepis_Hilir	749874
Lapangan_Terbang_Antarabangsa_Kuching	24087
Panaga	126731
Lapangan_terbang_Matak	710065
Istana_Nurul_Iman	24963
Sudamanik	667660
Gunung_Salak	4394
Simpang_Empat,_Kedah	104068
Hospital_Sultanah_Aminah	77660
Simpang_Rimba	666205
Masjid_Jamek_Cukai	795249
Pelabuhan_Johor	17412
Pulau_Jurong	150244
Pesisir_Selatan	5727
Bandung_Rejo	679198
Kolam_Air_Panas_Gadek	14160
Sipirok,_Tapanuli_Selatan	186526
Sungai_Perai	149288
PPD_Baling_Sik	763367
Kabupaten_Paser	228087
Surau_Nurus-Sobah	749152
Pulau_Tinggi	17331
Lapangan_Terbang_Long_Geng	338198
Masjid_Jamiul_Ehsani	749845
Perak_Darul_Ridzuan	2524
Cikalong,_Cikalong	689853
Pusat_Dagangan_Dunia_Putra	33396
Kabupaten_Lombok_Tengah	218024
Gempa_bumi_dan_tsunami_Lautan_Hindi_2004	8470
Stesen_MRT_Raffles_Place	222030
Stesen_Keretapi_Seremban	137792
Terumbu_Ubi	444850
Taman_Seremban_Jaya	150101
Bojong,_Bojong,_Pandeglang	196540
Air_Bara	666294
Lobalain,_Rote_Ndao	218648
Pertempuran_Jambatan_Gemencheh	49347
Masjid_Al-Mustaqim,_Kampung_Dato'_Abu_Bakar_Baginda	750161
Kampung_Tudan_Baru	340636
Batang_Melaka	50425
Lapangan_Terbang_Gong_Kedak	164737
Kabupaten_Kepahiang	205913
Serpong,_Tangerang_Selatan	198000
Parangtritis,_Kretek,_Bantul	198102
Blangpidie,_Aceh_Barat_Daya	183373
Sekolah_Menengah_Kebangsaan_Tawau	55698
Sumatera	4424
Universiti_Islam_Antarabangsa_Malaysia	1403
Dungun	3244
Masjid_Ar-Rahmah,_Sungai_Way_Baru	749964
Terumbu_Semarang_Barat_Kecil	328634
Stesen_keretapi_Butterworth	176167
Bukittinggi	5723
Jambi	17721
Sekolah_Menengah_Sains_Raja_Tun_Azlan_Shah	29400
Maahad_Darul_Anuar	265721
Dataran_Merdeka	15763
Cempaka_Baru,_Kemayoran	676362
Lapangan_Terbang_Sandakan	105941
Kota_Surabaya	57244
Ujungpendokjaya	713515
Sanglang	14214
Lapangan_Terbang_Antarabangsa_Adisucipto	10732
Kuala_Berang	18730
Kabupaten_Serang	58128
Penerbangan_091_Mandala_Airlines	14592
Masjid_Al-Ansar,_Pekan_Kapar	749576
Masjid_Batu_3,_Jalan_Bangi	748887
Letupan_bom_Jakarta_2009	152860
Kampung_baru_Cina	56385
Stesen_LRT_Universiti	177441
Jembrana,_Jembrana	217909
Masjid_Jumhuriyyah	749973
Papua_Barat	41632
Fort_Siloso	209408
Moti,_Ternate	219293
Sibu	20839
Langke	679170
Val_d'Or,_Pulau_Pinang	103702
Stesen_MRT_Clarke_Quay	227321
Universiti_Multimedia	9051
Telupid	41093
Stesen_LRT_Ampang	165965
Stesen_LRT_Pandan_Jaya	166071
Cisauk	670237
Rumah_Api_Tanjung_Tuan	12688
Teluk_Jakarta	202137
Stesen_LRT_Bukit_Jalil	177067
Stesen_Komuter_Segambut	177526
Masjid_Kariah_Legong_Ulu	750091
Alafan,_Simeulue	184477
Jambatan_Seri_Saujana	92447
Puchong,_Selangor	14949
Masjid_Kariah_Daching	750406
Stesen_keretapi_Parit_Buntar	176160
Bungku	680702
Tuaran	227330
Stesen_MRT_Stadium	295866
Stadium_Bumi_Sriwijaya	687408
Istana_Negara,_Jalan_Duta	202124
Simpang_Ampat,_Kedah	104069
Masjid_An-Nur,_USJ_3/4	749962
Kecelakaan_Sukhoi_Superjet_100_di_Gunung_Salak	332518
Aceh_Singkil	5256
Kampung_Bakar_Batu	292918
Mutiara_Damansara	42448
Kepulauan_Sunda_Besar	290369
Gempa_bumi_Sumatera_Oktober_2010	222410
Pilobuhuta	679181
Stadium_Petrokimia	687406
Mengkibol	129556
Stesen_MRT_Bencoolen	292188
Lhoksukon,_Aceh_Utara	184275
Muntok,_Bangka_Barat	214077
Stesen_Komuter_Teluk_Pulai	177629
Sinar_Surya	665936
Beluluik_Leten	615895
Terowong_SMART	48320
Sungkai,_Bajubang	680711
Melaka_Pindah	106860
Kebonsari,_Citangkil	666601
Aceh_Barat_Daya	5233
Tanjung_Malim	15955
Stesen_LRT_PWTC	166092
Gohtong_Jaya	54896
Masjid_Nurul_Iman,_Serendah	749371
Simeulue_Tengah,_Simeulue	184480
Surau_Al-Hidayah,_Kampong_Selayang_Indah	748811
Sungai_Kelantan	149801
Gempa_bumi_Lautan_Hindi_2012	329298
Riding_Panjang,_Belinyu	665914
Bukit_Payong	79494
Muzium_Adat_Istiadat	13465
Pengkalan_Hulu	16326
Masjid_Al-Ubudiah,_Kampung_Telok_Gong	749593
Sekolah_Menengah_Kebangsaan_Convent,_Ipoh	267767
Sengkang,_Kulaijaya	699056
Banjaran_Bukit_Barisan	289709
Kabupaten_Manokwari	219383
Teupah_Barat,_Simeulue	184485
Bandar_Miri	11386
Gempa_bumi_Jawa_Barat_2009	162276
Sungkap	666311
Batang_Ai	14014
Masjid_Al-Hasanah	748826
Nusa_Tenggara_Barat	23411
Gunung_Tongkoko	4440
Stesen_Keretapi_Cikampek	202227
Karimunjawa	242989
Badur,_Cirinten	667705
Stesen_MRT_Queenstown	224838
Kuto_Panji	665917
Stesen_MRT_Nicoll_Highway	299142
Kabupaten_Bireuen	5260
Antapani_Kidul	685607
Danau_Sidihoni	127576
Taman_Emas,_Batu_Pahat	692808
Stesen_kereta_api_Pasir_Mas	176314
Kampong_Bukit_Tambun	742516
Stesen_MRT_Eunos	224355
Sekolah_Alice_Smith	99389
Masjid_Raja_Muda_Musa,_Pekan_Semenyih	13786
Kem_Batu_Lintang	795154
Celuak	666317
Cikupa,_Tangerang	196635
Pulau_Bangka	194748
Lapangan_Terbang_Antarabangsa_Ngurah_Rai	16345
