Festival_Filem_Malaysia_ke-20	184365
Rehabilitation_of_Degraded_Malaysian_Tropical_Forests_&_Soil_Carbon_Storage	741624
Sinema_di_Malaysia	254116
Sejarah_Bugis_di_Tanah_Melayu	10960
Sekolah_Kebangsaan_Melayu_Pusat	280240
Sistem_Lebuh_Raya_Malaysia	31594
Kementerian_Komunikasi_dan_Multimedia_Malaysia	89352
Silat_Sendeng_Malaysia	8056
Orang_Cina_Malaysia	9652
Terbuka_Malaysia_Grand_Prix_Gold	357850
Malaysia_di_Sukan_Asia_Para_2014	762465
Sekolah_Menengah_Atas_Wiyata_Mandala_Indonesia	232084
Abjad_Bahasa_Melayu	342489
Senarai_kata_sendi_nama_bahasa_Melayu	280093
Media_Indonesia	40687
Hubungan_Colombia–Malaysia	452855
Melayu_Raya	36312
Nasi_Lemak_1Malaysia	187983
Persekutuan_Tanah_Melayu	14420
Radio_Televisyen_Brunei	108952
Lapangan_Terbang_Cocos	141240
Laporan_Kajian_Keperluan_Sumber_manusia_Dalam_Bidang_Perpustakaan_Dan_Perkhidmatan_Maklumat_Di_Malaysia	434273
Taman_Negara_Malaysia	400
Harian_Indonesia_Raya	40670
Persatuan_Cina_Malaysia	4064
Bahasa_Melayu_Sarawak	38393
Hubungan_Malaysia_-_Turkmenistan	293441
Kementerian_Perpaduan,_Kebudayaan,_Kesenian_dan_Warisan_Malaysia	103780
Universiti_Islam_Malaysia	719336
Hari_Kemerdekaan_Malaysia_ke-50	68936
Sultan_Shah_Brunei	16261
Ekonomi_Brunei	54960
Menteri_Pertanian_dan_Industri_Asas_Tani_Malaysia	134810
Deal_or_No_Deal_Malaysia	96849
Senarai_kumpulan_muzik_Indonesia	38264
Senarai_misi_diplomatik_di_Malaysia	129488
Menteri_Kesihatan_Malaysia	134706
Pilihan_Raya_Umum_Malaysia_2004_-_Kelantan	93799
Destinasi-destinasi_Penerbangan_Malaysia_dari_Pulau_Pinang	69250
Imbuhan_dalam_bahasa_Melayu	5579
Keputusan_terperinci_pusingan_pertama_Liga_Super_Malaysia_2009	134890
Kerajaan_tempatan_di_Malaysia	27715
Bahasa_Melayu_Pahang	340113
Cerita_dongeng_masyarakat_Melayu	93683
Melayu,_Tenggarong,_Kutai_Kartanegara	227030
Brunei_di_Sukan_Asia_2010	763597
Katalog_Manuskrip_Melayu_Di_Perancis	434295
Empayar_Brunei	234954
Masjid_Nurul_Yaqin,_Kampung_Melayu_Seri_Kundang	748794
Islam_di_Kepulauan_Cocos_(Keeling)	262536
Pusat_Kandungan_Kreatif_Animasi_Malaysia	318015
Destinasi-destinasi_Penerbangan_Malaysia	10956
Sijil_Pelajaran_Malaysia	31136
Institut_Penyelidikan_Hidraulik_Kebangsaan_Malaysia	37744
Pilihan_raya_umum_Malaysia	35941
Beberapa_Aspek_Tamadun_Melayu,_India,_China_dan_Jepun	193307
Senarai_kabupaten_dan_kota_di_Indonesia	4281
Kesatuan_Pekerja-pekerja_Sistem_Penerbangan_Malaysia	174666
Hubungan_Malaysia–Nigeria	452872
Kartun_di_Malaysia	48262
Lembaga_Hasil_Dalam_Negeri_Malaysia	82765
Kerajaan_Persekutuan_Malaysia	765412
Festival_Filem_dan_Video_Pelajar_Malaysia_ke-7	186637
Senarai_SBP_di_Malaysia	353460
Senarai_akhbar_di_Malaysia	769043
Miss_Indonesia	150854
Yayasan_Pengaman_Malaysia	751147
Perang_Saudara_Brunei	413475
Destinasi-destinasi_Garuda_Indonesia	10970
Liga_FAM_Malaysia_2012	319651
Liga_FAM_Malaysia_2013	341420
Liga_FAM_Malaysia_2010	666977
Liga_FAM_Malaysia_2011	666981
Liga_FAM_Malaysia_2014	704750
Liga_FAM_Malaysia_2015	759658
Cita_Rasa_Malaysia_-_Johor	200502
Universiti_Malaysia_Pahang	9065
Golongan_kata_(bahasa_Melayu)	5591
Undang-undang_Gangguan_Seksual_di_Malaysia	204045
Perkebunan_Gunung_Melayu,_Rahuning,_Asahan	270841
Senarai_penyanyi_Malaysia	442
Parti_Rakyat_Malaysia	105543
Senarai_kelengkapan_senjata_Tentera_Darat_Malaysia	130030
Hubungan_Malaysia-Sri_Lanka	145208
Sejarah_perkembangan_braille_di_Malaysia	665692
Menu_Rakyat_1Malaysia	304942
Revolusi_Nasional_Indonesia	754178
Majlis_Sukan_Sekolah_Sekolah_Malaysia	405811
Pasukan_bola_sepak_kebangsaan_bawah-20_Indonesia	771457
Pilihan_raya_umum_Malaysia_1964	35892
Suruhanjaya_Koperasi_Malaysia	689224
Pilihan_raya_umum_Malaysia_1969	35673
Persatuan_Bolasepak_Melayu_Terengganu	695138
Hak_LGBT_di_Malaysia	196670
Jemaah_Islamiah_Malaysia_2010	203278
2011_di_Malaysia	254602
Kumpulan_Wings,_Malaysia	604
Parti_Cinta_Malaysia	195927
Katalog_Manuskrip_Melayu_Koleksi_Perpustakaan_Negara_Malaysia:_Tambahan_Kedua	434299
Burung_Rapang_Malaysia	57297
Sekolah_Dasar_Negeri_Kampung_Melayu_01	214181
Pilihan_raya_umum_Malaysia_1986	35888
Hari_Guru_di_Malaysia	27242
Orang_Melayu_Cocos	201831
Pilihan_raya_umum_Malaysia_1982	35890
Pasukan_kriket_kebangsaan_Malaysia	771307
Perkembangan_Bahasa_Malaysia	38279
Senjata-Senjata_Melayu	609067
Gerakan_Mahasiswa_Indonesia_1978	305167
Kabinet_Persekutuan_Tanah_Melayu_1957	94220
Hubungan_Malawi–Malaysia	452865
Komunikasi_di_Indonesia	6982
Grand_Prix_Malaysia_2012	324241
Grand_Prix_Malaysia_2013	500495
Tokoh-tokoh_Indonesia	15161
Permainan_tradisional_di_Malaysia	189410
Agensi_Penguatkuasaan_Maritim_Malaysia	21334
Persekutuan_Pertubuhan_India_Malaysia	140795
Majlis_Ulama_Indonesia	11227
Pasukan_bola_sepak_kebangsaan_bawah-17_Malaysia	684833
Bioskop_Indonesia_(saluran_TV)	768388
Kongres_Dayak_Malaysia	195053
Parti_Gerakan_Indonesia_Raya	341594
Fakulti_Kejuruteraan_Elektrik,_Universiti_Teknologi_Malaysia	294407
Hubungan_Kosovo–Malaysia	333179
Agensi_Kelayakan_Malaysia	44321
Promosi_Kraf_Malaysia_Sarawak_2009	154370
Senarai_universiti_di_Indonesia	5966
Universiti_Indonesia	6968
Majalah_Filem_Malaysia	115682
Orang_Luso-Melayu_Malaysia	128163
Legoland_Malaysia	339949
Malaysian_Industrial_Relations:_Law_and_Practice_(s.c)	741370
Parti_Bersatu_India_Malaysia	115177
Kerangka_Kelayakan_Malaysia	108935
Orang_Indonesia_di_Kanada	145978
Sultan_Sulaiman_(Brunei)	16169
Cendekiawan_Bahasa_Melayu_dalam_Tradisi_Kerajaan_Barat	740937
Bermulanya_Filem_Melayu	401131
Daerah_Brunei_Muara	126562
Tabung_Penyelenggaraan_Satu_Malaysia	187820
Festival_Filem_Malaysia_ke-8	184244
Festival_Filem_Malaysia_ke-9	184246
Pungutan_Pingat_Sukan_Malaysia_2006	31104
Festival_Filem_Malaysia_ke-4	184188
Festival_Filem_Malaysia_ke-5	184237
Festival_Filem_Malaysia_ke-6	184238
Festival_Filem_Malaysia_ke-7	184240
Festival_Filem_Malaysia_ke-2	149949
Festival_Filem_Malaysia_ke-3	172870
Sekolah_Kebangsaan_Pulau_Melayu	280174
Fakulti_Kejuruteraan_Kimia,_Universiti_Teknologi_Malaysia	294413
Landasan_elektrik_di_Malaysia	177101
Melayu_Tengah,_Martapura_Timur,_Banjar	229638
Pasukan_hoki_kebangsaan_Malaysia	173356
Guntur,_Malaysia	334279
Malaysian_Helicopter_Services	49017
Indonesian_Idol	195013
Kampung_Melayu,_Jatinegara	676295
Clever!_Edisi_Malaysia	307822
Persatuan_Pengeluar_Teh_Malaysia	202637
Senarai_anime_yang_ditayangkan_di_Malaysia	65604
Persatuan_Anak_Melayu_Johor	186999
Tatabahasa_bahasa_Melayu	5588
Kementerian_Wilayah_Persekutuan_Malaysia	48318
Majlis_Antarabangsa_Bahasa_Melayu	2778
Tahun_Melawat_Malaysia	710865
Senarai_gunung_di_Indonesia	9735
Persatuan_Belia_Thai_Malaysia	15675
Kepulauan_Melayu	10974
Senarai_kaedah_pengejaan_istilah_pinjaman_bahasa_Melayu	34097
Persatuan_Pencegahan_Jenayah_Malaysia	150300
Dimensions_at_Communication_Malaysian_Experience	741212
Bahasa_Melayu_Klasik	185
Pasukan_Kadet_Bersatu_Malaysia	147268
Perumahan_Penjawat_Awam_1Malaysia	770053
Jabatan_Audit_Negara_Malaysia	173627
Hubungan_Malaysia_-_Mauritius	452744
Hubungan_Malaysia_-_Chile	141875
Jabatan_Kastam_Diraja_Malaysia	206459
Jabatan_Perdana_Menteri_Malaysia	125922
Senarai_persatuan_di_Malaysia	15637
Kongres_Ceylonese_Malaysia	195399
Perbankan_Islam_Di_Malaysia	742589
Komik_di_Malaysia	47916
Kawasan_Industri_di_Malaysia	16631
Hantu_dalam_masyarakat_Melayu	15286
Kementerian_Perdagangan_Dalam_Negeri,_Koperasi_dan_Kepenggunaan_Malaysia	35685
Orang_Punjabi_Malaysia	49041
Diskriminasi_Orang_India_Malaysia	153356
Perbezaan_antara_Bahasa_Melayu_Piawai_dan_Bahasa_Indonesia	5642
Hubungan_Indonesia_-_Australia	190795
Sajak_Melayu_Mudah_Lupa	28272
Parti_Sosialis_Malaysia	121172
Barisan_Bertindak_Demokratik_India_Malaysia	195769
Liga_FAM_Malaysia	771752
Parlimen_Malaysia	29587
Perahu-perahu_orang_Melayu	7651
Institut_Jerman-Malaysia	187800
Kamus_Besar_Bahasa_Indonesia	96341
Politik_wang_di_Malaysia	96105
Malaysia's_Sweetheart	264268
Senarai_pasukan_dalam_Liga_Malaysia	41045
Senarai_stadium_bola_sepak_di_Malaysia	41062
Kementerian_Pertahanan_Malaysia	38030
Melayu_Deli_(album_Noraniza_Idris)	210262
Hubungan_Malaysia-Jerman	199092
Pejabat_Ketua_Pegawai_Keselamatan_Kerajaan_Malaysia	772026
Lembaga_Jurutera_Malaysia	110399
Fakulti_Pengurusan_&_Pembangunan_Sumber_Manusia_(FPPSM),_Universiti_Teknologi_Malaysia	294704
Q_&_A_Management_Of_Snake_Envenomation_In_Malaysia	609058
Senjata_Melayu	8090
Ayat_aktif_(bahasa_Melayu)	40581
Kumpulan_Militan_Malaysia	16958
Stesen_LRT_Damai,_Malaysia	177412
Serangga_Perosak_Buah-buahan_Tropika_Malaysia	192104
Universiti_Malaysia_Jepun	194934
Parti_Bersatu_Sasa_Malaysia	292450
Majlis_Syuro_Muslimin_Indonesia	57642
Demak,_Indonesia	106690
Cina_Indonesia	56696
Menteri_Perdagangan_Antarabangsa_dan_Industri_Malaysia	658245
Parti_Demokratik_Malaysia	104201
Gunung_Melayu,_Rahuning,_Asahan	270839
Projek_Nasional_Malaysia	43493
Muzium_Penyelidikan_Perhutanan_Malaysia	150309
Piala_Dunhill_Malaysia_1997	717869
Pulau_Aur,_Malaysia	46943
Pengangkutan_rel_di_Indonesia	178669
Perkara_152_Perlembagaan_Malaysia	137550
Gempa_bumi_di_Malaysia	189886
Tentera_Nasional_Indonesia-Angkatan_Udara	9370
Kongres_Kaum_Ceylon_Malaysia	141876
GST_di_Malaysia	793954
Pasukan_bola_sepak_kebangsaan_bawah-23_Indonesia	708292
Pola_Pengamalan_Profesionalisme_Dalam_Industri_Filem_Malaysia	401297
Liga_Super_Indonesia_2010–11	279587
Hubungan_Malaysia_-_Finland	195939
Pergerakan_Pemuda_Malaysia	15648
Pertubuhan_Penggerak_Transformasi_Malaysia	295375
Kes_pemecatan_Timbalan_Perdana_Menteri_Malaysia_1998	144935
Forum_Kebangsaan_Indonesia	298916
Angkatan_Keadilan_Insan_Malaysia	240233
Sejarah_komunikasi_di_Malaysia	332585
Gerakan_Politik_Melayu_1945-1957	739815
Orang_Melayu_di_Mesir	256947
Muzium_Tentera_Udara_Diraja_Malaysia	150323
Senarai_pengarah_filem_Malaysia	25865
Konfederasi_Hoki_Malaysia	173386
Rancangan_Malaysia_Ketiga	100413
Piala_Malaysia_2007	185203
Piala_Malaysia_2006	187047
Piala_Malaysia_2005	186376
Orang_Asli_di_Malaysia	13566
Piala_Malaysia_2003	206532
Piala_Malaysia_2002	138275
Piala_Malaysia_2001	201279
Piala_Malaysia_2000	187857
Piala_Malaysia_2009	168242
Piala_Malaysia_2008	338296
Akhbar_dan_kuasa_:_perkembangan_sistem_akhbar_di_Malaysia_sejak_1806	741466
Sekolah_Dasar_Negeri_Cipinang_Melayu_10_Pagi	212530
Keputusan_Pilihan_Raya_Umum_Malaysia_2008_-_Kedah	97612
Hubungan_Malaysia_-_Amerika_Syarikat	132577
Laluan_Persekutuan_Malaysia_1_(Sabah)	612140
Majlis_Bekas_Wakil_Rakyat_Malaysia	186998
Bahasa_Melayu_Deli	9520
Sultan_Ahmad_Tajuddin_(Brunei)	16289
Persatuan_Bekas_Tentera_Malaysia	209302
Seni_bina_Jawa-Melayu	220487
Transparency_International_Malaysia	131737
Pemuda_Radikal_Melayu	14531
Fakulti_Sains_Universiti_Teknologi_Malaysia	198552
Economic_Valuation_of_Marine_Parks_Ecotourism_Malaysia_The_Case_of_Redang_Island_Marine_Park	741218
Senarai_bandar_di_Malaysia_mengikut_penduduk	67414
Hubungan_Malaysia–Palestin	199167
Album_Senandung_Melayu	322824
Imbuhan_kata_kerja_(bahasa_Melayu)	5593
Kewarganegaraan_Malaysia	72063
Telekom_Malaysia	42531
Penerima_Anugerah_Maal_Hijrah_di_Malaysia	26975
Joget_Malaysia	98991
Pengangkutan_di_Malaysia	408574
Grand_Prix_motosikal_Malaysia_2011	303480
Kekunci_Siput_Dan_Kerang-Kerangan_Persisiran_Pantai_Malaysia_Timur	739127
Universiti_Komputer_Indonesia	6974
Piala_FA_Malaysia_2013	361882
Orang_Cina_Malaysia_(Hokkien)	49044
Piala_Presiden_Malaysia_2007-08	138219
Dato'_Dr.Hassan_Ahmad_Cendiakawan_Melayu_Terulung	741207
Strategi_Pelaburan_Ekuiti_di_Bursa_Malaysia	741653
Bahagian_di_Malaysia	119819
Pilihan_Raya_Umum_Malaysia_2008_-_Negeri_Perak	97732
Pelabur_asing_dan_ekonomi_Malaysia	193583
Kebudayaan_Malaysia	12185
Sentul,_Indonesia	270845
Indonesia_di_Sukan_Asia_2014	759840
Bahasa_Melayu_Pattani	83210
Senarai_persatuan_radio_amatur_di_Malaysia	258552
Hubungan_Malaysia_-_Vietnam	194126
Hubungan_Malaysia–Sweden	333181
Fonologi_bahasa_Melayu	183084
Kanak-kanak_Di_Malaysia_Sebagai_Warisan_Hasil_Seni	433778
Composites_Technology_Research_Malaysia_Sdn._Bhd.	84833
Keputusan_Pilihan_raya_negeri_dalam_Pilihan_raya_umum_Malaysia_2013	676758
Poskad_Impian_1_Malaysia	188135
Penerbit_Universiti_Malaysia_Terengganu	739100
Petua_Membina_Rumah_Melayu:_Dari_Sudut_Etnis_Antropologi	434276
Kontinjen_Malaysia_East_5	187002
Laluan_Persekutuan_Malaysia_1283	349584
Kementerian_Sumber_Manusia_Malaysia	118458
Majlis_Anugerah_Belia_Negara_Malaysia_2007	93263
Laluan_Persekutuan_Malaysia_1518	349781
Majlis_Agama_Islam_dan_Adat_Melayu_Terengganu	97719
Senarai_stesen_televisyen_Brunei	69869
Persatuan_Juruukur_Tanah_Bertauliah_Malaysia	171160
Bangkalan_Melayu,_Kelumpang_Hulu,_Kotabaru	231016
Piala_Presiden_Malaysia	136945
Panduan_Kosa_Kata_Asas_Bahasa_Melayu-Inggeris	739316
Kristian_di_Malaysia	56670
Ahmadiah_Indonesia	207841
Kandang,_Kampung_Melayu	671245
Akademi_Laut_Malaysia	172344
Psychological_Profile_of_at_Risk_Students_in_Malaysia	741616
Liga_Perdana_Malaysia	41043
Sinetron_Indonesia	296193
Lembaga_Kemajuan_Ikan_Malaysia	106702
Panara,_Malaysia	149208
Prasarana_Malaysia_Berhad	40545
Kedai_Rakyat_1Malaysia	297522
Bendera_Malaysia	89
Institut_Kefahaman_Islam_Malaysia	5255
Bursa_Malaysia	27001
Pengaman_Malaysia	102423
Menteri_Perdagangan_Dalam_Negeri_dan_Hal_Ehwal_Pengguna_Malaysia	658142
Nombor_telefon_di_Indonesia	128720
Hari_Malaysia	92641
Lambang_Malaysia	45640
Perhimpunan_mahasiswa_Malaysia_2010	187264
MasterChef_Malaysia_(Musim_1)	303597
Organisasi_Islam_di_Indonesia	17581
Silat_Lincah_Malaysia	40664
Akhbar_Berita_Malaysia	331372
Indonesia_di_Sukan_Asia_Tenggara_2013	759672
Kamus_Istilah_Linguistik_Melayu-Inggeris-Arab	741278
Bahasa_Melayu_Kedah_Ulu	701974
Parti_Islam_Se-Malaysia	189
Silat_Kunci_Melayu_Melaka	144075
Harta_Intelektual_Menurut_Fiqh_Islam_:Pendekatan_Perbandingan_dengan_Undang-undang_Malaysia	193229
Perkara_107_Perlembagaan_Malaysia	303491
Grand_Prix_Malaysia_2014	683864
Senarai_pahlawan_kebangsaan_Indonesia	57724
Grand_Prix_Malaysia_2010	193184
Grand_Prix_Malaysia_2011	281998
Perlembagaan_Malaysia	29582
Kabinet_Persekutuan_Tanah_Melayu_1955	94231
Senarai_10_Akhbar_Terlaris_di_Malaysia	51875
Keputusan_Pilihan_Raya_Umum_Malaysia_2008_-_Perak	97609
Majlis_Perunding_Pertubuhan_Islam_Malaysia	193767
Filem_Malaysia_tahun_1938	310934
Senaman_tradisi_Melayu	88779
Orang_Indonesia_di_New_Zealand	87193
Filem_Malaysia_tahun_1933	3540
Pop_Malaysia	294534
Filem_Malaysia_tahun_1937	3541
Sayan,_Indonesia	664659
Senarai_universiti_di_Malaysia	5954
Bahasa_Melayu_Papua	113142
Senarai_bangunan_tertinggi_di_Malaysia	86925
Waktu_Indonesia_Tengah	8655
Liga_Super_Indonesia	275865
Melayu_Bugis	194092
Kamus_Besar_Bahasa_Melayu_Utusan	165290
Taman_Kanak-kanak_Bentera_Indonesia	225557
Majlis_Belia_Felda_Malaysia	15646
Sekolah_Menengah_Kebangsaan_Bisnis_Indonesia	232177
Penerbangan_17_Penerbangan_Malaysia	751739
Mercy_Malaysia	74644
Piala_Malaysia_2014	748866
Persatuan_Penulis_Budiman_Malaysia	315714
Piala_Malaysia_2010	208148
Piala_Malaysia_2011	295775
Piala_Malaysia_2012	341513
Piala_Malaysia_2013	666916
Bahasa-bahasa_Melayu-Sumbawa	340179
Jabatan_Penjara_Malaysia	95853
Negeri_dan_wilayah_persekutuan_di_Malaysia	125112
Persatuan_Bola_Sepak_Malaysia	41046
Burung_Siul_Malaysia	174478
Waktu_Indonesia_Barat	8654
Rasa,_Malaysia	59275
Perkahwinan_Diraja_Putera_Mahkota_Brunei	6608
Sijil_Tinggi_Agama_Malaysia	109356
Konflik_Politik_Perkauman_Strategi_Penyelesaian_Cara_Malaysia	742007
Kesatuan_Ragbi_Malaysia	337395
Warner_Music_(Malaysia)_Sdn._Bhd.	517
1BlackMalaysia	143670
Senarai_gunung_berapi_di_Indonesia	211650
Keris_Melayu:_Petikan_Daripada_Sharahan-sharahan	684540
Taman_Teknologi_Malaysia	35430
Kontrak_sosial_(Malaysia)	29584
Jabatan_Kemajuan_Islam_Malaysia	6722
Selesema_burung_di_Malaysia	64126
Kamus_Idris_Al-Marbawi_Arab_-_Melayu_(Kecil)	192220
Senarai_Tabloid_di_Indonesia	797740
Orang_asli_Indonesia	707710
Diskriminasi_terhadap_Cina-Indonesia	371647
Suruhanjaya_Komunikasi_dan_Multimedia_Malaysia	91692
Taman_Kanak-kanak_Putra_Indonesia,_Jl._Pondok_Ranggon	224334
Grand_Prix_motosikal_Malaysia_2008	100515
Kegiatan_anti_Tony_Blair_di_Malaysia	195541
Dialek_Melayu_Terengganu_Persisir_Pantai	739385
Perdana_Menteri_Brunei	709947
Martime_Archaeology_And_Shipwreck_Ceramics_In_Malaysia	608989
Bugis_Dan_Pembentukan_Indonesia	11376
Ikatan_Pemuda_Tanah_Air_Melayu	14530
Pesuruhjaya_Sukan_Malaysia	89165
Senarai_pelakon_Indonesia	87468
Pengenalan_Kepada_Reka_Bentuk_dan_Sistem_Akuakultur_di_Malaysia	739381
Mahkamah_Agung_Republik_Indonesia	59203
Unit_Anjing_Pengesan_Polis_Diraja_Malaysia	195943
Meriam:_Dalam_Sejarah_Dan_Kebudayaan_Melayu_Nusantara	608994
Parti_Reformasi_Insan_Malaysia	196229
Middle_Malaysia	191304
Essentials_of_Language:_Testing_for_Malaysian_Teachers	741231
MTV_Indonesia	15136
Sejarah_perundangan_Malaysia	176758
Universiti_Tun_Hussein_Onn_Malaysia	9062
Kontroversi_Suruhanjaya_Pencegahan_Rasuah_Malaysia	178129
Liga_Hoki_Malaysia_2010-11	763684
Sekolah_Menengah_Pertama_Muara_Indonesia	216430
Trend_dalam_Pengajaran_Bahasa_Melayu	204029
Liga_Semi-Pro_Malaysia_1993	158208
Liga_Semi-Pro_Malaysia_1992	158138
Liga_Semi-Pro_Malaysia_1991	157733
Liga_Semi-Pro_Malaysia_1990	157726
Grand_Prix_Malaysia	93572
Katalog_Manuskrip_Melayu_Di_Belanda	434292
Orang_Melayu_Sri_Lanka	98799
Zaman_Logam_di_Malaysia	14746
A_Guide_to_the_Common_Plants_of_Ayer_Hitam_Forest,_Selangor,_Peninsular_Malaysia	740864
Buku_Persatuan_Pandu_Puteri_Malaysia	203746
Pertubuhan_Ikatan_Usahawan_Kecil_dan_Sederhana_Malaysia	332352
Kedutaan_Besar_Malaysia,_Ottawa	220008
Bahasa_Melayu_berasal_dari_Kepulauan_Melayu	5645
Kolej_Melayu_Kuala_Kangsar	179
Pendidikan_di_Malaysia	1404
Katalog_Manuskrip_Melayu_Di_Singapura	434296
Ketuanan_Melayu	42803
Solidariti_Mahasiswa_Malaysia	178668
Cigarette_Demand_in_Malaysia	740939
Sekolah_Dasar_Negeri_Cipinang_Melayu_01_Pagi	212521
Muzium_Etnologi_Dunia_Melayu	748752
Kampung_Melayu,_Bermani_Ulu	673991
Berangan,_Brunei	126203
Malaysia_di_Sukan_Asia_Tenggara_2007	83414
Malaysia_di_Sukan_Asia_Tenggara_2005	83427
Cuti_umum_di_Malaysia	304225
Cipinang_Melayu	676412
Piala_Kemerdekaan_Indonesia_1992	681093
Pihak_Berkuasa_Tempatan_khas_(Malaysia)	111902
Misi_diplomatik_Malaysia	129483
Klinik_1Malaysia	186952
Pilihan_raya_umum_di_Indonesia	59846
Muzik_Indonesia	17732
Senarai_Majalah_di_Indonesia	797739
Pertubuhan_Kebajikan_Al-Nidaa'_Malaysia	161040
Darjah-darjah_Yang_Mulia_Setia_Mahkota_Malaysia	4355
Penyalahan_Dadah_Pelajar_Institut_Pengajian_Tinggi_Malaysia	739820
Senarai_Sultan_Brunei	45149
Butterflies_Of_Malaysian_Borneo	433505
Malaysian_Malaysia	330189
Sekolah_Dasar_Negeri_Cipinang_Melayu_03_Pagi	212523
Sekolah_Jenis_Kebangsaan_(T)_Kem_Askar_Melayu	264031
Harimau_Malaysia_di_Somalia	200852
Persatuan_Kebangsaan_Melayu_Tawau	193530
Pinewood_Iskandar_Malaysia_Studios	348778
Masakan_Melayu	255943
Persatuan_Belia_Xiang_Lian_Malaysia	15678
Sejarah_dan_Perkembangan_Mushad_Uthmani_Di_Malaysia	739379
Keputusan_Pilihan_Raya_Umum_Malaysia_1978	123234
Jabatan_dan_Agensi_kerajaan_Malaysia	3970
Kampung_Melayu_Barat	670745
Politeness_in_Malaysian_Family_Talk	741607
Rancangan_Malaysia	45421
Senario_Pilihan_Raya_Umum_Malaysia_ke-12	92555
Grand_Prix_Malaysia_2009	139862
Grand_Prix_Malaysia_2008	90642
Grand_Prix_Malaysia_2007	86927
Grand_Prix_Malaysia_2006	99602
Mengurus_dan_Membiayai_Pendidikan_di_Malaysia	202871
Adat_Raja_Melayu	214909
Grand_Prix_Malaysia_2003	656535
Grand_Prix_Malaysia_2000	401966
Jabatan_Taman_Laut_Malaysia	155217
Senarai_Pengeluar_dan_Penerbit_Filem_di_Malaysia	44759
Perbadanan_Adat_Melayu_dan_Warisan_Negeri_Selangor	197082
Istiadat_Pewaris_Penjurit-Kepetangan_Melayu_(IPPM)	129782
Kota_(Indonesia)	36423
Parti_Makkal_Sakti_Malaysia	168015
Obesiti_di_Malaysia	33653
Dewan_Negara_Malaysia	29588
Arab_Melayu	681432
Sungai_Brunei	344480
Dewan_Perniagaan_Melayu_Malaysia_Pulau_Pinang	188286
Sekolah_Menengah_Kejuruan_di_Sumatera_Barat,_Indonesia	196666
Bahasa_Melayu_Kedah	247790
Persekutuan_Persatuan_Tabib_Perubatan_Tradisional_Cina_dan_Akupunktur_Malaysia	230506
Kampung_Melayu_Sengkang	148236
Artikel_160_Perlembagaan_Malaysia	108388
Direktori_Laman_Web_Wanita_Malaysia	434288
Hubungan_Indonesia_-_Malaysia	25172
Filem_Malaysia_tahun_1993	12095
A_Design_Guide_for_Public_Parks_in_Malaysia	193225
Tokoh-tokoh_Perbukuan_Malaysia	433762
Darjah_Yang_Maha_Utama_Kerabat_Diraja_Malaysia	4070
Bahasa_Melayu_Komunikasi	200368
Sastera_Rakyat_Melayu	43617
Senarai_hidangan_Indonesia	226463
Rangkaian_Universiti-Universiti_Teknikal_Malaysia_(MTUN)	722698
Menteri_Kemajuan_Luar_Bandar_dan_Wilayah_Malaysia	140919
Liga_Perdana_Malaysia_2012	317925
Universiti_Sains_Malaysia	2183
Sumber_Penggunaan_Standard_Metadata_Untuk_Sumber-sumber_Maklumat_Eletronik_Di_Agensi-agensi_Kerajaan_Malaysia	434271
Stadium_Hoki_Nasional_Malaysia	738372
Bahasa_Melayu_Brunei	102787
Parti_Hak_Asasi_Manusia_(Malaysia)	195772
Senarai_Stesen_Radio_di_Indonesia	800459
Malaysian_Idol	15787
Festival_Filem_Malaysia_ke-18	184319
Tenuk_Malaysia	89706
Festival_Filem_Malaysia_ke-16	184292
Festival_Filem_Malaysia_ke-17	184304
Festival_Filem_Malaysia_ke-14	184250
Festival_Filem_Malaysia_ke-15	184269
Festival_Filem_Malaysia_ke-12	174430
Festival_Filem_Malaysia_ke-13	175070
Festival_Filem_Malaysia_ke-10	184249
Senarai_lagu-lagu_rakyat_masyarakat_Melayu	304311
Serangan_terhadap_gereja_di_Malaysia_2010	185410
Persatuan_Bahasa_Melayu_Universiti_Malaya	191626
Kementerian_Pengajian_Tinggi_Malaysia	110380
St._John_Ambulans_Malaysia	15668
Pusat_Penyelidikan_dan_Perundingan,_Universiti_Sains_Malaysia	34903
Sin_Chew_Jit_Poh_(Malaysia)	53495
Akhbar_Brunei	10064
Mekar_Malaysia	362493
Hoki_Piala_Malaysia_2010-11	763844
Melayu_Tawau	158131
Liga_Super_Malaysia_2005–06	774333
Akademi_Pariwisata_Indonesia	233146
Wikipedia_bahasa_Indonesia	88283
Sistem_Televisyen_Malaysia_Berhad_(TV3)	523
Banjir_di_Malaysia_2014	766900
Banjir_di_Malaysia_2010	186950
Orang_Cina_di_Brunei_Darussalam	86331
Laluan_Persekutuan_Malaysia_91	538447
Malaysia_Hari_Ini	45181
Masakan_Indonesia	191087
Hubungan_Malaysia-Australia	114156
Demografi_Brunei	32681
Katalog_Manuskrip_Melayu_Mikrofilem:_Tambahan_Kedua	434303
Laluan_Persekutuan_Malaysia_502	612136
Silat_Cekak_Malaysia	40196
Laluan_Persekutuan_Malaysia_500	612133
MasterChef_Selebriti_Malaysia_(musim_ke-2)	614046
Barisan_Jemaah_Islamiah_Se-Malaysia	37416
Filem_Negara_Malaysia	94967
1Malaysia_Development_Berhad	795189
Senarai_penyanyi_wanita_Indonesia	38268
Senarai_stesen_radio_Malaysia	24196
Sekolah_Dasar_Negeri_Cipinang_Melayu_08_Pagi	212528
Geografi_Indonesia	9991
OVJ_Sahurnya_Indonesia	403919
Doktor_Udara_Malaysia	71993
Maktab_Polis_Diraja_Malaysia	89443
Kabinet_Indonesia_Bersatu	57552
Gagasan_Melayu_Perak	142250
Silat_Wira_Melayu	143436
Persatuan_Mencegah_Dadah_Malaysia	194780
Senarai_filem_Malaysia_berdasarkan_kutipan	260240
Gerakan_Belia_4B_Malaysia	15643
Menteri_Pengajian_Tinggi_Malaysia	134586
Liga_Super_Malaysia_2005	774629
Radio_Televisyen_Malaysia_Kajang	94216
Kosa_kata_Bahasa_Inggeris_Malaysia	40146
Penjara_di_Malaysia	96025
Pasukan_hoki_wanita_kebangsaan_Malaysia	715298
Partai_Sosialis_Indonesia	57641
Pilihan_Raya_Umum_Malaysia_2004_-_Perak	95492
Mukim_Rambai,_Brunei	126656
Ayat_pasif_(bahasa_Melayu)	34278
Festival_Filem_&_Video_Pelajar_Malaysia_(FFPVPM)_2007	90840
Malaysia_di_Sukan_Olimpik	186568
Penerbangan_DiRaja_Brunei	11339
Penapisan_filem_di_Malaysia	335359
Pendudukan_Indonesia_di_Timor_Timur	102604
Melayu_Kedah	136182
Layang-layang_Melayu	234842
Adat_resam_kahwin_Melayu	51498
Lapangan_Terbang_Naha,_Indonesia	161188
Malaysia_di_Sukan_Asia_Tenggara_2011	311194
Senarai_Cina_Indonesia	100326
Malaysia_di_Sukan_Asia_Tenggara_2013	757267
Institut_Wasatiyyah_Malaysia	415113
Zaman_Neolitik_di_Malaysia	14745
Persatuan_Belia_Melayu_Kampung_Idaman	198965
Keranamu_Malaysia	110793
Sekretariat_Negara_Republik_Indonesia	59193
Fakulti_Kejuruteraan_Petroleum_&_Kejuruteraan_Tenaga_DiPerbaharui_(FPREE),_Universiti_Teknologi_Malaysia	294711
Hubungan_Cuba–Malaysia	185309
Jabatan_Imigresen_Malaysia	764416
Jemaah_Haji_Malaysia_2009	173745
Liga_Perdana_Malaysia_2005-06	771493
Politik_Indonesia	9811
Rotan_batu,_Malaysia	204157
Padang_Serai,_Kampung_Melayu	671251
Kesatuan_Kebangsaan_Anak-anak_Kapal_Kabin_Penerbangan_Malaysia	799978
Parti_Rakyat_Brunei	435848
Sutradara_Kontemporari_Malaysia	401291
Panduan_Kosa_Kata_Asas_Bahasa_Melayu-Inggeris-Perancis	739301
Penerbit_Universiti_Malaysia_Perlis	739877
Melayu_Australia	64144
Kampong_Ayer_(Brunei)	36106
Senarai_masjid_di_Malaysia	117262
Masjid_Al-Ikhlas,_Institut_Penyelidikan_Getah_Malaysia	749942
Plant_Material_Booklet_2:_WAYSIDE_TREES_OF_MALAYSIA	193320
Kongres_Majlis_Agama_Islam_Negeri_Seluruh_Malaysia	301848
Majalah_Mutiara_Malaysia	115391
Persatuan_Veteran_Tentera_Melayu	339403
Persatuan_Bulan_Sabit_Merah_Malaysia	66374
Pusat_Latihan_Pengaman_Malaysia	152453
Suruhanjaya_Pilihan_Raya_Malaysia	35841
Laluan_Persekutuan_Malaysia_24	576220
Akta_Keselamatan_Dalam_Negeri_(Malaysia)	40263
Fakulti_Kejuruteraan_Awam,_Universiti_Teknologi_Malaysia	294405
Landslides_in_Malaysia	741313
Senarai_perkataan_bahasa_Inggeris_yang_berasal_daripada_bahasa_Melayu	34276
Prasejarah_Malaysia	34592
Parti_Gerakan_Rakyat_Malaysia	3901
Tarian_Melayu	67505
Sekolah_Dasar_Negeri_Cipinang_Melayu_02_Pagi	212522
Isu_Sosiolinguistik_di_Malaysia	741270
Laluan_Persekutuan_Malaysia_23	404605
Sekolah_Menengah_Pertama_Wiyata_Mandala_Indonesia	216518
Utusan_Melayu	13012
Krisis_Perlembagaan_Malaysia_1988	35894
Hubungan_Belgium–Malaysia	333178
Persatuan_Naturopatik_Tradisional_Cina_Malaysia	235593
Sejarah_Sistem_Kehakiman_Indonesia	59244
Penjodoh_bilangan_bahasa_Melayu	89164
Taman_Warisan_Melayu	12891
Pengurusan_Produk_Halal_di_Malaysia	741590
Anak_Gemilang_Malaysia	66281
Akademi_Telekomunikasi_Indonesia_Gemilang	233160
Filem_Malaysia_tahun_2015	766768
Filem_Malaysia_tahun_2014	711480
Filem_Malaysia_tahun_2013	388705
Filem_Malaysia_tahun_2012	309347
Filem_Malaysia_tahun_2011	239919
Imbuhan_kata_nama_(bahasa_Melayu)	5585
Perhubungan_Indonesia_–_Amerika_Syarikat	25173
Penerbangan_Malaysia	16806
Keputusan_terperinci_pusingan_kedua_Liga_Super_Malaysia_2009	144934
Ubat-Ubatan_Tradisional_Melayu_/_Doa_Penawar_Penyakit_/_Rahsia_Kebaikan_Surah_Al_Fatihah	192738
Banjir_di_Malaysia	766914
Soccastar_Malaysia	44810
Universiti_Teknikal_Malaysia_Melaka	48082
Kepulauan_Melayu_(karya)	342604
Lapangan_Terbang_Antarabangsa_Brunei	39394
Persatuan_Peguam_Syarie_Malaysia	193582
Majlis_Kelab_Belia_Belia_Tamil_Malaysia	15647
Pasukan_ragbi_kebangsaan_Malaysia	337387
Syair_Madhi:_Citra_Melayu_Nusantara	434281
Kemerdekaan_Malaysia	45638
Fakulti_Tamadun_Islam,_Universiti_Teknologi_Malaysia	294716
Dewan_Persuratan_Melayu_Pahang	322537
Kepulauan_Cocos_(Keeling)	41187
Institut_Pendidikan_Guru_Malaysia_Kampus_Pulau_Pinang	81474
Katalog_Manuskrip_Melayu_Koleksi_Perpustakaan_Negara_Malaysia:_Tambahan_Keempat	434302
Senarai_kawasan_pengundian_di_Malaysia	17022
Universal_Studios_Singapore	407009
Angkatan_Bersenjata_Republik_Indonesia	51318
Batu_Aceh_Early_Islamic_Gravestones_in_Peninsular_Malaysia	458577
Ejaan_Yang_Disempurnakan_(bahasa_Indonesia)	58494
Mysteries_Of_Malaysia_Shipwrecks	608997
Festival_Filem_Malaysia_ke-23	196278
Festival_Filem_Malaysia_ke-22	157275
Festival_Filem_Malaysia_ke-21	174823
Liga_Malaysia_2010	185077
Kerajaan_Malaysia_2008	98491
Festival_Filem_Malaysia_ke-26	763280
Festival_Filem_Malaysia_ke-25	461449
Festival_Filem_Malaysia_ke-24	297080
Persatuan_Badminton_Malaysia	764443
Hubungan_Kenya–Malaysia	452874
Sijil_Organik_Malaysia	321399
Sekolah_Dasar_Negeri_Cipinang_Melayu_05_Pagi	212525
Senarai_Stesen_Televisyen_Tempatan_Indonesia	30222
Burung_Sambar_Biru_Malaysia	11531
Destinasi-destinasi_Singapore_Airlines	11347
Majlis_Bandaraya_(Malaysia)	282764
Kampung_Melayu,_Babussalam,_Aceh_Tenggara	652515
Taman_Kanak-kanak_Bentara_Indonesia_II	215418
Kamus_Inggeris_Melayu_Dewan	165371
Muzik_Malaysia	56012
Banjir_di_Malaysia_2009	175989
Daftar_akhbar_berbahasa_Cina_di_Malaysia	343327
Mukim_di_Brunei	538334
Kementerian_Pembangunan_Usahawan_dan_Koperasi_Malaysia	139595
Buang_anak_di_Malaysia	188585
The_Malaysian_Look_East_Policy:_A_Public_Policy_Perspective	742405
Senggarang_(Malaysia)	130006
Silat_Seni_Gayong_Malaysia	130223
Isu_air_Malaysia_ke_Singapura	195947
Sekolah_Kebangsaan_Kampong_Brunei	277780
EPG_Malaysia-Indonesia	120114
So_You_Think_You_Can_Dance_(Malaysia)	56841
Filem_Malaysia_tahun_2003	5494
Filem_Malaysia_tahun_2004	5493
Melayu_Proto	60371
Kamus_Peribahasa_Melayu-Inggeris	200944
Pilihan_raya_umum_Malaysia_2013	591199
Persatuan_Pandu_Puteri_Malaysia	15653
Sekolah_Kebangsaan_Kampong_Melayu,_Johor	256482
Bahasa_Indonesia_Peranakan	231336
Lambang_negara_Indonesia	57704
Lembaga_Peperiksaan_Malaysia	108969
Jabatan_Perancangan_Bandar_dan_Desa_Semenanjung_Malaysia	58149
Senarai_pesawat_Tentera_Udara_DiRaja_Malaysia	120806
Persatuan_Industri_Rakaman_Malaysia	27498
Piala_Presiden_Malaysia_2009	136946
Plant_Material_Booklet_1:_Palms_Of_Malaysia	193218
Melayu_Cape	8131
Senarai_stesen_televisyen_Indonesia	10115
Raja_Kepulauan_Cocos_(Keeling)	343243
Akhbar_Melayu	5584
Laluan_Kedua_Malaysia-Singapura	37843
Sumber_Histriografi_Di_Alam_Melayu:_Koleksi_Peribadi_John_Bastin	433644
Falsafah_Pendidikan_Malaysia	79850
Pengangkutan_di_Indonesia	10566
Persidangan_Meja_Bulat_Indonesia-Belanda_1949	294768
Indonesia_di_Sukan_Asia_2010	766340
Aman_Malaysia	171236
Kehakiman_di_Malaysia	99003
Kementerian_Negara_Republik_Indonesia	59191
Muzium_Angkatan_Bersenjata_Malaysia	46974
Suruhanjaya_Sekuriti_Malaysia	89757
Bahasa_Melayu_Kutai_Tenggarong	340177
Ikan_Kelisa_Emas_Malaysia	93183
Status_kebebasan_agama_di_Malaysia	71461
Penapisan_di_Malaysia	305549
Majlis_Bahasa_Brunei_Darussalam_–_Indonesia_–_Malaysia	2777
Pop_Indonesia	339930
Kementerian-kementerian_di_Malaysia	79116
Anggota_Askar_Melayu_Yang_Terkorban_Semasa_Perang_Dunia_II	46079
Islam_di_Pulau_Cocos	56598
Majlis_Perubatan_Malaysia	176735
Kesatuan_Melayu_United_Kingdom	169005
Bahasa_Melayu_Manado	89570
Islam_di_Malaysia	36440
Ketua_Polis_Negara_Malaysia	43995
Katalog_Manuskrip_Melayu_Koleksi_Perpustakaan_Negara_Malaysia:_Tambahan_Ketiga	434300
Pilihan_Raya_Umum_Malaysia_2004_-_Terengganu	95340
Pemasyhuran_Kemerdekaan_Tanah_Melayu	17948
Tentera_Nasional_Indonesia-Angkatan_Laut	2802
Agenda_Ekonomi_Malaysia	98996
Genetic_and_Dental_Profiles_of_Orang_Asli_of_Peninsular_Malaysia	430353
Hubungan_Kaum_Di_Malaysia_:_Sejarah_Dan_Asas	742712
Cinta_Buatan_Malaysia	185654
Persatuan_Pelukis_Malaysia	322778
Pingat_Peringatan_Malaysia_-_Gangsa	4354
Senarai_Orang_India_Malaysia	330645
The_Malaysian_Agricultural_Sector:_Strategies_and_Challenges	741679
Masjid_Depoh_Askar_Melayu	750049
Malaysian_Bibliography_On_Ethnobotny	433769
Angkatan_Pelukis_SeMalaysia	199968
Tawang,_Malaysia	149100
PT_Kereta_Api_Indonesia	273653
Akhbar_Melayu_dalam_talian	95473
Pilihan_Raya_Umum_Malaysia_2004_-_Negeri_Kedah	93234
Persaingan_bola_sepak_Malaysia-Indonesia	764412
Perwakilan-Perwakilan_Asing_di_Brunei_Darussalam	54497
Kabinet_Malaysia_2008	98375
Masjid_Al-Ehsaniah_Kampung_Melayu_Batu_16,_Rawang	233990
Suara_Rakyat_Malaysia	143923
Lembaga_Alkitab_Indonesia	186885
Bendera_Brunei	8099
Kabinet_Malaysia_2006	31807
Pengajian_Malaysia	13357
Sejarah_Kepulauan_Cocos_(Keeling)	150251
Mahkamah_Syariah_di_Malaysia	61502
MasterChef_Malaysia_(Musim_2)	347881
Persatuan_Malaysia_Hindu_Sangam	190647
Badan_Penyelidik_Usaha_Persiapan_Kemerdekaan_Indonesia	57661
Liga_Perdana_Malaysia_2006-07	771417
Sekolah_Dasar_Negeri_Cipinang_Melayu_11_Petang	212532
Basic_Chinese_for_Malaysians_(III)	740922
Fear_Factor_Malaysia	716037
Melayu_Ilir,_Martapura_Timur,_Banjar	229637
Indeks_Pencemaran_Udara_Malaysia_Jun_2009	148124
Lembaga_Jurukur_Tanah_Semenanjung_Malaysia	177742
Misa_Melayu	50949
Panduan_Kosa_Kata_Asas_Bahasa_Melayu-Inggeris-Arab	739325
Pengangkutan_rel_di_Malaysia	178418
Kementerian_Keselamatan_Dalam_Negeri_Malaysia	90159
Jawatankuasa_Hak_dan_Kebebasan_Parlimen_Malaysia	193057
Strategi_Pengurusan_Festival_Filem:_Analisis_Pengajuran_Festival_Filem_dan_Video_Pelajar_Malaysia_Ke-7	739823
Bola_sepak_di_Malaysia	650104
Majlis_Keselamatan_Negara_Malaysia	213210
Seputar_Indonesia	127159
Masjid_Melayu	15487
Senarai_ahli_parlimen_Malaysia_1959	297944
Skuad_Piala_Thomas_2006_Malaysia	29472
Pertanian_di_Malaysia	318513
The_Edge_(Malaysia)	100577
Menteri_Pelancongan_Malaysia	658136
Baldu_Hitam_Malaysia	321838
Keputusan_Perlawanan_Malaysia_bawah_23_tahun_2011	687311
Filem_Malaysia_tahun_2000	3504
Filem_Malaysia_tahun_2001	3505
Filem_Malaysia_tahun_2002	22242
Jelajah_Malaysia	49516
Gotong-royong_di_Malaysia	13638
Filem_Malaysia_tahun_2005	23847
Filem_Malaysia_tahun_2006	26152
Filem_Malaysia_tahun_2007	46525
Filem_Malaysia_tahun_2008	242074
Filem_Malaysia_tahun_2009	191348
Bahasa_Melayu_Perak	767863
Perbankan_Islam_di_Malaysia	22238
Kabinet_Indonesia_Bersatu_II	662715
Pungutan_Pingat_Sukan_Malaysia_2008	106380
Jabatan_Tenaga_Kerja_Semenanjung_Malaysia	714833
Wadah_Pencerdasan_Umat_Malaysia	318342
Ibrahim_Ali_(Malaysia)	96544
Jenis-jenis_ayat_bahasa_Melayu	34279
Sinema_Malaysia	254121
Senarai_Akta_Parlimen_Malaysia	80837
Kementerian_Pembangunan_Wanita,_Keluarga_dan_Masyarakat_Malaysia	295675
Hubungan_Malaysia_-_Yaman	758505
Kulim_(Malaysia)_Berhad	329437
Kebudayaan_Brunei	10477
Teori_Pengajaran_dan_Pembelajaran:_Bahasa_Arab_di_Sekolah_Menengah_Agama_di_Malaysia	193222
Tentera_Udara_Diraja_Malaysia	43918
Malaysia_Today	117851
Bibliografi_Warisan_Budaya_Melayu	433766
Indonesia_raya	144510
Negeri-Negeri_Melayu	26033
Hubungan_Malaysia-China	145743
Hubungan_Malaysia_–_Ukraine	771816
Negeri-negeri_Melayu_Bersekutu	34594
Malaysia	80375
Katalog_Manuskrip_Melayu_Di_Library_Of_Congress_U.S.A.	434294
Hubungan_Malaysia–Tunisia	452860
Singaporean_Literaturein_English:_A_Critical_Reader	741643
Daftar_Kabinet_Indonesia	57556
Kementerian_Pertanian_dan_Industri_Asas_Tani_Malaysia	108206
Melayu,_Martapura_Timur,_Banjar	229636
Program_Angkasawan_Negara_Malaysia	78100
Universiti_Malaysia_Sabah	1399
EMI_Music_Publishing_Malaysia_Sdn._Bhd.	500
Hoki_Piala_Malaysia	763836
Majlis_Belia_Malaysia	169
Lanun_Malaysia_(novel)	360712
Menteri_Kewangan_Malaysia	33671
Piala_FA_Malaysia	41069
Kampung_Melayu_Majidee	37792
Adult_and_Continuing_Education_in_Malaysia	740869
Monorel_di_Malaysia	221650
Teras_Pendidikan_Bahasa_Melayu	203998
Parti-parti_politik_Indonesia	3822
Silat_Melayu	40665
Marine_Fishers_and_Fisheries_of_Malaysia_and_Neighbouring_Countries	741372
Pasukan_bola_sepak_kebangsaan_Indonesia	78717
Pilihan_raya_umum_Malaysia_2004	29578
Pilihan_raya_umum_Malaysia_2008	94832
Kenegaraan_Malaysia	741294
Persatuan_Belia_Sikh_Malaysia	15673
Orang_Indonesia_di_Australia	148022
Tahun_Melawat_Indonesia_2010	184199
Kaum-kaum_di_Malaysia	76075
Perhimpunan_Perjuangan_Memperkasa_Bekas_Tentera_Malaysia	209301
Tumbuhan_Ubatan_Popular_Malaysia	192098
Majlis_Perbandaran_(Malaysia)	111900
Penerapan_dan_Penilaian_Kemahiran_Insaniah_(Soft_Skills)_Mahasiswa_Universiti_Malaysia_Perlis_UniMAP	739867
Pendidikan_seks_di_Malaysia	190235
Disney_XD_Malaysia	341520
Panda_China_di_Malaysia	744140
Kementerian_Dalam_Negeri_Malaysia	35145
Askar_Melayu	13533
Kerajaan_Melayu	188964
Bahasa_Isyarat_Malaysia	280918
Album_Melayu_Deli	333629
Piala_Kemerdekaan_Indonesia	680969
Hidangan_Terbaik_Dunia_-_Brunei	200865
Perkara_153_Perlembagaan_Malaysia	42880
Suruhanjaya_Pencegahan_Rasuah_Malaysia	3971
Piala_FA_Malaysia_2008	190126
Negeri-negeri_Melayu_Tidak_Bersekutu	34595
Peribahasa_Melayu	79029
Kementerian_Luar_Negeri_Malaysia	90097
Portofolio_Iklan_Indonesia	797279
Universiti_Sains_dan_Teknologi_Malaysia	9058
Persatuan_Bahasa_Moden_Malaysia	164132
Peguam_Negara_Malaysia	83271
Senarai_Penyanyi_Nasyid_di_Malaysia	40480
Fakulti_Komputeran,_Universiti_Teknologi_Malaysia	294498
Senarai_penganjuran_anugerah_hiburan_di_Malaysia_mengikut_tahun	790184
Hubungan_Malaysia-Israel	119268
Taman_Mini_Malaysia	13606
Pasukan_bola_sepak_kebangsaan_bawah-17_Indonesia	757810
Memartabatkan_Bahasa_Malaysia_dan_Memperkukuh_Bahasa_Inggeris	410905
Liga_Malaysia	41039
Perkauman_anti-Melayu	125686
Piala_FA_Malaysia_2007	190079
Pantai_Timur,_Semenanjung_Malaysia	35010
Pendaftaran_syarikat_di_Malaysia	65418
Senarai_pemain_gitar_bes_Malaysia	299750
Malaysian_Films:_The_Beginning	401285
Institut_Penyelidikan_dan_Kemajuan_Pertanian_Malaysia	3968
Bahasa_Indonesia	2683
Senarai_negeri_di_Malaysia_mengikut_penduduk	142479
Malaysian_Book_of_Records	339046
Panduan_Kosa_Kata_Asas_Bahasa_Melayu-Inggeris-Jepun	739291
Melayu	216913
Katalog_Manuskrip_Melayu_Koleksi_Perpustakaan_Negara_Malaysia:_Tambahan_Kelima	433528
Parti_Melayu_Semangat_46	41809
Etnomatematik_dan_Etnosains_di_Alam_Melayu	741234
Seputar_Indonesia_(surat_khabar)	124804
The_Malaysian_Insider	699619
Persatuan_Akademi_Industri_Muzik_Malaysia	27496
1M4U_Malaysia	435179
Kamus_Istilah_Media_Melayu-Arab	741279
Menteri_Perumahan_dan_Kerajaan_Tempatan_Malaysia	134870
Hubungan_Korea_Selatan_-_Malaysia	188871
Lapangan_Terbang_Punta_Cocos,_MP26	168947
Persatuan_Penulis_Skrin_Malaysia	322776
Piala_Malaysia_1988	187511
Piala_Malaysia_1986	187321
Piala_Malaysia_1985	187318
Piala_Malaysia_1983	187316
Filem_Malaysia_tahun_1975	94261
Filem_Malaysia_tahun_1974	11114
Filem_Malaysia_tahun_1977	11086
Filem_Malaysia_tahun_1976	11085
Filem_Malaysia_tahun_1971	11111
Filem_Malaysia_tahun_1970	11110
Filem_Malaysia_tahun_1973	11113
Filem_Malaysia_tahun_1972	11112
Filem_Malaysia_tahun_1979	11088
Filem_Malaysia_tahun_1978	11087
Human_Capital_Management_Practices_In_Malaysia:_Local_&_Foreign_Perspectives	194232
Akhbar_The_Malaysian_Insider	339306
Orang_Tamil_Malaysia	330644
Polis_Diraja_Brunei	10118
Kontrak_di_Malaysia	38024
Sekolah_Dasar_Negeri_Cipinang_Melayu_09_Pagi	212529
Album_Lagu_Melayu_Klasik_Vol._2	340813
Kuih_madu_kasirat,_Indonesia	656298
Senarai_kata-kata_pinjaman_bahasa_Melayu	260394
Orkestra_Tradisional_Malaysia	135165
Senarai_muzium_di_Malaysia	9315
Pameran_Pertanian,_Hortikultur_dan_Agro_Pelancongan_Malaysia	44043
Oriental_Daily_News_(Malaysia)	98065
Destinasi-destinasi_Penerbangan_Malaysia_dari_Kota_Kinabalu	69687
Pasukan_badminton_kebangsaan_Malaysia	83286
Politik_Brunei	6638
Matrikulasi_di_Malaysia	50448
Campur_tangan_British_di_Tanah_Melayu	38800
Malaysia_di_Olimpik_Beijing_2008	112108
Kementerian_Sumber_Asli_dan_Alam_Sekitar_Malaysia	90156
Rumah_Melayu	177920
Senarai_sekolah_menengah_di_Malaysia	6028
Senarai_kapal_perang_tentera_laut_Indonesia	11120
Bouraq_Indonesia_Airlines	11398
Banjir_di_Pantai_Timur_Semenanjung_Malaysia_2013	706727
Persatuan_Penulis_Nasional_Malaysia	320829
30_Tahun_Perancangan_Bahasa_Malaysia	83787
Pasukan_Bantuan_Keselamatan_Antarabangsa_Kumpulan_Induk_Kontinjen_Malaysia	206144
Kementerian_Kewangan_Malaysia	72417
Bank_Muamalat_Malaysia	14188
Laluan_Persekutuan_Malaysia_13_(Sabah)	612161
Senarai_filem_Malaysia	2343
Universiti_Putra_Malaysia	2180
Peribahasa_Melayu:_Penelitian_Makna_dan_Nilai	741601
The_Brunei_Times	658855
Judi_Piala_Dunia_di_Malaysia	198977
Cerita-cerita_Sejarah_Melayu_1	200487
Sungai_Melayu_Raya,_Ketapang	220751
Cerita-cerita_Sejarah_Melayu_3	200489
Cerita-cerita_Sejarah_Melayu_2	200488
Laluan_Persekutuan_Malaysia_86	403382
Rancangan_Malaysia_Pertama	100260
Terbuka_Malaysia_(golf)	356298
Badan_Pemeriksa_Kewangan_(Indonesia)	59185
Penerbitan_ayat_bahasa_Melayu	411034
Majlis_AIDS_Malaysia	247130
Majlis_Industri_Pertahanan_Malaysia	222677
Kajian_Sukan_di_Malaysia	741275
Paper_Currency_Of_Malaysia,_Singapore_Dan_Brunei_(1849-1970)	609049
Pos_Indonesia	324862
Kumpulan_Irama_Perindu_Brunei	115125
Institut_Pendidikan_Guru_Malaysia	1405
Ikatan_Persuratan_Melayu_Melaka	322532
Parti_Pekerja-Pekerja_Malaysia	105616
Senarai_sungai_di_Malaysia	335375
Linking_Literary_Identities:_Malaysian_Society,_Culture_and_the_other	741368
Proses_pilihan_raya_di_Malaysia	35861
2009_di_Malaysia	172175
Senarai_leksikologi_bahasa_Melayu	171959
Senarai_lapangan_terbang_di_Malaysia	10021
Fakulti_Alam_Bina,_Universiti_Teknologi_Malaysia	294403
Malaysia's_Most_Beautiful	85227
Bahasa_Melayu_Cocos	343235
3_Budak_Melayu	267630
Kementerian_Tenaga,_Teknologi_Hijau_dan_Air_Malaysia	50341
Senarai_bandar_dan_bandar_raya_kembar_di_Malaysia	768421
Tahun_Melawat_Malaysia_2007	59621
Jabatan_Meteorologi_Malaysia	176003
Pesta_Air_Malaysia_2010	193603
Indonesia_AirAsia	11393
Sekolah_Tinggi_Ilmu_Ekonomi_Indonesiaie_Pariwisata_Internasional	233199
Kerajaan_Melayu_Jambi	42285
Jawatankuasa_Kira-kira_Wang_Negara_Malaysia_2004	54787
Filem_Melayu_Dari_Jalan_Ampas_Ke_Hulu_Kelang	401321
Kata_ganti_nama_(bahasa_Melayu)	54934
Jawatankuasa_Kira-kira_Wang_Negara_Malaysia_2008	124661
Masakan_Malaysia	9203
Skuad_Malaysia_Kejohanan_Remaja_B-16_AFC_2014	800475
Tentera_Nasional_Indonesia-Angkatan_Darat	9368
Seni_bina_Indonesia	64700
Kampung_Melayu_Ampang	168402
Rancangan_Malaysia_Keempat	100418
Jamaah_Islah_Malaysia	12109
Persidangan_Sekolah-Sekolah_Mubaligh_Kristian_Malaysia	150179
Sejarah_muzik_rock_di_Malaysia	18190
Keputusan_Pilihan_Raya_Umum_Malaysia_2008,_Dewan_Undangan_Negeri	97654
Parti_Komunis_Indonesia	102551
50_Kisah_Usahawan_Wanita_Malaysia	199824
Demografi_Indonesia	9531
Sekolah_Kebangsaan_Tungkah_Melayu	280414
Kampung_Melayu,_Bengkulu	206229
Majlis_Kelab_Belia_India_Malaysia	15677
Televisyen_digital_di_Malaysia	108583
Senarai_gunung_di_Malaysia	47171
Kejohanan_Badminton_Terbuka_Indonesia_2005	40355
Lembaga_Koko_Malaysia	209281
Kerjaya_Sebagai_Pegawai_Kastam_Diraja_Malaysia	201234
Telkom_Indonesia	202724
Pelita_(Brunei)	2486
Kebangkitan_mahasiswa_Malaysia_1971-1975	187277
Jabatan_Parlimen_Malaysia	6723
Pasukan_bola_sepak_kebangsaan_bawah-23_Brunei	770783
Kerajaan_Revolusioner_Republik_Indonesia	699502
Sijil_Tinggi_Persekolahan_Malaysia	76948
Koir_Kebangsaan_Malaysia	90971
Persatuan_Alumni_Kolej_Islam,_Klang,_Malaysia	71970
Laluan_Persekutuan_Malaysia_134	136518
Sultan_Ahmad_(Brunei)	16167
Industri_Dokumentasi_Di_Malaysia	401315
Persatuan_Kebangsaan_Pelajar_Islam_Malaysia	15652
Undang-undang_Malaysia	98084
Sejarah_orang_Melayu	137523
Piala_Malaysia	30569
Sejarah_Sekolah_Melayu_di_Negeri_Perak	206025
Beli_Barangan_Malaysia	191251
Little_India,_Singapore	321761
Pusat_Inovasi_dan_Perundingan,_Universiti_Sains_Malaysia	35432
Kad_Kuasa_Polis_Malaysia	341405
Houses_In_Malaysia:_Fusion_of_the_East_and_the_West	193340
Nostalgia_Filem_Melayu_Klasik	433520
Sekolah_Kebangsaan_Melayu_Raya	257503
Senarai_hospital_di_Malaysia	32071
Burung_Tukang_Malaysia	49447
Persatuan_Asrama_Belia_Malaysia	15649
Siri_tanah_Malaysia	316824
Orang_Melayu_Thai	97950
Industri_Dokumentari_Di_Malaysia	433523
Mukim_Labu,_Brunei	126658
Hubungan_Malaysia-Afrika_Selatan	333159
Malaysian_Relief_Agency_(MRA)	299114
Garuda_Indonesia	10969
Destinasi-destinasi_Penerbangan_DiRaja_Brunei	69102
Zaman_Paleolitik_di_Malaysia	14744
Syarikat_penerbit_rekod_Malaysia	485
Sejarah_Malaysia	5815
Senarai_Metropolitan_di_Malaysia_mengikut_populasi_penduduk	350615
Institut_Seni_Indonesia	57200
Liga_Super_Malaysia	41041
Senarai_penduduk_dan_keluasan_negeri-negeri_Malaysia	26322
Piala_Malaysia_1998	134492
Perlembagaan_Republik_Indonesia_1945	58682
Filem_Malaysia_tahun_1966	11104
Filem_Malaysia_tahun_1967	11105
Filem_Malaysia_tahun_1964	11102
Filem_Malaysia_tahun_1965	11103
Filem_Malaysia_tahun_1962	11092
Filem_Malaysia_tahun_1963	11101
Filem_Malaysia_tahun_1960	11047
Filem_Malaysia_tahun_1961	11091
Senarai_bandaraya_di_Malaysia_mengikut_penduduk	183443
Filem_Malaysia_tahun_1968	11106
Filem_Malaysia_tahun_1969	11107
Lembaga_Dakwah_Islam_Indonesia	290306
Katalog_Manuskrip_Melayu_Koleksi_Perpustakaan_Negara_Malaysia:_Tambahan_Pertama	434298
Jaringan_Melayu_Malaysia	297133
Yayasan_Dakwah_Islamiah_Malaysia	78488
Kementerian_Perusahaan_Perladangan_dan_Komoditi_Malaysia	101212
The_Encyclopedia_of_Malaysia	43018
Kementerian_Kemajuan_Luar_Bandar_dan_Wilayah_Malaysia	89797
Pilihan_raya_umum_badan_perundangan_Indonesia_2014	724362
Penjajahan_Jepun_di_Tanah_Melayu	32461
Universiti_Malaysia_Terengganu	48326
Sekolah_Sukan_Malaysia	763204
Sekolah_Dasar_Negeri_Cipinang_Melayu_04_Pagi	212524
Yahudi_Indonesia	94536
Persatuan_Orang_Asli_Semenanjung_Malaysia	714837
Bangunan_Kementerian_Kewangan_Brunei	425336
Daerah_di_Malaysia	221516
Kamus_Idris_Al-Marbawi_Arab_-_Melayu_(Besar)	192219
Bahasa_Melayu_Moden	186
Kabinet_Malaysia	29586
Fakulti_Pertanian,_Universiti_Putra_Malaysia	316884
MasterChef_Indonesia	338735
Destinasi-destinasi_Penerbangan_Malaysia_dari_Singapura	71339
Kata_sendi_(bahasa_Melayu)	5615
Pasukan_hoki_kebangsaan_bawah-21_Malaysia	706432
Hubungan_Malaysia_-_Kemboja	197447
Banci_Penduduk_dan_Perumahan_Malaysia_2010	204310
Jaringan_Kampung_Orang_Asli_Semenanjung_Malaysia	198740
Malaysia_di_Sukan_Asia_2010	762524
Polis_Diraja_Malaysia	8691
Muara_Dua,_Kampung_Melayu	671248
Destinasi-destinasi_Penerbangan_Malaysia_dari_Kuching	69456
Universiti_Pertahanan_Nasional_Malaysia	54351
Sultan_Muhammad_Shah_(Brunei)	16163
Liga_Super_Malaysia_2006-07	771520
Pilihan_Raya_Umum_Malaysia_2004_-_Pulau_Pinang	95462
Persatuan_Superbikers_Malaysia	187377
Briged_Putera_Malaysia	15639
Jenayah_di_Malaysia	766291
Muzium_Warisan_Melayu	434405
Ikatan_Cendekiawan_Muslim_Indonesia	153501
Kementerian_Pengangkutan_Malaysia	118460
Silat_Melayu_Keris_Lok_9	41015
Orang_Indonesia_di_Jepun	148019
Universiti_Malaysia_Perlis	9064
Destinasi-destinasi_Indonesia_AirAsia	70915
Senarai_ibu_kota_di_Malaysia	272893
Keputusan_Pilihan_raya_umum_Malaysia_2013_mengikut_parlimen	676776
Miss_Malaysia	2331
Kementerian_Sains,_Teknologi_dan_Inovasi_Malaysia	79112
Universiti_Malaysia_Sarawak	1400
Ikatan_Muslimin_Malaysia	325204
Pertubuhan_IKRAM_Malaysia	243990
Universiti_Methodist_Indonesia	6976
Hubungan_Malaysia_-_India	185314
Kesatuan_Pelajar_Melayu_Selangor	118905
Junior_Chamber_Malaysia	15676
Nyanyian_tradisional_Melayu	20570
Lembaga_Bahasa_Melayu_Melaka	322547
Hak_asasi_manusia_di_Malaysia	304134
Animasi_Malaysia	56827
Teori_asal_usul_Bahasa_Melayu	5644
Ikatan_Rakyat_Insan_Muslim_Malaysia	146228
How_to_Win_Friends_and_Influence_People_-_Edisi_Bahasa_Melayu	200879
Muzium_Seni_Bina_Malaysia	98394
Kebudayaan_Indonesia	16790
Pembinaan_Semula_Teori_Kepimpinan_Dan_Kepengurusan_Rumpun_Melayu	734526
Hak_LGBT_di_Indonesia	284226
Muzium_Polis_Diraja_Malaysia	150324
The_Sun,_Malaysia	14155
Orang_Indonesia_di_Hong_Kong	145840
Filem_Malaysia_tahun_1956	11043
Gagasan_Badan_Ekonomi_Melayu	118030
Piala_FA_Malaysia_2009	136942
Filem_Malaysia_tahun_1955	3543
Darjah-darjah_kebesaran_bintang-bintang_dan_pingat_Indonesia	4277
Piala_FA_Malaysia_2004	348654
Piala_FA_Malaysia_2005	189764
Piala_FA_Malaysia_2006	190078
Persatuan_Melayu_Perak	313645
Pesta_Kasut_Antarabangsa_Malaysia	187313
Hubungan_Malaysia–Filipina	104142
Kejohanan_Super_Series_Terbuka_Indonesia_2007	59099
Sekretariat_Kabinet_Republik_Indonesia	59194
Festival_Filem_Malaysia_ke-19	184360
Structural_Fire_Engineering:_Investigation_of_Gurun_Fire_Test_(UTM,_Perwaja_Steel,_Malaysian_Structural_Steel_Association)	193326
Lapangan_Terbang_Taiping,_Malaysia	116954
Harga_minyak_Malaysia	106815
Sekolah_Kebangsaan_Melayu_Raya,_Pekan_Nanas	257432
Jabatan_Pertahanan_Awam_Malaysia	162364
Pendidikan_Balaghah_Arab_di_Malaysia	194241
Ahli_Dewan_Rakyat,_Parlimen_Malaysia_ke-13	654788
Ahli_Dewan_Rakyat,_Parlimen_Malaysia_ke-12	97660
Pasukan_Operasi_Khusus_Malaysia	65627
Jabatan_Pendaftaran_Negara_Malaysia	52137
Festival_Filem_Malaysia_ke-11	175259
Bahasa_Melayu_Kuno	184
Metropolitan_Iskandar_Malaysia	349847
Syarikat_Kenderaan_Melayu_Kelantan	40815
Parti_Demokrat_(Indonesia)	21498
Nombor_telefon_di_Malaysia	78918
Rawang,_Malaysia	59276
Senarai_rancangan_televisyen_realiti_di_Malaysia	191945
Hak-hak_istimewa_orang_Melayu	55085
Burung_Sambar_Malaysia	51925
Hubungan_Malaysia–Peru	452848
Ikan_Kelisa_Emas_Indonesia	190025
Syair-syair_Melayu_Riau	434284
Bahasa-bahasa_Melayu_Tempatan	85001
Gerakan_Radikalisme_Di_Malaysia_(1938-1965)	740385
Essentials_of_Language:_Testing_for_Malaysian_Teachers_(R._E.)	741232
Kronologi_pembentukan_istilah_bahasa_Melayu	171665
Pulau_Selma,_Kepulauan_Cocos_Keeling	320969
Tentera_Darat_Malaysia	36030
Hubungan_Malaysia_-_Comoros	153371
Destar_Warisan_Malaysia:_Koleksi_Terpilih	608927
Tesaurus_Bahasa_Melayu_Edisi_Pelajar	204003
Persatuan_Penterjemah_Malaysia	136831
Filem_Malaysia_tahun_1959	11046
Filem_Malaysia_tahun_1958	11045
Hubungan_luar_negeri_Malaysia	99579
Filem_Malaysia_tahun_1953	11041
Filem_Malaysia_tahun_1952	3544
Filem_Malaysia_tahun_1951	11040
Filem_Malaysia_tahun_1950	11038
Filem_Malaysia_tahun_1957	11044
Bahasa_Melayu	15
Kesultanan_Melayu_Melaka	12685
Filem_Malaysia_tahun_1954	11042
Sukan_di_Malaysia	68282
Majlis_Olimpik_Malaysia	89798
Sony_Music_Entertainment_Malaysia	492
Universiti_Brunei_Darussalam	6966
Taman_Kanak-kanak_Mutiara_Indonesia,_Jl._Bintang_Sakti	224096
Daerah_di_Brunei	42804
Gajah_Malaysia	84
Daftar_Kitab_Melayu_Silam	27986
Koleksi_Memori_Pilihan_Melayu_Deli	52415
Bahasa_Melayu_Sabah	3115
Institut_Seni_Indonesia_Denpasar	57202
Piala_Belia_Malaysia	713143
Sistem_Pendidikan_Brunei	17306
Malaysian_University_English_Test	99091
Super_League_Malaysia_2005-06	774290
Bola_sepak_Malaysia_2011	288183
Persaudaraan_Belia_Methodist_Malaysia	15654
Lapangan_Terbang_Punta_Cocos,_MP0H	168946
Malaysia_Mining_Corporation	154158
SITV_-_Singapore_International_Television	3144
Darjah_kebesaran_Melayu	172845
Senarai_kapal_karam_di_perairan_Malaysia	296388
Institut_Pendidikan_Guru_Kampus_Bahasa_Melayu	40657
Melayur	169862
Semenanjung_Malaysia	2858
Bahasa_Inggeris_Malaysia	89328
Hubungan_Malaysia_-_Thailand	147271
Sekolah_Dasar_Swasta_Putra_Indonesia	214987
Rancangan_Malaysia_Kedua	100393
Hubungan_Brunei_Amerika_Syarikat	410052
Rumpun_Bangsa_Melayu	234683
Malaysia_Timur	7744
Senarai_daerah_bagi_setiap_negeri_di_Malaysia_mengikut_populasi	190312
Sasterawan_Indonesia	118466
Kuih_madu_kasirat,_Brunei	656297
15Malaysia	158480
Kampung_Melayu_Raya,_Segamat	693085
Bahasa_Melayu_Perak_Ulu	702025
Sekolah_Kebangsaan_Stunggang_Melayu	280008
FitMalaysia	757543
Hubungan_Malaysia_-_Eropah	115405
Surau_An-Nur,_Kampung_Melayu_Wira	748801
Bank_Negara_Malaysia	31085
Universiti_Islam_Indonesia	56881
Persaingan_bola_sepak_Malaysia-Korea_Selatan	763861
Perjanjian_Pertahanan_Tanah_Melayu-British	126191
Persatuan_Bekas_Pasukan_Keselamatan_Negara_Malaysia	23395
Hubungan_Malaysia_-_Ukraine	752031
Perpustakaan_Alam_dan_Tamadun_Melayu	151482
Lagu_Keranamu_Malaysia	110792
Lapangan_Terbang_Antarabangsa_Kepulauan_Cocos_(Keeling)	153316
Antologi_Puisi_Kemerdekaan_dan_Patriotisme:_Warkah_Anak_Merdeka_Universiti_Teknologi_Malaysia	193852
Pingat_Peringatan_Malaysia_-_Emas	4352
Hubungan_Malaysia_-_Perancis	169650
Senarai_provinsi_Indonesia	56915
Kamus_Seerti_Bahasa_Melayu_Edisi_Pelajar	200948
Universiti_Sains_Islam_Malaysia	9060
Wasiat_Raja-raja_Melayu	156726
Masakan_Brunei	191157
Hubungan_Malaysia_-_Kazakhstan	293440
Kristian_di_Indonesia	56730
Rejimen_Askar_Melayu_DiRaja	35561
Lawatan_Barack_Obama_ke_Indonesia	191266
Pescocostanzo	501156
Ahris_Yaakup_:_A_Tribute_to_the_Pioneer_of_GIS_Application_in_Malaysia	193664
Kementerian_Pelancongan_dan_Kebudayaan_Malaysia	90157
Kesalahan_biasa_tatabahasa_Melayu	39577
Konfrontasi_Indonesia-Malaysia	55256
Senarai_perlawanan_akhir_Piala_Malaysia	339409
Susunan_ayat_bahasa_Melayu	411033
Bahasa-bahasa_Melayu-Polinesia_Nuklear	64171
Tokoh-tokoh_perubatan_Malaysia	371564
Telani,_Brunei	126212
Peradaban_Melayu	193353
Ekonomi_Malaysia	5880
Sekolah_Tinggi_Ilmu_Kesehatanikes_Kesetiakawanan_Sosial_Indonesia	233201
Gereja_Methodist_Malaysia	178075
Khatan_di_Malaysia	25653
Mussel_Watch_in_Malaysia_Past,_Present_and_Future	741550
Hubungan_Malaysia-Brunei	220148
Malam_Malaysia	766287
Ukuran_unit_Melayu	258342
Profil_Membaca_Rakyat_Malaysia,_1996	434277
Liga_Perdana_Malaysia_2004	771495
Liga_Perdana_Malaysia_2005	771494
Album_Melayu_Deli_II	333630
Orang_Pakistan_di_Malaysia	428008
Liga_Perdana_Malaysia_2009	141199
Buku_Ekonomi_Malaysia	200640
Angkatan_Tentera_Malaysia	56872
Sejarah_pendaratan_Jepun_di_Tanah_Melayu	20128
Jabatan_Perkhidmatan_Awam_Malaysia	38019
Durio_Of_Malaysia	434384
Tentera_Laut_Diraja_Malaysia	38795
Perbezaan_sebutan_Bahasa_Melayu_dan_Bahasa_Indonesia	5583
Kongres_Kebudayaan_Melayu_Kedua	205177
Majlis_Daerah_(Malaysia)	111901
Deal_or_No_Deal_(Malaysia,_versi_Cina)	55233
Senarai_stesen_Keretapi_Tanah_Melayu	140925
Persatuan_Progresif_India_Malaysia	304710
Senarai_Calon_&_Pemenang_FFM_Berketurunan_Bukan_Melayu	756626
Bahasa_Melayu_Kelantan	137864
Bangunan_Parlimen_Malaysia	39676
1Malaysia	143282
Persatuan_India_Pusat_Tanah_Melayu	35354
Bisnis_Indonesia	215943
Malaysia_LNG_Sdn_Bhd	15861
Bahasa_Melayu_Terengganu	184003
Liga_Malaysia_XI	293678
Padang,_Brunei	126202
Mukim_Gadong,_Brunei	126613
Persekutuan_Pengakap_Malaysia	15655
Grand_Prix_Malaysia_1999	610372
Piala_FA_Malaysia_2015	766161
Piala_FA_Malaysia_2014	705440
Sekolah_Kebangsaan_Kampong_Melayu_Niyor	256498
Piala_FA_Malaysia_2012	315415
Piala_FA_Malaysia_2011	347113
Piala_FA_Malaysia_2010	346575
Ringgit_Brunei	5695
Galeri_D:_Malaysia_Kini	609039
Persatuan_Suara_Anak-anak_Malaysia	294133
Hubungan_Malaysia_-_Uruguay	142592
Masjid_Kampung_Melayu	17708
Universiti_Teknologi_Malaysia	1401
Modul_Pembangunan_Kemahiran_Insaniah_(SoftSkills)_untuk_Institusi_Pengajian_Tinggi_Malaysia	741543
Gabungan_Persatuan-persatuan_Pengguna_Malaysia	73318
Konvensyen_Solidariti_Malaysia	196661
Influenza_A_(H1N1)_di_Malaysia	149396
Peraturan_Pemerintah_(Indonesia)	58145
Nombor_plat_kenderaan_Malaysia	96057
Ketua_Hakim_Negara_Malaysia	86150
Katalog_Manuskrip_Melayu_Di_Jerman_Barat	434293
Fakulti_Kejuruteraan_&_Sains_Geoinformasi_(FKSG),_Universiti_Teknologi_Malaysia	294497
Undang-undang_adat_Melayu	149240
Koleksi_Terindah_Peribahasa_Melayu	202265
Syarikat_Permainan_Malaysia_Sdn._Bhd.	84726
Senarai_majalah_di_Malaysia	53552
Duta_Amerika_Syarikat_ke_Malaysia	206767
Menteri_Dalam_Negeri_Malaysia	140918
Menteri_Luar_Negeri_Malaysia	658316
Taman_Malaysia	167063
Kampung_Melayu_Timur	670746
Garis_Masa_Kempen_Penaklukan_Jepun_Di_Tanah_Melayu_Februari_1942	53253
Akta_Institut_Penyelidikan_dan_Kemajuan_Pertanian_Malaysia_1969	718062
Laluan_Persekutuan_Malaysia_9	352991
Laluan_Persekutuan_Malaysia_8	136914
Filem_Malaysia_tahun_1948	3542
Filem_Malaysia_tahun_1949	11037
Laluan_Persekutuan_Malaysia_1	123134
Pewaris_Malaysia	136702
Laluan_Persekutuan_Malaysia_3	234259
Laluan_Persekutuan_Malaysia_2	138802
Laluan_Persekutuan_Malaysia_5	659443
Filem_Malaysia_tahun_1941	125909
Filem_Malaysia_tahun_1942	11036
Sekolah_Kebangsaan_Melayu_Raya,_Segamat	257509
Kementerian_Perdagangan_Antarabangsa_dan_Industri_Malaysia	118626
1957_di_Tanah_Melayu	68292
Adat_berserumah_tangga_Melayu	61629
Persatuan_Kontraktor_Melayu_Malaysia	194087
Institut_Sistem_Mikroelektronik_Malaysia	34653
Eye_on_Malaysia	54932
Asrama_1_Malaysia	663247
Warisan_Seni_Bina_Dunia_Melayu_Rumah-Rumah_Tradisional	193332
Taman_Kanak-kanak_Mutiara_Indonesia,_Jl.Kayu_Putih_Selatan	224094
Sekolah_Dasar_Negeri_Cipinang_Melayu_12_Petang	212533
Masyarakat_dan_Kepelbagaian_Sosial_di_Malaysia	741374
Senarai_Timbalan_Presiden_Indonesia	5669
Senarai_sastera_Melayu_mengikut_abjad	268833
Institut_Piawaian_dan_Penyelidikan_Perindustrian_Malaysia	34655
Laluan_Persekutuan_Malaysia_209	136915
Melayu_Terengganu	768021
Menteri_Belia_dan_Sukan_Malaysia	134797
Borang_Kontrak_Standard_Binaan_Malaysia	193196
Bangunan_Kereta_Api_Tanah_Melayu	12885
Konvensyen_Tanah_dan_Akta_Orang_Asli_Semenanjung_Malaysia	190618
Rang_Jaminan_MSC_Malaysia	100557
Kod_Tangan_Bahasa_Malaysia	114396
Sejarah_Penerbangan_Malaysia	10955
Hubungan_Malaysia_-_Emiriah_Arab_Bersatu	220150
Arah_kiblat_di_Malaysia	152573
Serangan_Moro_di_Malaysia	771548
Kamus_Inggeris-Melayu_untuk_Penterjemah	200940
Majlis_Kebangsaan_Bagi_Orang_Buta,_Malaysia	37056
International_Comm._English_Language_Challenges_for_Malaysia	741262
Persatuan_Bekas_Kastam_Malaysia	149163
Hubungan_Malaysia-Kuwait	127567
Taman_Kanak-kanak_Putra_Indonesia,_Jl._Warga	224297
Identiti_Seni_Bina_Malaysia:_Kritikan_terhadap_Pendekatan_reka_bentuk	193204
Universiti_Kebangsaan_Malaysia	1397
Laluan_Persekutuan_Malaysia_54	211748
Laluan_Persekutuan_Malaysia_57	136901
Laluan_Persekutuan_Malaysia_51	405985
Laluan_Persekutuan_Malaysia_50	519013
Akhbar_Malaysian_Today	339307
Hubungan_Malaysia-Singapura	93438
Partai_Demokrasi_Indonesia_Perjuangan	5993
Kereta_kebal_Jepun_di_Malaysia_semasa_Perang_Dunia_II	55078
Perlawanan_Malaysia-Korea_Selatan_peringkat_kelayakan_Olimpik_1980	207132
Kitab_Tib:_Ilmu_Perubatan_Melayu	434272
Senarai_kolej_kediaman_Universiti_Putra_Malaysia	308149
Skim_Amalan_Ladang_Baik_Malaysia	321383
Koleksi_Pilihan_Dunia_Melayu	608972
Free_Malaysia_Today	764450
Senarai_universiti_di_Brunei_Darussalam	6964
True_Singapore_Ghost_Stories	99791
Filem_Indonesia_tahun_2015	766766
Zaman_Prasejarah_Di_Malaysia	14743
Bahasa_Malaysia	29921
Banjir_utara_Semenanjung_Malaysia_2010	229044
Perdana_Menteri_Malaysia	12171
Pusat_Remote_Sensing_Negara_Malaysian	34659
Malaysia_Nanban	188571
Senarai_kaum_di_Malaysia	40740
Sistem_Saraan_Malaysia	358
Persatuan_India_Muslim_Malaysia	148309
Barisan_Kemajuan_India_Se-Malaysia	195802
Menteri_Pelajaran_Malaysia	61152
Radio_Republik_Indonesia	748171
Balaghah_Melayu_berdasarkan_Balaghah_Arab:_Satu_Pengenalan_dalam_Ilmu_Ma'ani	740921
Pilihan_Raya_Umum_Tanah_Melayu_1955	36338
Majlis_Agama_Islam_Dan_Adat_Istiadat_Melayu_Kelantan	62860
Diosis_Malaysia_Barat	172623
Law_of_Connection_(Edisi_Bahasa_Melayu)_-_Hukum_Hubungan	202290
Sekolah_Agama_Universiti_Teknologi_Malaysia	95352
1001_Garden_Plants_in_Singapore	343962
Piala_Malaysia_2004	345264
Waktu_Indonesia_Timur	8656
Hubungan_Malaysia-Sudan	147594
Taman_Ekspo_Pertanian_Malaysia	357795
Rotan_bulu,_Malaysia	204163
Tumbit_Melayu,_Teluk_Bayur,_Berau	225006
Perikanan_laut_dalam_di_Malaysia	759629
Persatuan_Seniman_Malaysia	338270
MasterChef_Malaysia	295877
Orang_Melayu_Indonesia	97870
Salasilah_Melayu_dan_Bugis	47993
Liga_Perdana_Malaysia_2011	294631
Liga_Perdana_Malaysia_2010	185774
Liga_Perdana_Malaysia_2013	341375
Sekolah_Menengah_Teknik_di_Malaysia	80066
Kodkongsi_destinasi_Penerbangan_Malaysia	73098
Liga_Super_Malaysia_2012	317766
Nickelodeon_Malaysia	325022
Hidupan_liar_di_Malaysia	221988
The_Star_(Malaysia)	39114
Kebangkitan_Nasional_Indonesia	696149
Keretapi_Tanah_Melayu	41747
Liga_Super_Malaysia_2009	134757
Sukan_Malaysia_2014	746479
Liga_Super_Malaysia_2004	774635
Pilihan_Raya_Umum_Malaysia_2008_-_Negeri_Sembilan	96588
Malaysia_di_Sukan_Asia_2014	759083
Parti_Buruh_Malaysia	756791
Sejarah_batik_di_Indonesia	44247
Pelabuhan_Utara,_Malaysia	129672
Sekolah_Dasar_Negeri_Cipinang_Melayu_06_Pagi	212526
Jong_Melayu	98587
Garis_Masa_Kempen_Penaklukan_Jepun_Di_Tanah_Melayu_Januari_1942	53252
Masjid_Universiti_Teknologi_Malaysia	295043
Hubungan_Malaysia_-_Arab_Saudi	152643
Pasukan_bola_sepak_kebangsaan_wanita_Malaysia	371789
Tentera_Nasional_Indonesia	30462
Anti-Kristian_di_Malaysia	748235
Pertubuhan_Kebangsaan_Melayu_Bersatu	3812
Arkib_Negara_Malaysia	270254
Singapore_Girl	614688
Pengisytiharan_Kemerdekaan_Republik_Indonesia	33195
Jerang_Melayu,_Muara_Pahu,_Kutai_Barat	225793
Cita_Rasa_Malaysia_-_Kelantan	200503
Pusat_Latihan_Jabatan_Penjara_Malaysia	95860
Hubungan_Malaysia–New_Zealand	333160
Gerakan_Tanah_Melayu	45719
Muzium_Negara_Malaysia	9330
Liga_Semi-Pro_Malaysia_1989	157723
Lembaga_Lebuhraya_Malaysia	37583
Balai_Polis_di_Malaysia	16498
Kampung_Melayu	148234
Pasukan_Khas_Persekutuan_Malaysia	148894
Sejarah_perkamusan_Melayu	165442
Melayu_Arab_Sabah	194437
Ikon_Malaysia	63386
Malaysia_di_Sukan_Komanwel_2014	761202
Language_and_Human_Rights_Focus_in_Malaysia	741366
Tatabahasa_Pedagogi_Bahasa_Melayu_Untuk_Sekolah_Menengah	203961
Festival_Filem_Malaysia_Pertama	149948
Partai_Nasional_Indonesia	57637
Senarai_pulau_di_Indonesia	3562
Lapangan_Terbang_Punta_Cocos	168945
Telekomunikasi_di_Malaysia	313413
Penerbit_Universiti_Teknologi_Malaysia_Press	194622
Kesatuan_Wartawan_Kebangsaan_Malaysia	103266
Busana_Melayu	458583
Keputusan_perlawanan_pasukan_bola_sepak_Malaysia_2014	769192
Bahasa_Malaysia_Saintifik	172197
Pilihan_raya_umum_presiden_Indonesia_2014	752163
Keputusan_perlawanan_pasukan_bola_sepak_Malaysia_2013	715371
Melayu,_Banjarmasin_Tengah,_Banjarmasin	222609
Mingguan_Malaysia	52982
Kedutaan_Malaysia,_Bern	219982
Universiti_Utara_Malaysia	2185
Kelab_Kereta_Klasik_Malaysia	199006
Jabatan_Kerja_Raya_Malaysia	138971
Ford_Malaysia_Sdn._Bhd.	89354
Hukuman_mati_di_Malaysia	290886
Menteri_Pertahanan_Malaysia	321949
Baju_Melayu	109440
Bahasa_pasar_Indonesia	111103
Kiwanis_Malaysia	187004
Persatuan_Pemilik_Teksi_Eksekutif_Malaysia	180598
Penerbangan_684_Penerbangan_Malaysia	713422
Suara_Indonesia	748172
Penerbitan_Biografi_Di_Malaysia	434274
Universiti_Malaysia_Kelantan	40746
Bahasa-bahasa_Melayu-Polinesia	58546
Industri_Perfileman_Indonesia	11231
Laluan_Persekutuan_Malaysia_211	136903
Koleksi_33_Kisah_Sejarah_Melayu	202241
Hubungan_Denmark-Malaysia	333180
Katalog_Manuskrip_Melayu_Di_Afrika_Selatan	434291
Kementerian_Kesejahteraan_Bandar,_Perumahan_dan_Kerajaan_Tempatan_Malaysia	13395
Persatuan_Sepak_Bola_Indonesia	280775
Laluan_Persekutuan_Malaysia_131	136902
Laluan_Persekutuan_Malaysia_130	136916
Etnik_Melayu	216914
Terbuka_Malaysia_(badminton)	83082
Sekolah_Menengah_Kebangsaan_Kawula_Indonesia	232265
Perbadanan_Kemajuan_Kraftangan_Malaysia_Cawangan_Perak	296030
Majlis_Pengakap_Kumpulan_Latihan_Malaysia	66507
Singapore_Telecommunications	125768
Sahabat_Alam_Malaysia	186814
Desa_(Indonesia)	58143
Majlis_Agama_Islam_dan_Adat_Melayu_Perak	185197
Kejohanan_Super_Series_Terbuka_Malaysia_2008	88448
Kejohanan_Super_Series_Terbuka_Malaysia_2007	48079
Liga_Hoki_Malaysia	763550
Gerakan_feminisme_di_Malaysia	114319
Hubungan_Malaysia–Iran	188431
Laluan_Persekutuan_Malaysia_68	291671
Utusan_Malaysia	20112
Pingat_Peringatan_Malaysia_-_Perak	4353
Pasukan_bola_sepak_kebangsaan_bawah-23_Malaysia	279952
Keputusan_pilihan_raya_umum_Malaysia_2013,_Dewan_Undangan_Negeri	658836
Laluan_Persekutuan_Malaysia_63	541824
Destinasi-destinasi_Penerbangan_Malaysia_-_Kodkongsi_dengan_Alitalia	82202
Laluan_Persekutuan_Malaysia_66	211750
Kementerian_Kerja_Raya_Malaysia	87673
Hubungan_Malaysia_-_Rusia	198391
Pertubuhan_Berita_Nasional_Malaysia	16830
Malaysia_Airports_Holdings_Berhad	90756
Sinematek_Indonesia	707824
Loji_Tenaga_Nuklear_Malaysia	196973
Pergerakan_Kebangsaan_Sikh_Malaysia	150302
Bancian_Penduduk_Indonesia_2010	196888
Kerjaya_Sebagai_Tentera_Laut_Diraja_Malaysia	202223
Timbalan_Perdana_Menteri_Malaysia	14305
Sekolah_Dasar_Negeri_Cipinang_Melayu_07	212527
Perpustakaan_Universiti_Sains_Malaysia	264787
Pengganasan_di_Malaysia	218930
Pesta_Sukan_Ukur_Se_Malaysia_30	798981
Sekolah_Dasar_Negeri_Kampung_Melayu_02_Petang	213853
Angkatan_Koperasi_Kebangsaan_Malaysia_Berhad	101741
Ringgit_Malaysia	5681
Unit_Pemodenan_Tadbiran_dan_Perancangan_Pengurusan_Malaysia	169132
Kejohanan_Super_Series_Terbuka_Indonesia_2008	109121
Bahasa_&_Budaya_Masyarakat_Melayu_di_Pulau_Kosas	740917
Silat_Gayong_Malaysia	40187
Politeknik_di_Malaysia	93584
Kucing_Malaysia	759464
Bintang_Rap_Tanah_Malaysia_(album_SSK)	351881
Media_Permata_(Brunei)	2485
Baju_tradisional_Melayu	86230
Rancangan_Malaysia_Kesepuluh	201577
Sejarah_perlawanan_bola_sepak_di_antara_Malaysia_dengan_Singapura	430595
Evolusi_Universiti_Malaysia_Terengganu	734497
Pilihan_raya_umum_Tanah_Melayu_1959	35893
Pemberontakan_Brunei	213974
Tanah_Melayu	3813
Kamus_Idris_Al-Marbawi_(Arab_-_Melayu)	192688
Bahasa_Melayu_Realiti_Dan_Harapan	739386
Warna_dalam_budaya_Melayu	171958
MasterChef_Selebriti_Malaysia	338689
Puisi_Melayu	24929
Klon_Durian_Terpilih_Malaysia	741305
Kongres_India_Malaysia	3902
Liga_Super_Malaysia_2015	751626
Liga_Super_Malaysia_2014	666964
Liga_Super_Malaysia_2011	261732
Liga_Super_Malaysia_2010	184233
Liga_Super_Malaysia_2013	341295
Geografi_Malaysia	38587
Sasterawan_Negara_Malaysia	69686
Persidangan_Siber_Malaysia	338294
Bendera_Indonesia	8095
Gelombang_Pembangkang_Malaysia_2008	97518
Kesatuan_Melayu_Muda	30193
Senarai_tokoh_di_dalam_setem_Malaysia	212740
Orang_Melayu_Malaysia	49040
Lembaga_Minyak_Sawit_Malaysia	34601
Universiti_swasta_Malaysia	9048
SMA_Islam_PB_Sudirman_Bekasi_-_Indonesia	75824
Banjir_di_Malaysia_2006-2007	47306
Master_Your_Mind_Design_Your_Destiny_(Versi_Bahasa_Melayu)	202773
Filem_Tak_Melayu_Hilang_Di_Dunia	268278
Bendera_Kepulauan_Cocos_(Keeling)	148106
Perwakilan-Perwakilan_Asing_di_Malaysia	54368
Sukan_Malaysia_2006	105955
Suruhanjaya_Tenaga_Malaysia	408577
Sukan_Malaysia_2008	105960
Construction_Industry_&_Economic_Development:_The_Malaysian_Scene	193311
Sekolah_Kebangsaan_Kampong_Melayu	280400
Perkara_159_Perlembagaan_Malaysia	206766
Kedutaan_Malaysia,_Washington,_D.C.	219983
Fakulti_Bahasa_Moden_dan_Komunikasi,_Universiti_Putra_Malaysia	356953
Sejarah_Indonesia	9834
Institut_Pendidikan_Guru_Kampus_Perempuan_Melayu	69952
Kamus_Seerti_Bahasa_Melayu	200947
Hubungan_Malaysia_-_Belanda	220153
Burung_Rimba_Malaysia	49446
Isu-isu_Pendidikan_Malaysia	95417
Senarai_Stesen_Televisyen_Wilayah_di_Indonesia	30336
Tesaurus_Bahasa_Melayu	204002
Parti_Demokratik_India_Malaysia	195626
Isu_pasir_Malaysia_ke_Singapura	186797
Malaysia_:_Perspektif_Sejarah_dan_Politik	193250
Majlis_Pembakuan_Bahasa_Cina_Malaysia	766407
Tahun_Melawat_Malaysia_2014	710868
Silat_Melayu_Asli_Sarawak	143537
Silat_Melayu_Pahang_Tok_Khatib_Mohd_Noh	143438
Penerbangan_8501_Indonesia_AirAsia	766757
Rancangan_Malaysia_Kelima	110013
Pilihan_raya_umum_presiden_Indonesia_2009	140360
Pasukan_futsal_kebangsaan_Malaysia	685379
Institut_Terjemahan_&_Buku_Malaysia	38027
Senarai_bandar_bagi_setiap_negeri_di_Malaysia_mengikut_populasi	191755
Perkara_48_Perlembagaan_Malaysia	202895
Senarai_perlawanan_bola_sepak_Malaysia_menentang_Singapura	379469
Jenis-jenis_Kebaya_di_Malaysia	308497
Gerakan_Belia_Bersatu_Malaysia	15644
Komputer_Rakyat_1Malaysia	197025
Pembangkang_(Malaysia)	29591
Silat_Gayong_Singa_Berantai_Malaysia	40701
Sejarah_Indonesia_(1998-kini)	202080
Fakulti_Bioperubatan_&_Sains_Kesihatan_(FKBSK),_Universiti_Teknologi_Malaysia	294710
Malay_in_Malaysian_and_Singapore_Literature_in_English:_An_Annotated_Bibliography	741369
Kementerian_Belia_dan_Sukan_Malaysia	88164
March_8,_The_Day_Malaysia_Woke_Up	126020
Panduan_Kosa_Kata_Asas_Bahasa_Melayu-Inggeris-Spanish	739332
Stock_Pricing_in_Malaysia,_Corporate_Financial_&_…(h.c)	741651
Penyakit_Utama_Sayur-sayuran_Di_Malaysia	434319
Senarai_orang_terkaya_di_Malaysia	189077
Senarai_kata_pinjaman_dari_bahasa_Arab_dalam_bahasa_Melayu_dan_bahasa_Indonesia	73533
Senarai_kawasan_metropolitan_di_Indonesia	330875
Polemik_kedudukan_bahasa_Melayu_di_Malaysia	316267
Institut_Seni_Indonesia_Yogyakarta	57201
Perubatan_tradisional_Melayu	230517
Human_Capital_Development_Issues_in_Malaysia	741253
Jabatan_Kebajikan_Masyarakat_Malaysia	55716
Kebebasan_media_di_Malaysia	99718
Filem_Malaysia_Era_1975-1999	401294
Ketua_Audit_Negara_Malaysia	74315
Pertubuhan_Pemikir_Profesional_Melayu_Malaysia	180252
Kampong_Melayu_Asli	126372
Hubungan_Malaysia_-_Indonesia	94646
Reformasi_(Malaysia)	186454
Daftar_Filem_Melayu_(1933-1993)	401303
Bursa_Saham_Indonesia	125024
Orkestra_Filharmonik_Malaysia	188490
Keputusan_Perlawanan_Malaysia_bawah_23_tahun_2012,_2013_dan_2014	757481
Gabungan_Pelajar_Pelajar_Melayu_Semenanjung	15641
Acid_Sulfate_Soils_in_Malaysia	740868
Orang_Melayu_di_New_Zealand	87192
Jurnal_Filologi_Melayu	433526
Senarai_bandar_raya_di_Indonesia	282346
Persatuan_Kembara_Malaysia	187489
Orang_Melayu_di_Singapura	165381
Kolej_swasta_di_Malaysia	9346
Brunei_di_Sukan_Asia_2014	760396
Indonesia	2060
Persatuan_Siswazah_Orang_Asli_Semenanjung_Malaysia	714838
Grup_Teater_Lab_(G-TeL)_Universiti_Malaysia_Sabah	180891
Garis_Masa_Kempen_Penaklukan_Jepun_Di_Tanah_Melayu	49758
Melayu_Islam_Beraja	232122
Lembaga_Pembangunan_Pelaburan_Malaysia	116094
Perbadanan_Produktiviti_Malaysia	321401
Badan_Peguam_Malaysia	33236
Terbuka_Indonesia_2014_(badminton)	793543
Masjid_An-Nur,_Kampung_Melayu_Subang	749961
Hubungan_bahasa_Jepun_dengan_bahasa_Melayu	199231
Keputusan_Pilihan_Raya_Umum_Malaysia_2008	97452
Sumber_Jaya,_Kampung_Melayu	671252
Kementerian_Pendidikan_Malaysia	39585
Senarai_leksikologi_bahasa_Melayu/W	172413
Kabinet_Malaysia_2013	657897
Senarai_pulau_terluar_Indonesia	184600
Senarai_leksikologi_bahasa_Melayu/K	172353
Institut_Seni_Indonesia_Surakarta	57217
Angkatan_Bersenjata_Diraja_Brunei	171531
Bank_Indonesia	16772
Senarai_perpindahan_pemain_bola_sepak_Malaysia_tahun_2015	763447
Tokoh-tokoh_Malaysia	44995
Senarai_leksikologi_bahasa_Melayu/N	172405
Sekolah_Kebangsaan_Kampong_Melayu,_Sarawak	280401
Dilema_Melayu	15393
2010_di_Malaysia	253848
Senarai_parti_politik_Malaysia	3800
Pelancongan_di_Indonesia	9361
Sejarah_Pertahanan_Indonesia	11228
Persatuan_Kenel_Anjing_Malaysia	741680
Persatuan_Bola_Sepak_Melayu_Kedah	759999
Hinduisme_di_Malaysia	86538
Angkatan_Belia_Islam_Malaysia	15638
Kata-kata_pinjaman_dari_bahasa_Sanskrit_dalam_bahasa_Melayu_dan_bahasa_Indonesia_Moden	42241
Wikipedia_Bahasa_Melayu	38542
Orang_India_Malaysia	35355
Senarai_leksikologi_bahasa_Melayu/G	172352
Nora_And_Hedda_In_Malaysian_Theatre	430345
Universiti_Terbuka_Malaysia	9052
Dewan_Rakyat_Malaysia	28693
Terbuka_Malaysia_2014_(badminton)	764780
Tradisi_Penulisan_Manuskrip_Melayu	434286
Parti_Hizbul_Muslimin_Malaysia	196226
Kemiskinan_di_Malaysia_Isu_Fundamental_&_Paparan_Realiti	741293
Pembangunan_Organisasi_Di_Malaysia:_Projek_Pendidikan	193317
Tentera_Laut_Diraja_Brunei	8819
Persatuan_Hak_Asasi_Manusia_Malaysia	304597
Bahasa_Melayu_Jambi	113173
Keputusan_perlawanan_pasukan_bola_sepak_Malaysia	140809
Suara_Malaysia	54933
Darurat_Tanah_Melayu	43453
Lembaga_Getah_Malaysia	152218
Pesta_Sukan_Ukur_Se_Malaysia	798978
Kejohanan_Skuasy_Terbuka_Malaysia	382681
Hati_Budi_Melayu	741248
Fakulti_Pendidikan_(FP),_Universiti_Teknologi_Malaysia	294707
Hubungan_Malaysia_-_Jepun	186638
Brunei_Darussalam_di_Sukan_Asia_Tenggara_2007	83423
Senarai_pulau_di_Malaysia	46942
Senarai_bandar_raya_di_Malaysia	10461
Pilihan_Raya_Umum_Malaysia_2004_-_Perlis	93543
Persatuan_Belia_Buddhist_Malaysia	15651
Rancangan_Malaysia_Kesembilan	29733
Bola_sepak_Malaysia_1990-an	40182
Fakulti_Kejuruteraan_Mekanikal,_Universiti_Teknologi_Malaysia	294409
Masjid_di_Brunei	232449
Multaqa_Asatizah_&_Duat_Malaysia	654177
Perbendaharaan_Malaysia	42544
Hubungan_Malaysia_-_Mesir	185343
Iskandar_Malaysia	43489
Pertubuhan_Kebangsaan_Melayu_Singapura	6011
Filem_Malaysia_tahun_1997	12092
Filem_Malaysia_tahun_1996	3518
Filem_Malaysia_tahun_1995	12093
Filem_Malaysia_tahun_1994	12094
Persatuan_Ulama_Malaysia	193954
Filem_Malaysia_tahun_1992	12096
Filem_Malaysia_tahun_1991	12097
Filem_Malaysia_tahun_1990	11160
Menteri_Perusahaan_Perladangan_dan_Komoditi_Malaysia	658193
Filem_Malaysia_tahun_1999	3506
Filem_Malaysia_tahun_1998	12091
Senarai_penyanyi_lelaki_Indonesia	38271
Mahkamah_Malaysia	29590
Amanah_Ikhtiar_Malaysia	144024
Ekologi_Malaysia	23961
Hubungan_Malaysia–Syria	452867
Parti_Keadilan_Masyarakat_Malaysia	797647
Sejarah_Brunei	133910
Taman_Kanak-kanak_Bentara_Indonesia_I	215434
Fakulti_Biosains_&_Biokejuruteraan_(FBB),_Universiti_Teknologi_Malaysia	294708
Hari_Kebangsaan_Malaysia	45636
Institut_Penyelidikan_Perhutanan_Malaysia	34657
Pendekar_Melayu_Terakhir	208498
Orang_Melayu_Myanmar	256948
Piala_Malaysia_1963	187315
Piala_Malaysia_1962	187078
Menteri_Penerangan,_Komunikasi,_Kesenian_dan_Kebudayaan_Malaysia	134705
Persatuan_Linguistik_Malaysia	322541
Koperasi_Angkatan_Tentera_Malaysia_Berhad	156721
Wisma_Bapa_Malaysia	795159
Kongres_Bahasa_dan_Persuratan_Melayu	313980
Taman_Kanak-kanak_Bentara_Indonesia_1	215417
ExxonMobil_Exploration_and_Production_Malaysia_Inc	205299
Silat_Hidayah_Melayu_Sarawak	144043
Senarai_Presiden_Indonesia	5667
Muzium_Belia_Malaysia	13454
Polis_Pelancong_Malaysia	22384
Senarai_stesen_radio_Indonesia	30337
Kamus_Istilah_Linguistik_Arab-Inggeris-Melayu	741277
Persatuan_Pelajar_Malaysia-Jerman	38410
Katalog_Manuskrip_Melayu_Koleksi_Perpustakaan_Negara_Malaysia	434297
Jabatan_Pendaftaran_Pertubuhan_Malaysia	146240
Perhimpunan_Masyarakat_Indonesia	155212
Sejarah_perlawanan_bola_sepak_di_antara_Malaysia_dan_Qatar	430531
Demografi_Malaysia	45628
Orang_Cocos	235611
Kejaksaan_Agung_Republik_Indonesia	59196
Masjid_Brunei_Darussalam	769861
Persaingan_bola_sepak_Malaysia-Singapura	764254
Rupiah_Indonesia	5688
Malaysia_Vasudevan	336262
Persatuan_Pencinta_Alam_Malaysia	43321
Persatuan_Bekas_Polis_Malaysia	142476
Senarai_sekolah_rendah_di_Malaysia	217299
Hak_LGBT_di_Brunei	284793
Siam_Malaysia	222726
Agensi_Nuklear_Malaysia	12695
Malaysian_Honda_Civic_Club	707398
Kata_hubung_(bahasa_Melayu)	5662
Loji_Penapis_Minyak_di_Malaysia	17233
Waktu_Piawai_Malaysia	104778
Sastera_Melayu	24930
Kepimpinan_dan_Pembangunan_Pelajar_Sekolah_di_Malaysia	201162
Pergerakan_Puteri_Islam_Malaysia	15671
Hubungan_Malaysia_-_Turki	757093
Destinasi-destinasi_Penerbangan_Malaysia_dari_Medan	71231
Sempadan_Malaysia-Thailand	88419
Sastera_Indonesia	16789
Badan_Bebas_Pemantau_Pilihan_Raya_Malaysia	95068
Gua-Gua_Batu_Kapur_Di_Semenanjung_Malaysia_Dalam_Perspektif_Arkeologi	608930
Grand_Prix_motosikal_Malaysia	100517
Bond_Markets_in_Malaysia_&_Singapore	740927
Persaingan_bola_sepak_Malaysia-Thailand	764414
Senarai_poskod_di_Malaysia	136362
Putera_Mahkota_Brunei	709786
The_Fruits_Industry_in_Malaysia	741678
Pasukan_bola_sepak_kebangsaan_Brunei	143911
Penerbangan_653_Malaysia_Airlines	218931
Ultra_(Malaysia)	26715
Persatuan_Perlindungan_Pengguna_Malaysia	146383
Kepimpinan_Pendidikan_di_Malaysia	201218
Senarai_gerakan_mahasiswa_Indonesia_1998	41305
Senarai_Sekolah_Rendah_Tamil_di_Malaysia	175124
Dolar_keluaran_kerajaan_Jepun_di_Malaya,_di_Borneo_Utara,_di_Sarawak_dan_di_Brunei	162376
Taman_Kanak-kanak_Mutiara_Indonesia	224095
Dialog_Bahasa_Melayu:_Bahasa_Melayu_sebagai_Bahasa_Ilmu_Tinggi	734480
Lencana_pangkat_Angkatan_Tentera_Malaysia	107159
Menteri_Kerja_Raya_Malaysia	140923
Pendudukan_Jepun_di_Tanah_Melayu,_Borneo_Utara_dan_Sarawak	20691
Akademi_Bahasa,_Universiti_Teknologi_Malaysia	294717
66_Usahawan_Malaysia	200030
Standard_Guru_Malaysia	101563
Perhubungan_Indonesia_-_Singapura	31077
Taman_Kanak-kanak_Islam_Baiturrahim_Cip._Melayu	226071
Singapore_Airlines	11345
Republik_Malaysia	144509
Senarai_parti_politik_berdaftar_di_Malaysia	748639
Spesies-spesies_Kayu_dalam_Seni_Ukiran_Melayu	193220
Pantang_larang_Melayu	54383
Jabatan_Bomba_dan_Penyelamat_Malaysia	142991
Majlis_Perundingan_Melayu	746835
Senarai_Akronim_Di_Malaysia	434280
Senarai_ikan_dari_Malaysia	316944
Institut_Penimbangtara_Malaysia	194636
Senarai_Pengeboman_di_Indonesia	16773
Dimensi_Sosial-ekonomi_Pemuliharaan_dan_Penggunaan_Buah-buahan_Tradisional_di_Kebun_Halaman_Rumah_dan_di_Dusun_Semenanjung_Malaysia_(Laporan_MARDI_No._208)	192111
Ekonomi_Indonesia	14221
Disney_Channel_Indonesia	330344
Penswastaan_di_Malaysia	33402
Jawatankuasa_Persiapan_Kemerdekaan_Indonesia	57664
3_Jewels_in_Concert:_Misha_Omar,_Jaclyn_Victor_&_Adibah_Nor_Live_at_The_Esplanade,_Singapore	355928
Empangan_Hidro_yang_pertama_dan_tertua_di_Malaysia	40812
Scenes_of_Malaysian_Life	709751
Dausa,_Indonesia	352310
Imbasan_Ekonomi_Malaysia_-_2007	89902
Menteri_Pembangunan_Wanita,_Keluarga_dan_Masyarakat_Malaysia	658197
Sejarah_orang_Yahudi_di_Malaysia	41603
Filem_Malaysia_tahun_2010	191342
Jawatankuasa_Kira-kira_Wang_Awam_Malaysia	84385
Perpustakaan_Negara_Malaysia	148859
Taman_Kanak-kanak_Putra_Indonesia	224296
Cartoon_Network_Malaysia	25884
Undang-undang_hak_cipta_Malaysia	114369
Rondaan_Operasi_Penguatkuasaan_Maritim_Malaysia	156744
Liga_Premier_Malaysia_2014	666537
Liga_Premier_Malaysia_2015	751648
Kohort_Malaysia	711047
Bank_Islam_Malaysia	14206
Kementerian_Kesihatan_Malaysia	89792
Pemisahan_Singapura_daripada_Malaysia	14540
Islam_di_Indonesia	17723
Taman_Syarikat_Melayu	167141
Orang_Melayu_Brunei	319657
Malaysia_Baru	797629
Malaysiakini.com	99289
Brigade_Puteri_Malaysia	15640
Liga_Perdana_Malaysia_2007-08	144970
Indonesia_Raya	2615
Kongres_Bowling_Sepuluh_Pin_Malaysia	82749
Kemiskinan_di_Malaysia	227329
Filem_Malaysia_tahun_1988	11158
Filem_Malaysia_tahun_1989	11159
Sukan_Malaysia	30209
Pusat_Perubatan_Universiti_Kebangsaan_Malaysia	26318
Wanita_Pertama_Malaysia	286031
Filem_Malaysia_tahun_1980	11089
Filem_Malaysia_tahun_1981	11090
Filem_Malaysia_tahun_1982	11115
Filem_Malaysia_tahun_1983	11116
Filem_Malaysia_tahun_1984	11145
Filem_Malaysia_tahun_1985	11147
Filem_Malaysia_tahun_1986	11151
Filem_Malaysia_tahun_1987	11155
Politik_Malaysia	29580
Senarai_Orang_Malaysia_mengikut_Etnik_dan_Keturunan	49037
Polis_Negara_Indonesia	9028
Pendidikan_di_Indonesia	330017
Agensi_Angkasa_Negara_Malaysia	76082
Keusahawanan_Remaja_Malaysia	741303
Pasukan_bola_sepak_kebangsaan_Malaysia	46657
Universiti_Nottingham_Malaysia	104911
Kabinet_Malaysia_2009	141625
Imbuhan_kata_sifat_bahasa_Melayu	195538
Taman_Kanak-kanak_Putra_Indonesia,_Jl._Tirtasari_II	215065
Menteri_Besar_dan_Ketua_Menteri_di_Malaysia	37700
Jalan_Kempas,_Malaysia	291897
Pilihan_raya_kecil_di_Malaysia	141369
Riang-riang_Gergasi_Malaysia	321842
Ikatan_Masyarakat_Islam_Malaysia	196716
Senarai_akhbar_di_Indonesia	100879
Senarai_lapangan_terbang_Indonesia	10567
Laluan_Persekutuan_Malaysia_102	612132
Sejarah_bola_sepak_Malaysia_menentang_Arab_Saudi	490505
Penerbangan_370_Penerbangan_Malaysia	717712
Tumasek,_Brunei	126210
Senarai_tokoh_Melayu	256653
Muzium_Angkatan_Tentera_Malaysia	150322
Sentimen_anti-Malaysia_di_Indonesia	137128
Waktu_Piawai_Indonesia	125928
Suruhanjaya_Syarikat_Malaysia	185966
Jabatan_Peguam_Negara_Malaysia	7459
Dunia_Sains_Aiman_2_-_Dari_Rusia_ke_Malaysia	200631
Bahasa-bahasa_Indonesia	706970
Kemerdekaan_di_alam_Melayu	38032
Taman_Pertanian_Universiti,_Universiti_Putra_Malaysia	357103
Keputusan_pasukan_bola_sepak_kebangsaan_Malaysia	288369
Islam_di_Brunei	56188
Liga_Super_Malaysia_2007-08	144967
Persatuan_Bola_Sepak_Melayu_Malaysia	41446
Universiti_Islam_Antarabangsa_Malaysia	1403
Kongres_India_Muslim_Malaysia	168241
Hubungan_Malaysia_-_United_Kingdom	219992
Laluan_Persekutuan_Malaysia_11	349776
Laluan_Persekutuan_Malaysia_10	349560
Liga_Hoki_Malaysia_2014	763688
Senarai_leksikologi_bahasa_Melayu/Z	172421
Brunei	2008
Senarai_leksikologi_bahasa_Melayu/Y	172417
Senarai_leksikologi_bahasa_Melayu/R	172408
Senarai_leksikologi_bahasa_Melayu/S	172404
Senarai_leksikologi_bahasa_Melayu/P	172349
Hukuman_merotan_di_Malaysia	20624
Senarai_leksikologi_bahasa_Melayu/T	172348
Senarai_leksikologi_bahasa_Melayu/U	172407
Senarai_leksikologi_bahasa_Melayu/J	172354
Pilihan_raya_umum_Malaysia_1974	35891
Senarai_leksikologi_bahasa_Melayu/H	172409
Senarai_leksikologi_bahasa_Melayu/I	172401
Lambang_negara_Malaysia	7880
Senarai_leksikologi_bahasa_Melayu/O	172412
Senarai_leksikologi_bahasa_Melayu/L	172403
Senarai_leksikologi_bahasa_Melayu/M	172400
Senarai_leksikologi_bahasa_Melayu/B	172350
Senarai_leksikologi_bahasa_Melayu/C	172351
Senarai_leksikologi_bahasa_Melayu/A	172402
Pilihan_raya_umum_Malaysia_1978	35865
Senarai_leksikologi_bahasa_Melayu/D	172406
Senarai_leksikologi_bahasa_Melayu/E	172418
Senarai_perwakilan_Brunei_Darussalam_di_luar_negara	54504
Ikatan_Relawan_Rakyat_Malaysia	200051
Parti_Punjabi_Malaysia	195362
Politik_Parti_Islam_Se-Malaysia_2008	95371
Masyarakat_Indonesia_Di_Sabah	172476
Pilihan_raya_umum_Malaysia_1999	35835
Orang_Indonesia_di_Amerika_Syarikat	163723
Pilihan_raya_umum_Malaysia_1995	35889
Parti_Kebangsaan_Melayu_Malaya	85807
Pilihan_raya_umum_Malaysia_1990	35887
Bantam,_Kepulauan_Cocos_(Keeling)	378230
Persatuan_Bola_Sepak_Felda_Malaysia	746734
Malaysiantalents.com	91330
Suruhanjaya_Hak_Asasi_Manusia_Malaysia	33656
Politik_masyarakat_Cina_Malaysia_2008	97259
Istilah_ketenteraan_dalam_Bahasa_Melayu	104844
Akhbar_Klik4Malaysia	339297
Sekolah_Kebangsaan_Institut_Pendidikan_Guru_Malaysia	276782
Republik_Indonesia_Syarikat	689884
Pos_Malaysia	119003
Penontonan_Filem_Cereka_di_Malaysia	401126
Senarai_stesen_televisyen_Malaysia	3006
Senarai_kata_pinjaman_dari_bahasa_Sanskrit_dalam_bahasa_Melayu	42240
Senarai_Menteri_Pendidikan_dan_Kebudayaan_Indonesia	330539
Disney_Channel_Malaysia	100196
Keberkesanan_Graduan_Filem_Lepasan_IPTA/IPTS_Di_Malaysia	433514
Perempuan_Melayu_Terakhir	26444
The_Malaysian_Book_Of_The_Undead	124903
Reading_Profile_Of_Malaysians,_1996	434278
Institut_Penyelidikan_Getah_Malaysia	34648
Ayat_inti_(bahasa_Melayu)	34280
Silat_Kalimah_Malaysia	75402
Belanjawan_Malaysia_2010	173939
Sekolah_Menengah_Kebangsaan_Muara_Indonesia	232288
Hubungan_Greece_–_Malaysia	333175
Festival_Filem_Malaysia	156479
Filem_Malaysia_tahun_1947	11035
Majlis_Mesyuarat_Negara_Brunei	341421
Galeri_B:_Kerajaan-Kerajaan_Melayu	609037
Liga_Piala_FAM_Malaysia_2009	666970
Laluan_Persekutuan_Malaysia_7	404603
Sekolah_Kebangsaan_Sungai_Melayu	256354
Radio_Televisyen_Malaysia	14081
Battlefield_Guide:_The_Japanese_conquest_of_Malaya_and_Singapore,_December_1941-February_1942	430352
Sekolah_Menengah_Pertama_Permata_Kasih_Indonesia_School	216462
Financial_Derivatives:_Markets_and_Applications_in_Malaysia	741235
Kelab_Bolasepak_Staf_Universiti_Sains_Malaysia	182644
Persaingan_bola_sepak_Malaysia-Myanmar	764445
Malaysia_2.0_(album_Paperplane_Pursuit)	324700
Senarai_taman_negara_di_Malaysia	45960
