गैह्रागाउं	6060
खाम्लुङ	23562
रयाले_बिहावर	27596
सरमथली	27566
दमेक	4039
पापुङ	23589
अयोध्यानगर	31242
मसिना	26196
जडमेला	69422
लिभरपुल_कलेज	66073
पिङखुरी	64149
बाबरे	29226
नारद_पोखरी	44966
गजेडी	6069
ह्वामा	26208
दुर्छिम	15675
बस्ती	26013
दिपायल_सिलगढी_नगरपालिका	6382
ओख्रे,_भोजपुर	26968
दुर्गौली	5871
थोक्लुङ	14363
शान्तिपुर,_गुल्मी	27967
ओखले	27165
सत्यवती	27896
दर्सिङ_दहथुम	4082
हरिसिद्धी	23279
बक्राङ	31432
कुरुलेतेनुपा	26914
बराह_गा.वि.स.	14225
हजरीया	29837
मुक्सर	31299
वाणगंगा_नगरपालिका	74713
रुपाकोट	27960
तोसी	26000
सुन्दरीमाई_मन्दिर	57370
सानानी	69634
लामिखाल	32797
सिद्धपोखरी	23708
खोलागाउँ,_रुकुम	33135
स्याङबोचे_विमानस्थल	47519
प्रिती,_रामेछाप	31510
लक्ष्मीनिया	26746
उर्लेनी	29533
भजनी	30718
इटहरवा,_सिराहा	31335
खतिवडा_गाविस	32835
गडराय	6046
पञ्चमुल	34045
कास्कीकोट	33378
फोक्सिड	6023
जलजले	14360
धर्ना_गा.वि.स.	28826
सिस्वानी	31324
दशरथपुर	4084
सेरी_दार्चुला	26794
नागदह	35168
थुम्की	33388
रुम	26094
जुबिथाँ	28050
सुतार	26028
पडरिया_थारुटोल	31272
पनौती_नगरपालिका	6392
शिखर_आम्वोटे	27567
पकली	26878
नाडा	26005
ह्याङ्लू	33006
फाक्तेप	23476
पैंक	29678
तिनदोबाटे	34035
पुलाचौर	32320
खप्तड_ताल	76845
जुगाडा	26064
कदमबास	27056
पकरी	23778
कालीकोट_जिल्ला	6565
डाढा	4016
असिगडा	69448
नगरकोट	9085
अर्लाङकोट	27910
जौलीपोखरी	26182
पाख्रीबास	26943
गजरा	6066
आरुचौर	34016
रवी,_पाँचथर	23482
ओलेने	23466
सल्लेरी	26103
बिर्तामोड_नगरपालिका	6600
बिच्छया	26071
उचिडिह	26275
अर्बेनी	27909
मालु	29248
साउने	27192
काठमाडौं	1845
बनेपा	6300
चिपुर	3970
बकधुवा	23789
शिवालय,_पर्वत	33053
अजयमेरु	32504
घोराही_नगरपालिका	25469
सातफेरी	32816
थर्पु	23469
चनखु	3824
दिपही	5861
पिपल_गाविस	33110
क्षेत्रपा	3938
धनगढी_नगरपालिका	4289
मालिका,_बागलुङ	33267
बाङ्गेसाल	26246
दर्ख	4075
तोली	10741
ढोढरी	5810
विद्यापुर	3725
धर्हारी	4309
दलगाउँ	26990
तुसारा	26225
आगिन्चोक	29594
भोडाहा	26334
पौवागढी	26132
मगरागढी	31801
सिउरी	26204
धिताल_गाविस	33387
नयाँगाउँ_देउपुर	27536
रामनगर	29748
धुलिगाड	5819
नरेश्वर	31427
खुम्जुङ	35742
दरौ	34039
पाटन_दरवार_क्षेत्र	9206
सालधारा	27587
सानोवाङथली	27585
फिदिम_नगरपालिका	6645
चाल्नाखेल	30345
फुलहट्टा_पारीकाउली	6028
मल्याङकोट	34055
कोल्टी	26058
गजुरी	6072
टाडी	23366
अनिरुद्र_महादेव_मन्दिर	69078
घण्टेश्वर	32799
मिल्चे	27575
सिसवनिजहदा	23403
मागापौवा	29251
शंकरपुर,_कञ्चनपुर	32939
खड्गभन्ज्याङ	29538
नाल्मा	33185
अमलेखगंज	6595
पावाखोला	23692
शे-फोक्सुण्डो_राष्ट्रिय_निकुञ्ज	4777
आग्रीगाउँ	29105
खजुराखूर्द	31664
फिरफिरे_गाविस	42781
पाण्डवगुफा	29042
मत्स्यपोखरी	23696
उग्रतारा_मन्दिर	66382
अम्मटे	77047
सगरमाथा_अञ्चल	3237
कैलपालमाण्डौ	32520
यम्घा	27879
गौर_नगरपालिका	6396
देवचुली	4242
अन्नपूर्ण,_भोजपुर	26966
देउलीचौर	4091
हाडहाडे	27976
बलिथुम	27952
महादेवस्थान,_डोटी	32833
लामिडाँडा,_दोलखा	29241
ग्वानी	26777
ताँखुवा	26923
काकु	31994
घ्याचोक	31407
अनकार	31839
धारी	4310
बुढाखानी	3885
सेर्ना	31595
पुरैनिया	26310
फाप्लु	13025
बाँझो	5024
ताचैबगरछाप	32281
सक्ला	29684
परस्पुर	31673
कालिञ्चोक	29211
ढाकु	25994
मेलुङ	29246
बेलापुर	32510
दुनै	5927
शिखरपुर	27115
दुल्लु_नगरपालिका	5914
चौहा	3862
बुद्धवाटिका_नगरपालिका	74755
ढाकावाङ्	3283
टक्सार,_स्याङ्जा	34030
थिङलाबु	23604
ज्यामिरे,_पाल्पा	27866
देवानटार	4259
खार_दार्चुला	26774
फिकुरी	6020
भिम्मापुर	31800
हर्कपुर	31586
दग्नाम	4021
मुसिकोट	16576
गैरीमुदी	64192
सुनकोट	69558
दहखानी	4026
कालीका,_कास्की	33377
लेखनाथ_नगरपालिका	6286
ऋषिदह	25974
बिसुखर्क	3786
मझौरा	31292
मालिङ	33202
कोर्तांग	29669
फतुवा_महेशपुर	26731
पिना_गाविस	32992
अछाम_जिल्ला	2763
दुध_पोखरी	5906
सेटी	33005
टंकीमनाङ	32280
काभ्रेपलाञ्चोक_जिल्ला	1844
शंखुपाटीचौर	27569
कुवाकोट	30586
खडगपुर	23754
शारदा_नगरपालिका	76608
रामारोशन	26037
मटेला,_सुर्खेत	29130
चमैता	5007
गोविन्दपुर_तारेग्ना	31258
कुसुमखोला	27852
चौराठा	3870
चिसापानी_(मग्यम)	3976
धनगढी_विमानस्थल	7047
किम्तोली_गाउँ	69256
घाचोक	33381
हथियाही	26762
दन्तकाली	11108
मानपुर,_दाङ	28844
कल्यान	29107
नवमीडाँडा	23470
गैंडाकोट_(नवलपरासी)	3244
रजहर	29747
कालेश्वर	23253
सीतापाइला	30380
घुसा	26778
गंगा_पिपरा	26680
बिजौरा	3732
शिबरथा	32384
पुरानागाउँ	31507
पिपलडाँडा,_पाल्पा	27891
श्रीनगर_बैरिया	26351
जमुनिया,_सर्लाही	29844
मग्याम_चिसापानी	34054
तार्कु	33181
दिधावा	5851
खवाङ	26217
केउरेनीपानी	26972
गढा	31257
निसी	33254
दुबिया	5901
वाना	23703
जितपुर	26290
लिङ्गतेप	23603
जङ्कोट	5974
छाप	3922
तिखातर	32804
गोत्री	26060
तनहुँसुर	42774
फटकशिला	27092
छाङ	3920
कोल	33099
भलुवा	26897
सूर्योदय_नगरपालिका	64258
भट्टेडाँडा	23270
डिही	76997
कर्थली	27058
तनमुना	26875
रजवारा	26239
नुवाकोट,_अर्घाखाँची	27842
रामगञ्ज_बलगछिया	26889
अर्खौँले_जितपुर	26912
मानेभञ्ज्याङ,_भोजपुर	27004
छिप्रा	3946
पाइल	26006
धर्मावती	26230
डाँडाखर्क_(दोलखा)	4054
ढल्केबर	4273
ओख्रे,_तेह्रथुम	14355
भगवती,_अर्घाखाँची	43727
दार्चुला_जिल्ला	2789
कोटीला	30582
गरामनी	23313
गोठादी	27862
आरु_अर्बङ	31394
दैनिया	4030
देउलेख	4105
सुदूर-पश्चिमाञ्चल_विकास_क्षेत्र	9563
सपही	26352
गुल्मी_जिल्ला	2757
बाँझकटेरी	27954
भुम्लिचोक	3712
सिंहासिनी	26353
कुपिण्डेदह	32362
मर्यादपुर	26733
टंकिसिनवारी	23364
पाला	33255
सिम्रा_भवानीपुर	26759
हुवास	33056
आश्राङ	23251
लोब्रेकुटी	44051
भरतपुर_विमानस्थल	7035
मालिकाबोता	29054
कोटदेवल	26126
ग्राण्ड_होटल_काठमाडौं	55247
सिँगौडी_गा.वि.स.	10713
बिन्दवासनी	32561
दहकालिकास्थान	4025
भोर्ले,_रसुवा	33082
दरवार_देवीस्थान	4071
तेलकुवा	26296
मार्कु	26041
कवहीजब्दी	26280
ढकारी	25993
बेलौरी_नगरपालिका	76739
भट्टराईगाऊ	77040
तकसेरा	33109
भारदह	3627
सोलुखुम्बु_जिल्ला	2739
पाताले_छाँगो	26948
बगरकोट	32512
चन्द्रअयोध्यापुर	31263
कोशी_हरैंचा_नगरपालिका	23353
सखुअवा_धमौरा	26751
कल्याणपुर	23747
चैनपुर,_संखुवासभा	3911
दर्मा	4080
झिरुवास	27868
दानाबारी	4044
रानीटार	23484
बदालकोट	12860
राजघाट	23390
पेल्काचौर	34042
ताम्ती	29038
पिसाङ	32284
लालवोझी	30727
अमलाचौर	33238
धोदेनी	5807
जमुना	5008
श्रीभञ्ज्याङ	33204
झापा_जिल्ला	2714
फुलासी	31531
नुनढाकी	23689
सिम्ली	33127
निर्मलपोखरी	33390
सुगा_मधुकरही	30794
तम्घास	6585
सिस्ने,_रुकुम	33128
खराङ	23685
हरिपुर,_सुनसरी	26907
वाला	23704
सैंबु	23278
फोतू	32997
देवीटार	4255
नारायणगढ	12098
आठबीस_डाँडागाउँ	33097
पाटन_नगरपालिका	73573
दाङबाङ	4063
बज्रयोगिनी	16500
UTC+०५:४५	62644
टेंग्राहा	26693
महादेवपट्टी	32568
श्री_कृष्ण_प्रणामी_धर्म_महोत्सव	73672
छहरा	3876
खरेलथोक	27528
हिमश्रृङ्खला	33482
मेची_अञ्चल	2723
काष्ठमण्डप	49461
खुमेल	26171
अमरदह	23349
भद्रपुर_नगरपालिका	6312
कौवा_बनकटैया	32527
चण्डी_भञ्ज्याङ_२	3830
बिगु	3726
शोभा_गाविस	33126
पर्सा_वन्यजन्तु_आरक्ष	5118
लयाँटी_बिन्द्रासैनी	14227
बाँझाखेत	33196
सुनखानी,_नुवाकोट	29561
पाटिगाँउ	23375
भैरीकालिकाथुम	26090
रप्ला	26783
राजापुर_नगरपालिका	35977
पेउघा	33114
बसन्तपुर,_बैतडी	30604
दुली	5913
बुंगादोभान	3802
तेल्लोक	23571
बिसुन्पुर्वा_मनपुर	3788
आरुखर्क	34017
बन्जरहा	26725
खैराला	30696
उर्मा	30693
कोल्हवी	26282
बुदेबारसैएं	3794
गुलिजार	26775
चित्लाङ	3979
पकरबास	31505
सिद्धिचरण_नगरपालिका	64466
राम्चे,_म्याग्दी	32499
बांधु	26069
फकिरा	5893
गुम्दा	31403
पुन्मा	29658
जाजरकोट_जिल्ला	2776
जुफाल	32968
बसन्तटार	26928
काकँडा	69427
डुकुछाप	23264
घाँजरीपिपल	32367
छोप्राक	3952
किमालुङ	26969
बिजयपुर,_बैतडी	30607
राष्ट्रिय_प्रहरी_प्रशिक्षण_प्रतिष्ठान	70903
बेलभार	31681
ताक्लुङ	31414
माझकोट	76459
पाँचगाछी	23329
लिवाङ्ग	23596
संकटा_मन्दिर,_काठमाडौं	57560
धुसेनी	5001
कञ्चनपुर_जिल्ला	2793
धर्म_नगर	4311
मैदान	3218
चोकटी	27069
असिग्राम	32503
जफे	29216
मिझिङ	26197
सिसहनिया,_दाङ	28801
न्यारच्याङ	32311
दियाले	5980
कालभैरव	9915
नेपालका_विश्व_सम्पदा_क्षेत्रहरूको_सूची	77449
चुवा	61386
भाचोक	33394
हरिपुर,_सप्तरी	23838
चुलाचुली	3995
डाँडाखर्क,_दोलखा	29221
फलामखानी_गाविस	33039
हाट,_बैतडी	30638
हुती	26796
फुरुम्बु	23579
अमरापुरी	7688
भार्ते	33198
पिप्रा_प्र._ध.	31274
खार्पाचोक	27530
सेतीदोभान	34064
औरही,_सर्लाही	29796
देउराली,_गोर्खा	31423
भरौल	3624
देवही	4097
भक्तपुर_दरवार_क्षेत्र	29654
बाणगंङ्गा	15901
उरामपोखरा	33011
बिजौरी	3733
हटैराज	30633
पुरानागाउँ_दाप्चा	27551
धन्दो_चैत्य	53531
खोक्लिङ	23565
बारा_जिल्ला	7867
जिरिखिम्ती	14361
थुम्बेदिन	23601
देवानगञ्ज	4258
खुङखानी	33241
चतुराले	29545
पुर्तिघाट	27947
मल्म	33266
तोली,_अछाम	25999
कास्की_जिल्ला	2772
तपोवन,_दार्चुला	16366
मुडभरा	32827
तोरवाङ	26226
आलम्पु	29207
दुर्गास्थान	5870
मितेरी_पुल	63405
खोक्सरप्रवाहा	23755
कच्नारी	31248
माझीफेदा	27577
निरौला_गाविस	32836
कुहुँकोट	32294
डंसिली_गाउँ	63998
हटिया,_संखुवासभा	23711
खनियापानी	31488
मावु	5029
केराबारी,_गोर्खा	31399
फुल्पिङकोट	27090
गेरडा_गाउँ	64091
त्रिवेणी,_पर्वत	33057
सिमचौर	32820
तिलाठी	23769
रातमाटे,_ओखलढुङ्गा	31610
रुकुम_जिल्ला	2773
धनसिंहपुर	4064
तेन्जिङ-हिलारी_विमानस्थल	7043
दुधपोखरी_गाविस	33183
फतुहा_महेशपुर	6014
मूलपानी,_धादिङ	32148
पाथीभरा_देवी_(ताप्लेजुङ)	16361
कुश्मा	6225
झेनाम,_रोल्पा	26183
बसन्तपुर,_सर्लाही	29897
औरैया	26675
थापाठाना	33023
हथिऔल	29838
विसं_१९९०_को_महाभूकम्प	69552
धैनकोट	4265
दुर्लुङ	5872
खोजपुर	23756
महत_गाविस	33118
बिराट	3755
आँपटार	27163
रामनगरी	32575
मंगलटार,_काभ्रे	27583
गुन्साकोट	27064
तिताबै	69411
कुरुवास_चापाखोरी	27523
कटुञ्जे_बेसी	27518
प्याङ	5019
कल्याणपुर,_नुवाकोट	29536
सल्यान,_सोलुखुम्बु	32021
गार्मा	31998
हेक्लाङ	27903
सुन्दरीजल	30382
कोइलाडी	23751
जलुके	3274
दुधौली	5904
स्याबरुम्बा	23492
केवारे_भञ्ज्याङ	34024
आमचोक	4998
डाँडागाउँ,_सल्यान	32389
जलपादेवी	5945
शालिग्राम_गाविस	33065
गुह्येश्वरी	13581
पहलमानपुर	30710
अचलगढ	29791
चन्द्र_अयोद्धापुर	3833
कालीखोला	23561
रस्नालु	64160
बोच	29228
कालिका,_हुम्ला	32185
मठिया	26712
छिनामखु	26982
इरिवाङ	5886
बाङ्गेफड्के	34048
च्याम्राङबेसी	4003
टिकाथली	23260
पाण्डौन	30713
तुप्चे	29551
चन्दननाथ	29033
चिम्डी	3966
फोक्सुण्डो_गाविस	32972
देवभुमी_बालुवा	4241
शिवगञ्ज	23343
मिथुकरम	29743
लाली_दार्चुला	26787
जयपृथ्वी_नगरपालिका	76049
खैरा	26219
बिगुटार	3727
वीरेन्द्रनगर_नगरपालिका	6376
बीरगञ्ज_उपमहानगरपालिका	6366
पौवासर्ताप	23473
महादेवपुरी	31684
जमुनी	5959
जोगमाई_गाविस	5011
आरु_चनौटे	31395
ताप्लेजुङ_जिल्ला	6102
बरुण_नदी	17002
रैकवारबिचवा	32935
जानकीनगर,_सिराहा	31337
झोङ	42842
चिलखाया	12862
जोमसोम_विमानस्थल	7044
खाण्डेश्वरी	26773
दिमिपोखरी	5860
पाङ्चा	26995
कोशी_नदी	8394
चन्द्रलालपुर	3836
खप्तड	25982
भोंजे	33200
बाराहा,_सगरमाथा	27184
तल्लादेही	30596
चौकीडाँडा	7591
जुनिया	27922
काभ्रा	32358
मल्हनिया_गम्हरिया	31295
रनियापुर	31687
दुहवी	26876
रामशिखरझाला	30725
डिलाशैनी_मन्दिर	68964
नेपाले_डाँडा	26994
जोगीदह	27171
घोडागाउँ	26175
गोकुलेश्वर_दार्चुला	26776
सिद्धार्थनगर_नगरपालिका	6642
दार्चा	4073
जगरनाथपुर	32531
लुङ्खुदेउराली	33050
सिलंगा	30626
दमाचौर	4035
माडी_नगरपालिका	75038
पूर्व_कुसाहा	26881
निचुटा	32541
बेगनास_ताल	53458
दुहागढी	23325
सिनाम	23580
लिवाङ,_प्युठान	76486
काँक्री	33100
चक्रतीर्थ	3917
बसन्तपट्टी	26723
कुभिण्डे,_खोटाङ	27216
सिमरा	69227
निलकण्ठ_नगरपालिका	29617
बम्घा	27951
अर्नामारमपुर	31240
लम्की-चुहा_नगरपालिका	68405
रौलेश्वर	30618
सिमलपानी	3267
भैरवस्थान,_पाल्पा	27883
ताप्लेजुङ_नगरपालिका	35438
दिगम्बरपुर	5854
हैबुङ	27126
थलहाकटहा	31267
भवनीपुर_कालाबन्जर	31289
बर्दिया_जिल्ला	2759
थालारैकर	29664
रुकुमकोट	7880
खोलेगाउँ	29539
रिलु	26141
खानीखोला	29112
जलेश्वर_नगरपालिका	6395
सोनापुर	26905
ठैब	23263
दिर्बुङ	5979
डोल्पा_जिल्ला	2785
ताराताल	31792
तनहुँ_जिल्ला	2779
सुकाढिक	33003
दर्लामडांडा	4077
राजपुर,_दाङ	28824
इनर्वामाल	26273
रजेना	29134
रम्दी	26240
रामपुर्वा	26345
भेडेटार	6598
उदयपुर_जिल्ला	2737
राकाथुम	31521
गम्हरिया_महेशपुर	31256
खुंगा	33242
देउराली,_पर्वत	33025
बकलौरी	26903
गुजर_गांजरी	30589
पाखापानी,_पर्वत	33063
झोर_महांकाल	30349
बगही,_पर्सा	32597
अमाहिबेला	26863
पञ्चरुखी	32542
सर्दीखोला	33409
अर्छानी	29675
झुले	29218
राम्चे,_रसुवा	33092
तिराम	52507
दिव्यपुरी	5850
भाग्यश्वर	26023
भक्तपुर_जिल्ला	1843
जुम्ला_जिल्ला	2786
धापाखेल	4297
रमाइलो	49874
सकरपुरा	23831
पाङ्गलुङ्ग	77001
ठाकुरद्वारा	31789
कर्णाली_अञ्चल	2732
बिरवागुठी	32563
लुभु	23274
हस्तीचौर	27975
महोत्तरी_जिल्ला	2742
सिमा	29663
समुन्द्रदेवी	29592
ललितपुर_जिल्ला	1842
बराम्ची	27087
आङसराङ	23461
जिमा	32995
काँडेवास	33239
फेक	6019
काशीगाउँ	31398
फक्ताङ	5895
ग्वाल्लेक_केदार	68974
बनकट्टी	31676
खड्का_भद्रकाली	30339
खनालथोक	27527
ओलिगाउँ	25975
भगवतीपुर,_सर्लाही	29808
नेले	32012
सप्तरी_जिल्ला	2721
भीमफेदी	3666
बल्थली	27558
गोसाइँकुण्ड	31134
गुम्देल	31493
भाल्चे	29589
भुर्तुङ	27928
ब्यासी_गाविस	3909
कुल्देवमान्डौ	26055
धरहरा	4817
पंचरुखी	26700
खरिबोट	31404
घर्तीगाउँ	26174
आम्तेक	26967
उपल्लाबाटुला_गाउँ	69240
देविचौर	23265
वागेश्वरी	31691
गाईदह_भेलपुर	6057
स्यालापाखा	33130
उग्रचण्डी_नाला	27515
मरेङ	3272
भाकाञ्जे	32018
मादीरामबेनी	23699
नेगडा	23777
सानोसिरुबारी	27117
धनचौर	3284
बाँग्रे	33194
लेटाङ्ग	23392
बुढी_मोरङ	30326
वडकादियाले	27268
गौरीशंकर,_सर्लाही	29834
भौनेली	30609
गमगढी	8845
गर्ज्याङ्गकोट	29031
सिर्प	26205
चिदिपानी	27864
काल्सैनी_मन्दिर	67860
वडाचौर	26202
दुईपिपल	29555
मात्तिमविर्ता	27256
खतिवडा	4889
खिम्ती	31490
साया	32203
साँखु	55144
मल्लादेही	30612
नमस्ते_झरना	64171
हल्दे_कालिका	29559
कुर्घा	27914
ठूलीपोखरी	33020
पिस्कर	27094
कचोर्वा	26277
नागदह,_रामेछाप	31506
मसुरिया	30719
पोर्ताहा	23786
होटल_स्पेस_माउन्टेन	55242
शिवलिङ्ग,_बैतडी	30632
भूमेश्वर	30608
भोटसिपा	27081
भोगटेनी	23381
कुलुङ,_भोजपुर	26971
छेस्काम	32001
अर्खवाङ	27907
सरौखोला	33055
सासापुर	29885
कोटवाडा	28047
सिक्रे	29562
मलाही	26734
विराटनगर_विमानस्थल	7034
बन्दीपुर	12093
बेनौली	26327
ओखरबोट	32297
बाँके_राष्ट्रिय_निकुञ्ज	47227
लाम्रा	29052
गर्खा	69713
सिन्धुकोट	27118
गोगनपानी	10733
घेत्मा	33105
दन्तोला	4065
देवीपुर,_सिराहा	31338
धिरापुर	5798
घनपोखरा	33173
चौलाखर्क	3868
राँक	26199
सोल्टीहोटल	76995
दाङसिङ	33385
बयाला	26010
कोल्मा_बराहचौर	34023
खस्यौली	27854
गेर्खु	29542
गडि_वयलकाँडा	6054
पिपराविर्ता	26309
भोक्राहा	26895
मनिकापुर	31685
विजय_खर्क	3734
साउनेचौर	27274
राकम_कर्णाली_गा.वि.स.	9884
महम्मदपुर,_बर्दिया	31817
बैजापुर	31682
नौथर	33186
उत्तरकन्या	33165
राम्जादेउराली	33048
इटरी_परसाही	31246
फखेल	5892
आँखोप	23557
गोखुङ्गा	3288
पिपलकोट,_दैलेख	8890
श्रीमस्ठा	32197
चन्द्रगढी	3835
भुसिंगा	31580
आलिताल	32506
शुक्रनगर	31762
भंगरा	33041
ताकम	32319
मथुरापाटी_फूलबारी	27582
पात्लेखेत,_काभ्रे	27550
गोविन्दपुर	23360
केराबारी	23359
पोखराथोक,पाल्पा	58164
खानीगाउँ	33014
दुरगाउं	5864
पुर्तिमकाडा	33112
ताप्ले	31418
कालिका_भगवती_मन्दिर	68895
खुटवाजब्दी	26283
गोठीवाङ	26220
भटौली	3638
खनदह	3269
गराइला	33103
भुलभुले	33201
बसन्तपुर,_सुनसरी	26900
चामुण्डा,_दैलेख	55110
लेते	35741
सिसुवाखोला	23709
महाकाली,_नुवाकोट	29572
सान्ने	26940
नुम	23690
हाङ्गदेवा	23577
पदनाहा	31795
पालुङमैनादी	27890
धरमपानी,_प्युठान	4301
नर्मदेश्वर	31568
बगुवा	31431
चितवन_राष्ट्रिय_निकुञ्ज	4510
गोली	31999
फत्तेपुर,_बाँके	31699
हिच्मा	26025
पाङ,_पर्वत	33030
क्यामिन	42804
जयनगर	26687
अशिम_केदार	69080
जलथल	23319
घुस्की	26869
रामेछाप_गाविस	61267
अडगुरी	3264
तिनाउ_नदी	14154
मैनतडा	29133
मारेकटहरे	26933
देउरी	4237
खयरमारा	31845
लेकगाँउ	26144
चिमडी	26871
भरतपुर_(जनकपुर)	3619
फुकोट	28055
रामघाट	29138
मनाङ_जिल्ला	2755
बनौली	23797
घाँसीकुवा	42799
कटुञ्जे	28629
मुदी	32494
च्यानडांडा	4005
दक्षिण_एशियाली_सहयोग_सङ्गठन_सचिवालय	71240
पुरानकोट	33190
जीतपुर	5010
खाङ्सार	32278
तुलसीपुर_नगरपालिका	8720
अन्नपूर्ण_संरक्षण_क्षेत्र	43372
जिघौल	31266
रातमाटे	29570
पश्चिमाञ्चल_विकास_क्षेत्र	9558
देवघाट	4245
लेखसेल_गाउँ	69389
जगन्नाथ	26061
शम्भुनाथ_नगरपालिका	23833
जयसपुर	5943
स्यालाखदी	33129
रुपाल	32516
किहूँ	42803
हरिवन_नगरपालिका	35798
धाइजन	23327
असनपुर	31244
लेखपराजुल	29142
हरैया	26357
धरान_उपमहानगरपालिका	6324
राउतबेसी	29571
कोटजहारी	33101
कार्कीबाडा	32985
पाण्डवखानी	33256
तोलीजैसी_गा.वि.स.	10742
कालेगाँडा	25978
रूमागा	32307
हसनपुर	27020
धबौली	4261
बूढानीलकण्ठ	30365
सोताङ	32024
इलाम_जिल्ला	4436
बेल्वाजब्दी	29806
पाँचखाल	18883
झुला	33108
चिती	3978
लालढुङ्गा	69612
बडकीफुलवरिया	26318
भवानि	3646
नुवागाउँ	26190
सल्यान_गाविस	33275
बन्सार	33192
प्राप्चा	31572
अनेकोट	27514
काठमाडौं_जिल्ला	1846
सेखाम	34065
पिप्ले	14365
अमृत_साइन्स_क्याम्पस	54086
नाम्सालिङ	5015
अर्नामा_लालपुर	31241
प्युठान_नगरपालिका	26216
बेनी	6614
दखाक्वाडी	4031
माहांकाल	65027
कालीमाटी_काल्चे	32361
चन्द्रपुर_नगरपालिका	64611
गाती	27063
हांवा	29232
द्वारी	10748
रानी_पोखरी	4854
मझरिया	26335
सिद्धेश्वर,बैतडी	30625
भिई	32996
गरुडा_बैरीया	26684
धौलाकोट	5790
बनकट्वा	31679
दुर्दिम्बा	5866
सीतापुर,_बाँके	31703
भद्रपुर,_डडेलधुरा	32518
देवल_दिव्यपुर	4257
कालिका	27059
धर्मपुर_(सप्तरी)	4303
टहले_धारा	64892
तालामाराङ	27077
नागपोखरी	56954
नरही	26298
मोरङ_जिल्ला	2717
दुधाराक्छे	5903
छापाली	32801
पाताल_भुमेश्वर_महादेव_मन्दिर	68995
मध्यमाञ्चल_विकास_क्षेत्र	9556
सैनामैना_नगरपालिका	70520
रामनगर(सप्तरी)	23820
टुकुचा_नाला	27543
नरहा_बल्कवा	31269
कोचिवाङ	26215
चिलाउनेबासी	34031
लहँ	29679
घोर्थली	27068
बस्कोटी	69554
पुलेतोला	26008
ठेलिया	23768
जन्तरखानी	5975
देउरीमरुवा	4239
महावैपाथरखोला	29047
इनर्वा_फुलवरीया	23741
रौलकेदार_मन्दिर	68973
खिर्सेन	32830
ज्यामिरगढी	23321
बाह्रबिस	26070
मौवाहा	23819
बनौला	23795
मग्मा	33119
लाल_पर्सा	32590
अरेश	26162
छिन्चु	3941
डुब्रिङ	26184
सिद्धारा	3276
एतहरवकट्टी	5888
पाखा	28054
दुबाचौर	5997
स्वप्न_बगैंचा	38126
डाँडाबजार	26922
ज्यामिरे,_ओखलढुङ्गा	31604
त्रिभुवन_अन्तर्राष्ट्रिय_विमानस्थल	7031
थलाहा	23371
लहान_नगरपालिका	6399
बाक्सा	31576
बाँके_जिल्ला	2774
दल्चोकी	4033
लेखगाउ	29141
मडार	31296
खहरेपाँगु	27529
सिन्धुली_जिल्ला	2744
रुप्से	27875
साना_गाउँ	32796
न्वाली	30600
भलायखर्क	33197
व्यास_नगरपालिका	4275
तिरिङ्गे	23572
ठुलापोखरा	3294
माकादुम	31523
बझाङ_जिल्ला	2787
बुङ	3899
सुडा	32938
धनुषा_जिल्ला	2741
मत्सरी	26711
अरुनोदय	42808
नारायणी_अञ्चल	2726
ढोढना	62171
धापा	4296
धनुषकोटि_धाम	74179
बिसुन्पुरा	3787
भातखोला	3642
कालीमाटी_रामपुर	32360
बमनगामाकट्टी	23794
नामार्जुङ	33389
थोरोङला	12437
पशुपतिनाथ_मन्दिर	2005
माम्खा	31584
मोरावाङ	33121
विश्रामपुर,_पर्सा	32602
दोभाने	5982
जोगीमारा	32140
सुभाङ	23491
देउखाना	32538
गेलाँ	28049
ठूलोसिरुबारी	27075
चिसापानी,_बाँके	76324
फुलबरिया	31281
ह्वाकु	14377
अत्तरपुर	27054
रेडियो_चापाकोट	77615
कविलासी	31250
मजुवा,_साँखर	76958
बोर्लाङ	3805
तारुका	29550
ङावल	32279
रुद्रेश्वर	30619
टौदह	35170
सिसहनीया	26354
दहथुम	34038
त्रिकोल	23774
कैलास	26124
ओरस्टे	34019
जुम्ला_विमानस्थल	65039
तातोपानी	10434
कसेनी,_पाल्पा	27851
गोठगाउँ	31495
क्याङ	33013
वालिङ_नगरपालिका	6468
शिखरबेसी	29564
बारपाटा	32810
बौघागुम्बा	42828
चण्डेनी_मण्डन	27548
बानेश्वर(संखुवासभा)	23714
तेलिया	26924
सिम्राहा_सिंगियोन	23834
रामेछाप_जिल्ला	2745
जनकपुर_उपमहानगरपालिका	5967
हात्तिखर्क	26941
जलकन्या	5951
सिद्धपुर	30630
महेन्द्रज्योति	27578
चाबहिल	49463
भोक्सिङ	33043
रानीगाउँ	23483
सराङडाँडा	23488
डिल्लीचौर	29035
द्रवेश	5996
पात्लेखेत,_म्याग्दी	9873
फर्सेथ	6010
तीनथाना	30354
भुल्के	3708
पाछावाङ	26193
डाँछी	30353
लिम्बुदिन	23599
साटाखानी	29149
गौतम_बुद्ध_विमानस्थल	7036
रकुवा	29746
रुचाङ	29751
नराकोट	29040
सिसवनिवडहरा	23404
बासेश्वर	31938
दुधकोशी_नदी	17005
गणेशपुर,_डडेलधुरा	30410
टेकनपुर	27072
थकनी	27079
पट्मारा	29041
इचंगुनारायण	30335
बथनाहा	23790
गजुरमुखी	5004
बसविट्टी_जिगडीया	26722
गुदेल	32004
बराईगाउँ	32196
अमडुबा	26862
नाम्चे	32008
इनरवारी	26674
चौखाम	30593
बसबिटी	23801
धाप	4295
अमर_अर्बाथोक	27905
जल्पाचिलाउने	5953
बडहरामाल	31277
बेतौना	31288
सिटी_सेन्टर	56953
नौबस्ता	31672
मलहन्मा	23812
अन्नपूर्ण_हिमाल	8298
डाँडागाउँ,_रसुवा	33080
मधेली	26893
इनर्वा,_रौतहट	26669
आँखिसल्ला	26913
जरौली	69418
भैरवस्थान	26024
तमोर_नदी	12148
मकालु_(संखुवासभा)	23695
छायाक्षेत्र	3936
पेदाङ	23587
बेलहरी	31680
बेनी,_सोलुखुम्बु	32019
चरङ	3853
भलाम	33398
घुमथाङ	27067
केलादी	76748
कनकासुन्दरी	29027
डिलाशैनी	30595
भोर्लेटार	3693
जिनावाङ	26177
ठूलोपातल	29220
सिंहदेवी	23400
गोलागंज	26287
लिम्घा	27962
ढोडेनी	33177
उँवू	31558
रिभान	33402
साङपाङ,_भोजपुर	27016
धङलगौ	4291
सर्मी	32975
दाना	4042
पाँचथर_जिल्ला	2715
झीँ	32301
त्रिशूली_नदी	16999
ललितपुर_उपमहानगरपालिका	8717
गंजभवानीपुर	26285
फर्पु	6009
कोलाँतीभुम्लु	27525
लाटीनाथ	26786
रामग्राम_नगरपालिका	29763
शमसेरगञ्ज	31694
रिघा	33272
डाँडाफाया	4046
जोहाङ	27924
सरमथली,_रसुवा	33093
अमरनारायण_मन्दिर	38199
भुवनपोखरी	3720
तोलेनी	32802
जुमृकाँडा	26222
जनकपुर_विमानस्थल	55703
दौंघा	4092
तानसेन_नगरपालिका	6461
बाफुखोला	32383
जयखानी	27921
बाजुरा_जिल्ला	2768
ठुलादुर्लुङ	23261
तिलिचो_ताल	9054
अर्चलबोट	33160
डायनिया	23369
बिचरी_चौतारा	3721
तापेथोक	23570
जम्रेनी	69641
मधुवन_मथौल	32567
मदनपोखरा	27882
जेलवाङ	26180
इम्जा_हिमनदी	17021
रत्ननगर_नगरपालिका	6362
मालिकाठाटा	29048
कोशी_टप्पु_वन्यजन्तु_आरक्ष	8949
भदैया	31285
महांकाल,_सिन्धुपाल्चोक	27105
बाम्ती	64173
कोशी_अञ्चल	2724
ढिमे	29676
हुँगा	27930
रारा_गाविस	32998
पवननगर,_दाङ	28839
रूप्से_झरना	38491
अर्चले	27849
वेतान	29147
सुक्रौली	29765
सैघा,_दाङ	28796
फूलबारी,_ओखलढुङ्गा	31606
बिचौर	3722
छिस्ती	3947
विर्घा_अर्चले	34052
जम्बुकांध	5957
पञ्चकन्यापोखरी	14364
हंशपूर	3289
चरम्बी	3852
मस्याम	27881
गखु	31402
राप्ती_अञ्चल	2730
पटेर्वा	23776
हमरजुङ	14376
देउराली,_कास्की	33386
पसगाउँ	33187
बान्नातोली	26015
फलावांङ	32377
छिन्ताङ	3943
धामीकुवा	4279
पन्द्रुङ	31428
कृष्णपुर_बिर्ता	31253
कालीगण्डकी_नदी	4498
बिही	3730
नाङखोल्याङ्ग	23595
देवदिहा	4096
हेम्जा	33412
वर्जिवाङ	26244
कुन्चोक	27061
माधोपूर	26736
खुंग्री	26170
ब्रह्मदेव	3814
माङजाबुङ	23478
सकार_गाउँ	69419
मुस्ताङ_जिल्ला	2758
वामीटक्सार	27965
सिल्दुजूरे	33411
जोगबुडा	32521
धावा	5791
चन्द्रोदयपुर	3839
रोडि	69413
तेत्तरिया	26295
नामाडी	31504
पाखापानी,_म्याग्दी	32497
जोमसोम	4643
महेशपुर,_बारा	26340
खार्तम्छा	26975
बहादुरपुर	27885
सिँहासैन_गा.वि.स.	9883
लाङटाङ_लिरुङ	60863
कैलपाल	30585
दोहली	5986
ज्यामरुककोट	32300
भेडियाही	26713
कालिकाटार	28990
दुवाकोट	28637
यार्सा	33083
महादेवा_पोर्तहा	31297
विजयलपुर	3736
गोदावरी,_ललितपुर	27604
सोल्मा	14375
चिदीका	3282
भरतपुर_उपमहानगरपालिका	8894
बर्दादेबी	26011
रुरु	27961
डिमन	23771
सुवानावाली	29671
भिरगाउँ	26932
मार्फा	42844
नायर_नमतलेस	8848
धमौरा	4276
चन्दननाथ_नगरपालिका	3825
बेल्ही,_सर्लाही	29805
मिलनचोक	77045
शंकरपुर_दार्चुला	26788
पाङ	26192
दिक्तेल_नगरपालिका	5855
देउसा	4240
सिसाखानी	27592
जेठरहिया	26690
लक्ष्मीपुर	5014
अमरपुर,_गुल्मी	27932
स्वर्गद्वारी_खाल	26253
सिद्धिथुम्का	5040
मोली	31583
कटौजपानी	30584
हेकुली,_दाङ	28834
मिजुरेडाँडा	33401
कोटडाँडा	32986
खन	3268
कैलाशमाण्डौ	26056
स्यूजा,_दाङ	28795
कालागाउँ	25976
भैरवनाथ	26107
कविलासा	23750
नारायणहिटी_दरवार_संग्रहालय	13456
म्याग्दी_जिल्ला	2781
खिन	28048
फेदीखोला	6017
सिपापोखरे	27119
इवा	14353
धमेना	4277
PIA_उड़ान_268	29512
कालिकादेवी,_ओखलढुङ्गा	31601
झौखेल	28634
चण्डीस्थान	3832
विसं_२०७२_को_महाभूकम्प	76922
अर्खले	27933
चौबास	3987
बेसीसहर_नगरपालिका	64652
मुक्तिनाथ	4501
गौतमपुर	26868
खप्तड_राष्ट्रिय_निकुञ्ज	4783
भोटेकोशी_नदी	17003
चैनपुर,_बझाङ	26110
कानाचौर	32822
किचनास	34021
साँघुटार	31517
सन्तपूर_दोस्तीया	26753
गङ्गापुर	31668
गैरीबिसौना_देउपुर	27533
गुप्तेश्वर,_रामेछाप	31509
रिमुवा	27958
कृषि_तथा_पशु_विज्ञान_अध्ययन_संस्थान	6145
नवदुर्गा_गाविस	32509
डाम्री	4041
कैलाली_जिल्ला	2762
नवलपरासी_जिल्ला	2706
लिम्बा	23485
साँघु	23593
जगत्रदेवी	5934
शिवनाथ_धाम	69081
बुढाकोत	3886
केरुङ्गा	3292
निसिल	69453
वनकाटा	77055
नोचा	23374
मन्नाकापाडी	32825
पिपलछाप	77052
मेलौली_भगवती_मन्दिर	66385
चिकना	31264
ठूलो_लुम्पेक	27925
सुरुङ्गा	23344
बिन्ध्यावासीनी,_अछाम	26018
उइया	31397
फुल्गामा	6034
डाँडाखाली	4053
पोखरा_विमानस्थल	7033
बन्दीपोखरा	27893
हाङ्गपाङ्ग	23576
कुइनेमङ्गले	32295
ग्वादी	16919
हकुई	29759
हसनदह	23408
ग्वालीचौर	33243
बासखर्क	33064
बेल्हीचपेना	23816
बुढाकोट	26020
दलमचौर	4032
फुल्पिडकोत	6041
पञ्चमी(पाँचथर)	23496
भवानीपुर_(सर्लाही)	3649
थाहा_नगरपालिका	64603
हुग्दीशिर	33281
पञ्चकुले,_दाङ	28836
अजयमेरूकोट	68976
पनसेरा	23779
देखतभुली	4100
दहियार	4028
दोखु	5989
गोर्स्याङ	29543
चपाली_भद्रकाली	3848
बिर्तादेउराली	3766
सानोश्री	31806
बेलवा,_पर्सा	32605
सिन्द्राङ	27019
आँखिभुई	23683
देविस्थान,_बागलुङ	33285
दुबिडाँडा	5900
जैमाकसला	5938
च्यानाम,_ओखलढुङ्गा	31600
बडिखेल	23268
बूढानीलकण्ठ_मन्दिर	15815
श्री_शैल्य_शिखर_मालिकार्जुन_मन्दिर	76852
सेलाङ्ग	27122
मेहलतोली	26092
मुझुङ	27880
च्याङथापु	4006
बबिया	26902
देउराली_गाविस,_भोजपुर_जिल्ला	4108
मुना	32321
हनुमाननगर	23837
लक्ष्मीनगर	32824
घ्याङसुकाठोकर	29253
पाराकाट्ने	26130
स्याफ्रू	33091
लामाटार	23273
मूडवलवा	26738
हेलम्बू	13071
थानकोट	30355
बिराटनगर_उपमहानगरपालिका	3756
सुखौरा	33278
सरस्वतीनगर	32817
सिहोर्वा	26355
खैलाड	30697
सीता_एयर_विमान_दुर्घटना_२०६९	52438
एकम्वा	26864
बडागाउँ	32382
मधुरीजब्दी	26337
मिठुअवा	26737
हर्राचौर	27974
देपालगाउँ	29039
नवथान	26004
होटेल_पेनिन्सुला	65097
डाँगीबारी	23323
ताम्लीछा	27175
सुन्दर_दुलारी_नगरपालिका	5911
त्रिपुराकोट	32965
नहरा_रिगौल	31271
गोवरगाढा	23761
खार्पुनाथ	32187
दिकुवा	5856
थालाजुङ	31420
पौंठाक	62605
हरिहरपुर,_सुर्खेत	29151
प्रोक	31430
कनकपूर	26677
बनियाभार	31799
डाडाझेरी_टाडी	4013
कोटमौला	32364
इटहरी_उपमहानगरपालिका	6374
समागाउँ	31447
अवल_पराजुल	9913
धनुषाधाम	4293
ओखलढुङ्गा_जिल्ला	2658
धौबादी	29719
कटुवाचौपारी	33012
धुसेनी_शिवालय	27537
महादेवटार	27580
चन्द्रेश्वर	33175
खाँडादेवी_मन्दिर	38450
थिदिंखा	26989
ताङ्लिचोक	31415
श्रीकोट	30622
इटियाही	26272
कुजगाड_गाउँ	69387
आठबीसकोट	33134
आँपचौर	27912
लाहाचोक	33403
धरहरी	26698
दुल्लु_दरबार	65086
भोटेचौर	3697
टकलाक	33019
लापिलाङ	29243
टीकापुर_नगरपालिका	25837
एलादि	34018
भुमिराजमडौ	3711
गल्धा	27859
जयटार	76994
जिजोडमाण्डौ	32812
फुलेक_गा.वि.स.	13522
प्रेममपुर_गोनाही	26732
नेपालको_सर्वोच्च_अदालत	4789
गम्था	32989
धिमाल_गाविस	5797
छाता_पिप्रा	3927
चाँदबेला	26870
बोरिया	3804
प्युठान_जिल्ला	2782
भोटे_नाम्लाङ	3696
चैनपुर_नगरपालिका	64344
मिरुल	26198
भलाक्चा	33117
जोशीपुर	30702
नरम,_नवलपरासी	29723
पतौरा	26701
पुरैनी	31674
गैरिमुदी	6065
पाल्चोक	27096
ताहुं	27870
छुसाङ	3957
बेलवारी	23378
सिन्धुपाल्चोक_जिल्ला	6572
गुलरिया_नगरपालिका	12127
सोमादि	27900
सिन्धुलीगढी	15005
सेम्जोङ	32147
फस्कु	29225
सालकोट	29150
बेलहरा	26930
फाकुम्बा	23585
नाल्दुम	9645
सामरी	29563
बाग्लुङपानी	33193
चाँगुनारायण_गाविस	3842
गुर्जा_खानी	32296
खरकडा	26771
चामे	3819
डाँडागाउँ,जाजरकोट	29677
सोल्फला	69606
खुर्कोट,_पर्वत	33017
वसुदेवपुर	31692
त्रिवेणी,_उदयपुर	27177
पटौटी	3217
रावादोलू	31590
धकादाइ	4269
दिव्यनगर	5849
औरही	23744
नारीकोट	26231
निजगढ_नगरपालिका	6604
फुल्पतसी	6038
रतनपुर,_कैलाली	30724
इटहरी_विष्णुपुर	23740
मधुवन	26894
ब्रह्मा_गौघडी	31284
सखुवा_पर्सौनी	32580
बासुदेवी	32823
गौरीशंकर_हिमाल	31985
चाँगुनारायण_मन्दिर	24142
लिस्तीकोट	27114
सुन्तले	27278
बाँदीकोट	52546
फिर्फिरे	6022
कुशेश्वर_दुम्जा	31920
औराबनी	26865
छेस्कम	3937
कालिका,_डोल्पा	32978
दर्लमडाँडा	27887
निगुरादिन	23591
मौजा	33400
बरदादेबी	70517
दहवगर	4023
हाङगुम	23493
धुरकोत_राजस्थल	5839
खिरौना	31286
तेल्घा	27872
बदालपुर	31797
अम्थनी	69599
तेरहौता	23770
मुकोट	32957
सिम्पानी,_लमजुङ	33221
श्री_साँखर_मोहमी_माध्यमिक_विद्यालय	76797
टरिगाँउ,_दाङ	28830
तेतरिया	23370
कलेना	32807
छैमले	3878
चाँगे	23567
शहरतारा	32970
पातलकोट	26007
टिटिहिरिया	31670
बाँसी	14226
बुटवल_उपमहानगरपालिका	3905
बोरीया	23803
प्वाङ	33133
नारायणस्थान,_बागलुङ	33253
मालिका,_दैलेख	26091
तुराङ	27926
भुमेस्थान	3709
कुसापानी	10402
बागेश्वरी,_भक्तपुर	28639
चुङमाङ	30325
दोलखा_भीमसेन	15002
लक्ष्मणपुर	31690
इटहरा	23352
गोकर्णेश्वर	30341
सौडियार,_दाङ	28793
साकफारा	5038
देवघाट_गाविस	42776
ककनी	29535
कोशीदेखा	27526
राजगढ	23339
कटुन्जे_ववला	56113
कैलाशनाथ_महादेव_मन्दिर	26952
खाँडादेवी	31489
बाटाकाचौर	33259
अस्लेवा	27911
दिदिङ	5852
कटैया	23748
दगांजी	4056
शालिजा	33051
कार्तिकस्वामी	29028
महेशपुर,_झापा	23338
औरही,_सिराहा	31334
धनकुटा_जिल्ला	6320
भारतीपुर	3618
पेड्कु	27093
मासदेव	26136
ढिकुरा	3286
ठानामौला	33022
मानेचौर	77754
झुपु	25990
बागेश्वरी,_नुवाकोट	29579
सिवा	23490
श्रीगाँउ,_दाङ	28833
मौवाही	31306
महतगाउँ	29046
सैपु	31513
माली,_दोलखा	29249
रग्दा	29685
गदरिया	6047
दाङ_जिल्ला	2765
ब्रह्मटोल	3879
लाटिकोइली	29140
कुभिण्डे	27062
भुक्ताङले	33044
मध्यहर्षाही	26891
बिर्ता_देउराली	27560
दागपा	14273
लगाम	29139
रोल्पा_जिल्ला	2783
छतवा	3930
गैरीगाउं	6064
भीरकोट	29229
इस्मा_रजस्थल	27913
बासबोटे	27185
डडुवा	4018
जगतपुर(सप्तरी)	23738
श्रीलक्ष्मीनारायण_मन्दिर_(माईधार)	74267
हुकाम	33131
वीरपथ	3763
कोटथर	29699
थुमाकोडाँडा	33384
मर्कावाङ	26237
सुरुमखिम	23578
पटसार	76744
कलाँती_भूमिडाँडा	27519
फावाखोला	23583
चोकमागु	23468
डाँडागाउँ,_धनकुटा	26921
टिस्टुङ	28996
रविओपी	27572
कृष्णपुर,_कञ्चनपुर	32926
काचन	23749
भटना	3636
रानीशिखर	26784
लुम्बिनी_अञ्चल	2710
सितौला	26791
सिम्पालकाभ्रे	27120
राङखानी	33271
लालु	28067
लाली	32204
बाइसी_बिचवा	32932
ठाकुरबाबा_मन्दिर	53495
गदसेरा	6048
काप्रिचौर	29108
फुलकहा	6029
कोटातुल्सीपुर	30695
बिजुलीकोत	3741
सेती_अञ्चल	2733
सिराहा_जिल्ला	2722
बिजुलीकोट	31528
बाह्रबिसे,_सिन्धुपाल्चोक	27053
कालिञ्चोक_भगवती	31973
माझकोट_शिवालय	34058
ल्होत्से_हिमाल	12950
थुकिमा	23602
परासन	32928
हांकु	29049
पांग्रेटार	27098
स्वरेक	34069
तातोपानी,_जुम्ला	29037
छम्पी	3919
चौकेटार_दहचोक	3990
पराल्मी	27943
एकतप्पा	5013
मटेला	26133
लुङरुपा	23486
जनकपुर_अञ्चल	2725
महादेव_मन्दिर	68951
खोकु	26916
मनमैंजु	30368
गेडही_गुठी	26685
ठूलोगाउँ	33088
गुण्डु	28630
इमाडोल	23252
रामपुरुवा	29750
क्याक्मी	34025
जिलु	64891
चण्डी_भञ्ज्याङ	34027
कुइभीर	31559
खुवाफोक	26915
चुनवाङ	3999
पाताभार	31796
खानिगाउँ	27855
घुमखहरे	29118
घुसेल	62732
समैजी_मन्दिर	68950
त्रिपुरासुन्दरी_मन्दिर,_बैतडी	10914
वाकामलाङ	27874
जिङ्गदवा	29845
जानकी_मन्दिर	4856
धुस्कुन	27100
ठूलोपर्सेल	27542
स्याङ्जा_जिल्ला	8221
बुढाथुम	3889
देउलीकोट	4106
इसिमोड	13663
भवानीपुर	3648
चिमखोला	3967
खालीगैर_गाउँ	69383
वयरवन	23394
गोविन्दपुर_मलन्हनाम	31259
लाकुरीडाँडा	29245
सुगौली_बिर्ता	32577
गजुल	6071
जामुने	42795
नाधर्पू	32993
नामग्याल_उच्च_माध्यमिक_विद्यालय	63070
पत्थरहटटी	26301
पोखरे	31574
हरपुर,_पर्सा	32604
अर्गल	33235
बोल्दे_फेदिचे	3801
माल्टा,_बागमती	1976
स्याउलेबजार	27123
अमृतगंज	26271
डाँडा_पराजुल	4012
च्यामा	4002
नेपाल_वायुसेवा_निगम_विमान_दुर्घटना_२_जेठ_२०७०	55415
काफलकोट	29110
भारदेउ	23271
देवस्थल	32373
भर्ता	28057
बुदबार	3793
सिङ्गा	32302
उढरापुर	31659
राधादामोदर_संस्कृत_विद्यापीठ	76916
नासिकास्थान_साँगा	27549
फलामेटार	6003
चौधारी	26111
जौबारी	29707
अमरभुमी	33237
कोटगाउँ	26168
खाँबु	27168
जल्पा	5952
जुठापौवा	27865
बिलंदु	3743
बाँसखर्क	27085
शंकरपोखरी	33052
चुँजा	3994
दांछी	4011
हिले_बजार	7241
हरीचौर	33279
बल्डेङगढी	27886
राजपुर_तुलसी	26743
लोहारपानी,_दाङ	28799
दसरथचन्द_नगरपालिका	6464
खेसरहिया	26679
गेलु	31494
रुँघा	33124
भगवतपुर	23806
कोबाङ	42839
पुलू	32994
शीर्ष	32517
फलाँटे_भुम्लु	27554
गजरी	6067
दुधकुण्ड	47252
दाइजी	4029
साप्पाटा	26077
देवीस्थान,_पर्वत	33029
बाहाकी_ठाँटी	33037
हिउदी	77003
रिमी	32959
गोल्जुङ	33078
जाउलाखेल	57768
हाँसीपुर,_दाङ	28803
जगन्नाथ_मन्दिर_बैतडी	68959
बलेटक्सार	27953
बर्नालू	31585
पुवामझुवा	5018
रत्नेचौर	32315
धितुङ	5801
तिनतले	77556
पोखरीनारायणस्थान	27553
आलमफेदि	34015
गम्हरीया,_पर्सा	32595
इन्द्रपुर,_बाँके	31701
जुभिङ	32002
दोलालघाट	5990
रेश	33273
मुडिकुवा	33046
सिर्सेकोट	34063
सिस्वावेल्ही	23835
रेडियो_रामपुर	76847
छिपगाडा	3944
तुल्सीपुर_विमानस्थल	7037
सौकेमरडा	69496
सहारे	29148
अवलचिङ्ग	29104
चौघरे	3988
श्रीनगर,_मुगु	33002
मानिखेल	23272
उदिपुर	33164
आलापोट	30334
बसन्तपुर,_बारा	26325
कन्काई_नगरपालिका	64251
देउपुर,_पर्वत	33024
बालुवाटार	26101
दुर्गापुर,_सिराहा	31339
एकदरबेला	5877
शिव_मन्दिर	66040
दुमरहा	5916
धनौरी	4287
पिप्रापश्चिम	23784
कार्कीगाउँ	29661
सिमरिया	26882
पुरैना	31677
चिर्तुङधारा	3971
बेलादेवीपुर	30716
देउरी_मरुवा	23773
भानुमती	3610
सावादिन	23584
मानेश्वाँरा	27107
फलैंचा,_पाँचथर	23475
बेणीमणिपुर	29737
कुमरी	29586
पाङराङ	33031
मकालु_हिमाल	12951
स्याबुन	23710
माझठाना	33399
पकुवा	33028
गुजुम्पा_हिमनदी	17004
गुन्सी_भदौरे	31491
दुम्रे_धारापानी	5925
ज्ञानीचौर	76996
सोरुङ	56119
द्वारिकाज_होटल	53847
भुस्सिंगा	3715
हलेसी_महादेव	62150
चराङ	42841
देउराली,_नुवाकोट	29556
कम्दी	31661
वांगेमरोट	26245
जल्पापुर	26873
मादीमुलखर्क	23698
लामाचौर	33404
देथल	4101
कुबुकस्थली	31487
दोरम्बा	5992
वाग्ला	27964
ठेचो	23262
पोकली	31573
टिमिलसैन	25991
झरुवारासी	23259
अर्नाहा	23739
बुङमती	3900
च्याङ्ग्रे	26981
साँखर	34062
हिरमिनीया	31696
जर्बुटा	29121
जितपुरफेदी	30347
विशालपुर	30606
थेचम्बु	23598
रुम्जाटार	7235
मटिअर्वा	26336
नयाँबजार	4813
रुगिन	26075
गाम	6043
महुवन	32569
ओयाक्जुङ	14356
सैनापसेला	26149
माईपोखरी	16349
पुतलीबजार_नगरपालिका	6467
छालिङ	28633
चाक्सीबोटे	3815
गौतारी	31260
सूर्यपाल	33206
खोपवा	26284
छिन्नमस्ता_भगवती	16275
खावा,_भोजपुर	26976
पीपलधारा	27945
बेताली	31527
दाप्चा_छत्रेबाँझ	27539
धौलागोह	28052
विरुवा_अर्चले	34051
बेथान	31526
चौथे	3873
इन्द्रायणी,_काठमाडौं	30336
मेलविसौनी	26137
सिद्धीपुर	23276
शनि-अर्जुन_नगरपालिका	64254
पोखरीचौरी	27552
खमाले	32988
लिगलिगकोट	37275
रूपाकोट,_कास्की	52775
चिसापानी_गाविस,_बाँके_जिल्ला	3975
शनिश्चरे	23340
अर्घा	3273
ववियाविर्ता	23396
सर्माली_गाउँ	69515
बसडिलवा	32555
काप्रेचौर	32357
मुढेबास	26935
बेतिनी	29576
साँगाचोक	27116
जिलिङ	29548
बर्दिया_राष्ट्रिय_निकुञ्ज	24318
पञ्चकन्या,_नुवाकोट	29558
चित्रवन_नगरपालिका	64650
दांग्रह	4060
टकुवा	23365
बुलिङटार	3896
चापाकोट	33382
रानीवन,_ओखलढुङ्गा	31607
सितापुर(सप्तरी)	23836
बाजुङ	33034
संक्रान्तिबजार	14370
पिपरा_राजवाडा	26704
आहाले	12935
सत्यदेवी	29629
नेपालगञ्ज_उपमहानगरपालिका	4122
बरबोटे	5023
नर्घो	23775
माइमझुवा	5028
प्रशवनी	23787
हँसरा	27970
खासा	77048
खरानिटार	29587
पवटी	29224
बेल्दारी	26328
चापपानी	27863
मलेकपुर	23814
मुँडेगाउँ	32814
पुरन्चौर	33393
कोलडाँडा	27853
गुठीचौर	25189
धौकोट	69436
गोला,_बर्दिया	31814
धमाली	26002
त्रिभुवन_विश्वविद्यालय_अन्तर्राष्ट्रिय_क्रिकेट_मैदान	54343
बोवाङ	3807
ताम्कु	23688
धुलेश्वर	54968
इटाटार	31245
मान्मा	28058
कवहीगोठ	26279
वाई	26076
महेन्द्रकोट	30446
पुनर्वास_नगरपालिका	68443
पलापू	31571
धौलागिरी_अञ्चल	3238
दक्षिणी_एसियाका_विश्व_सम्पदा_क्षेत्रहरूको_सूची	77503
महेशपुर_पटरी	31302
भरतपुर_(महोत्तरी)	3620
खिलुङ_देउराली	34029
कागबेनी	8086
धधबार	4262
लखनपुर	22952
भोजपुर_जिल्ला_(नेपाल)	6316
बबरगञ्ज	29798
चपली_भद्रकाली	30344
फुतुड	6042
सम्दु	14371
विसल्ला	3770
तेजापाकड	26696
धुधारुकोत	5816
कमलामाई_नगरपालिका	6373
पकला	26232
चलाल_गणेशस्थान	27547
कंकालिनी_मन्दिर	63222
विरकोट	27895
नारायणपुर	29868
धकारी	4270
सुष्पाक्षमावती	29233
छाप्रे,_सुर्खेत	3851
डाँगिहाट	23368
केरावन	23358
श्रीपूर	30726
कुशादेवी	27524
जिरी	8572
ठिमुरे	27869
गादी	32529
थारमारे	32370
कन्काई_धाम_कोटीहोम	33506
रकु	28063
डुम्राहा	26874
डाँडाखर्क_(मकवानपुर)	4055
खुदी	33169
बहुअरी_पिडारी	32547
कृस्टीनाच्नेचौर	33380
धुपु	5832
नारायण_नगरपालिका	6469
राजारानी	26938
चौघरा_दरवार	35827
जंदौल	5971
सुनखानी,_दोलखा	29236
कोटा	42807
पिपलडाँडा	27095
पुम्दीभुम्दी	33392
निर्मलबस्ती	32548
सुन्दरबजार	6597
दुमरिया	5918
रायपुर,_सप्तरी	23822
सुम्बेक	5041
खासकुस्मा	31666
सुन्दरपुर	23405
यमुनाडाँडा	27110
राष्ट्रिय_संग्रहालय,_छाउनी	57423
दुरडाँडा	5863
जानकीनगर_(सर्लाही)	5963
दुम्माना	26991
होम्ताङ	27022
बरमझीया	23796
कापडी	69417
लिखोडा_चामागाउँ	69385
देउरी_पर्बहा	4238
मनहर्वा	26338
कुर्घा,_पर्वत	33062
पोखरा_गाविस	33113
भुट्टर	3718
बिनौना	3748
लुङ	26243
मध्य-पश्चिमाञ्चल_विकास_क्षेत्र	9562
रानीवास	27009
श्रीपुरजब्दी	26886
गर्पन	29114
ताम्फुला	14362
मनाङ_गाविस	32288
गजरकोट	42801
राष्ट्रपति_भवन	66066
लावन	32963
बगवन्ना	32586
लिवाङ	6587
खोप्लाङ	31401
चौलाही	3867
लगडी_गडियानी	31307
इलाम_नगरपालिका	4818
काटाकुटी	29209
च्यास्मिटार	4008
नेपाल	804
ढाकाडाम	32371
सुनारपानी	31514
सिमरा_विमानस्थल	7045
छिवाङ	33107
बालुवापाटी_देउपुर	27559
मनाऊ	31803
थाक्ले	31569
च्याङली	31409
गोकर्ण	12433
नाङलिवाङ	33026
कुसाहा	23753
मर्मपरिकाडा	32386
झटियाही	30856
फुल्पिङडाँडा	27089
करैया	26278
कञ्चनपुर_नगरपालिका	23745
देउराली,_रामेछाप	31502
हिस्थान_मण्डली	32303
शान्तिपुर	5034
गुम्बा	27065
छितहा	3948
होश्राङ्दी	33054
बुखेल	3895
बहराइच_जिल्ला	12203
बिष्णुपादुका	26899
देवाही	26697
सुनाकोठी	23277
वेलबास	26250
मुग्राहाँ	28061
नवलपुर	27099
बनैनियाँ	23793
तार्कुघाट	33180
गनडा	69423
पिप्रहवा	31675
फराहादावा	6007
कपन	30337
पुर्कोट_दह	27946
बाम्राङ्ग	27247
रानीमहल	13462
कोटभैरव	26127
नेउलापुर	31794
वृदिम	33086
नेपा	10751
फुँएतप्पा	5022
गोतामकोट	33104
सिउना	28068
गुम्चाल	26172
सोयाङ	5044
धमिलीकुवा	33184
अत्तरिया_नगरपालिका	67907
साहेवगञ्ज	26884
बनरझुला	23792
नरैनापुर	31671
इसिबु	14354
सोयाक	5043
रिङनेरह	27876
पाती_गाउँ	69237
सल्यान_जिल्ला	2784
सैमराङ	33407
केरौजा	31400
भवानीपुर,_पर्सा	32599
महेन्द्रनगर_(स्पष्टता)	26859
उवा	26164
धम्जा	4281
टालेगाउँ	29674
जलजला	23686
गोकर्णेश्वर_मन्दिर	35759
रारालिही	29053
मटिहानी	31880
काहूँशिवपुर	42802
डेउडाकला	4102
धुस्सा	5843
सिम्ले	14373
कुनाथरी	29111
मर्स्याङ्दी_नदी	10031
निगालचुला	32375
चकचकी	3915
पाङताङ	27097
जाँते	23361
जण्डौल	23762
लोमान्थाङ	4645
रह	32964
अर्मला	33375
बुढागाउँ	3881
बेलडाडी	32933
चड्वेला	3910
सुर्काडा	69434
धुरकोत_नयाँगाउं	5837
जुंगाथापाचौर	29665
हटिया,_बागलुङ	33287
धारापानी,_सुर्खेत	29126
गोठटार	30342
नाङ्गिन	23472
फोक्सिङकोत	6024
बेलवा	31802
ठुलाडिहि	34033
लिघा	26242
भुम्लुटार	3713
लालिकांडा	26097
पिप्रा_भगवानपूर	26707
लगडी_गोठ	31308
पहाडा	32971
नल्लु	23266
आङना	23460
बिश्रामपुर	26719
देउराली,_पाल्पा	27888
अमरपुर	23459
भगवतीपुर,_सिरहा	62195
दार्माकोट	32372
औराहा	32526
नुवाकोट_गाविस	33111
तावाश्री	27176
इनर्वासिरा	26274
बालकुमारी	29578
तुंगेछा	26988
गोलढुंगा	30343
बूढाखानी	27561
राकम	29136
ओखरपौवा	29534
दिघवा	23772
सुकाजोर	31515
पोखरा_उपमहानगरपालिका	6403
वनिगामा	23393
महालङ्गुर_हिमश्रृङ्खला	33322
लक्ष्मीपुर_कोतवाली	26346
गौरीपुर	31261
राम्जाकोट	42791
एकराहिया	5880
साईगाँउ	31693
मुर्तीढुङ्गा	26936
ईश्वरी_गंगाधाम	68960
भातेखोला	26109
बाघमारे,_दाङ	28837
लालापट्टी	23825
नुवाकोट_जिल्ला	7709
संग्रामपूर	26750
फोक्सिङटार	6025
चन्द्रेश्वरी	3838
बाकु	32014
कटुञ्जे,_ओखलढुङ्गा	31599
श्री_कृष्णगण्डकी	34066
चन्द्र_नगर	3834
सगरमाथा	1116
तिजाली	32828
तिम्मा	26986
खिल्जी	3293
दोलखा_जिल्ला	2746
मानपुरटपरा	31804
चम्पे	3821
उत्तरगंगा	29106
नरर्सिंहटप्पु	26877
बन्जरिया	26320
फापरथुम	6006
राईपुर	42792
चापागाउँ	23258
भेडिया	31304
कोल्बुङ	5003
महेन्द्र_गुफा	65868
विशङ्खुनारायण	23275
चानुवा	26918
पाम्का	29128
शुक्लाफाँट_वन्यजन्तु_आरक्ष	24872
मनसिरी_हिमाल	33452
बरियारपुर,_बारा	26322
टोखा_चण्डेश्वरी	30351
ठूलोपाखर	27074
चक्कर	3916
सिलोर्वा_पछवारी	31323
तमान	33246
छतरा	26049
रामीडाँडा	29680
फत्तेपुर,_बारा	6013
हरकठवा	29836
जोरपाटी	30348
कालिका,_अछाम	25977
सहजपुर	30731
बतासे	27088
हलवार,_दाङ	28840
प्रतापपुर	29732
दर्भुङ	4072
मलातिकोट	26044
बाँगी	3279
बनखु	27557
आटिचौर	26052
दक्षिणकाली	4094
फोक्सिङकोट	27892
साँखेजुङ	5037
तुर्माखाँद	25998
चोकचिसापानी	42798
कोटिला	26057
जगतिपुर	5931
बेला,_दाङ	28825
धुरकोत_बस्तु	5835
इम्बुङ	23463
श्री_भुमिराज_मन्दिर	67683
राम्नाकोट	28065
दरबाङ	4083
चौमाला	3869
सुदाप	14374
नाल्बु	23594
कालिका,_कञ्चनपुर	32921
दौलतपुर	4089
भूल्के	27002
अरुण_नदी	12149
गोल्चे	27066
ओत	26165
कालिकाकोट	34020
रिडिकोट	26036
आर्थर_डाँडाखर्क	33010
भवानीपुर_(पर्सा)	3650
इनर्वा,_सिराहा	31247
इनर्वा,धनुषा	30861
कर्कच_कर्मैया	26678
पचनाली	32841
हथौसा	30470
सेकुनी_गाउँ	69242
याङ्गसिला	23388
धनगढी,_सिराहा	31341
गदहियाबैरी	6044
पर्वत_जिल्ला	2760
गौँडाकोट	27917
बुधसिङ	29577
दोगडी	5985
भगवती,जाजरकोट	29686
पातो	23780
गोडैता	29833
हिल	33280
राया	32202
नेपालको_भूगोल	2462
दोभान	5981
रहप	26039
ठोसे	12355
इरौंटार	5000
छाङछाङ्दी	34032
गोठी	32190
श्रीनगर_डाँडा	38231
मेमेङ	23479
उपल्लो_अर्खला	29695
सिगास	30629
कात्तिके_देउराली	27520
भल्चौर	32380
साब्लाखु	23586
बल्कोट	3265
बाबला	26009
मायादेवी_मन्दिर	63577
पाण्डुसेन	26068
बडाखोला	26099
डडेल्धुरा_जिल्ला	2591
बिहादी_बर्राचौर	33038
गोलधाप	23314
खगेनकोट	29683
बेलकोट_गढी	42888
नाम्दु	29223
जुडिबेला	26689
रस्पुरकोट	26241
गुमी	29116
कुशकोट	25981
सुलुबुङ	5042
चप्पनी	3850
तालावाङ	26185
मेथिनकोट	27573
बोदेवर्साइन	23802
हिलेटक्सार	33207
मनकामना,_नुवाकोट	29573
मलेठ	23811
सुनसेरा	26793
बर्छावा	31280
महानौर	31298
दर्ना	4081
कर्जन्हा	35944
वाङसिङ_देउराली	34067
राङभाङ	34060
गदकोत	6045
रुपनगर	23824
मोहोरियाकोट	33203
राजदेवी	26742
रामपुरटोकनी	26344
शंकर_होटल	55246
चाँदेकरञ्जी	32381
फूलबारी_गा.वि.स.	28828
स्यार्पु_ताल	23113
ढुङ्गाड	30594
धुरकोत	5834
कडेल	26120
टारकेरावारी	31566
यसम	31591
आम्बेगुदिन	23558
उदासीपुर	30694
बडागाँउ	27950
केशवटार	42805
ठूलो_धादिङ	27073
घटालस्थान_बाबा_मन्दिर	76602
सोनरनिया	26760
धरमपुर,_झापा	23326
ह्यातुङ_झरना	24061
देउलेक,_बैतडी	4104
भाटभटेनी_मन्दिर	53733
धुसेनी,_लमजुङ	33219
तौथली	27078
देहीमाण्डौं	30599
बिर्घा_अर्चले	3760
धिर्कमाण्डु	5799
मध्यपुर_ठिमी_नगरपालिका	6387
गुरुखोला	30588
इनर्वा,_सप्तरी	23742
सराङकोट	33416
गम्हरीया_पर्सा	64607
कालुखेती	26123
गुठु	29115
रौवाही	26359
ताथली	28635
फोईमहादेव	28056
हर्दिया,_बारा	26358
मानेभञ्याङ्ग	31581
कुञ्जो	42838
कविलास	29537
जोगिनियाँ-१	23764
बामे	32378
हापुर,_दाङ	28794
चुहानडाँडा	14357
रामगोपालपुर	31882
कालिका,_बर्दिया	31812
गाउँखर्क	29541
काभ्रे_नित्यचण्डेश्वरी	27594
धनौजी	4286
मराङ	32493
मोहन्याल	30722
लुम्बिनी	3133
गुथ्थडी	69536
सिंगिया	26883
बासीखोरा	26999
धोदासाइं	5806
तामाफोक	23687
धारापानी,_मनाङ	32289
घैलाडुब्बा	23318
इम्जा_हिमताल	63550
रारा_राष्ट्रिय_निकुञ्ज	4780
कठजोर	31486
रुपन्देही_जिल्ला	2770
ढिकुरपोखरी	33383
राजगञ्ज_सिनुवारी	26890
किमाथान्का	23684
आमभन्ज्याङ	28987
खानीछाप	27856
हात्तिकोट	26026
मकवानपुर_जिल्ला	2749
घ्याल्चोक	31408
सुवर्णखाल	3277
परशुराम_नगरपालिका	73622
देवीनगर	4249
श्रीजुङ	14369
ठमेल	38164
नरेठाँटी	33252
मार्तडी	11035
अर्गली_दरवार	15812
महम्मदपुर	26735
लमजुङ_जिल्ला	2780
डराउने_पोखरी	4070
ढुंखर्क	5831
त्रिभुवन_विश्वविद्यालय	6813
राधोपुर	31305
ओख्रेनी	31492
बेल्टार_बसाहा_नगरपालिका	64492
सुवर्णपुर	32576
देउलेक_केदार	69079
मझौलिया	31293
बागमती_अञ्चल	2727
बिमा	3746
पुँजा	23876
गौरादह	23315
मुगा	10690
मोतिपुर	23387
दुधभञ्ज्याङ	5902
परशुरामपुर	26303
हंसपुर,_कास्की	33418
हार्जङ	26207
लेखानी,_बागलुङ	33286
निगाली	30708
वसन्तपुर_दरवार_क्षेत्र	55764
भोजपुर_नगरपालिका	27003
बुढा_सुब्बा	15818
किमडाँडा	3291
उर्लावारी_नगरपालिका	23354
बुढीचौर	3891
बिसहजारी_ताल	76853
सुन्दरादेवी	29590
छितपोखरी	3949
बैतडी_जिल्ला	2788
पाँच_पोखरी	46369
बुढासुब्बा	11110
विन्ध्यवासिनी_मन्दिर	33728
रुपल्ली_गाउँ	69253
बरञ्जा	32310
काठमाडौं_उपत्यका	8431
दारेचोक	31771
चापाकोट_नगरपालिका	64675
राकाचुली	29745
तित्याङ	33248
धादिङवेसी	64601
कांगेल	31996
रहबास	27878
बेलपाटा	26102
धनकुटा_नगरपालिका	2718
गोदक	5005
झुटकी	23766
डोटी_जिल्ला	2767
बसकट्या_गाउँ	69258
दहचौर	4024
इकुडोल	23250
बाझ_ककानी	32806
दानखोला_गाउँ	69254
लामातोला	26142
धकु	4272
कप्तानगञ्ज	26866
इभाङ	4999
हर्देनी	27187
मालारानी	29131
सुङनाम	13684
मोहनपुर_कमलपुर	31300
सिध्देश्वर	27898
कटहरिया	26676
जाङ_गाविस	76677
हरपतगंज	32549
इलमपोखरी	33161
बैरिया	26716
तलाखु	29549
दाँहा	12863
नाम्जुङ	31425
अर्जुनचौपारी	4363
धनेश्वर_मन्दिर	55483
सुनकोशी_नदी	17012
बम्रमाडीचौर	29045
वावियाचौर	29145
शहरे	29239
मनास्लु_हिमाल	12952
धातिवाङ	3219
चण्डेश्वरी_मन्दिर	38504
मादनकुँडारी	27576
चतरी	3857
खुम्बु_हिमनदी	17022
बिहादी_रानीपानी	3729
रोवा	33001
बरैनीया	26323
फलेबास_देवीस्थान	6002
गौरी	10734
नागी	23471
ग्याचुङ_काङ	33557
कञ्चनजङ्घा_हिमाल	2477
कुण	69593
चौघडा	3861
नारायणपुर,_कैलाली	30707
बागलुङ_जिल्ला	7764
मष्ठामाण्डौ	32515
थाइ_अन्तर्राष्ट्रिय_एयरवेज_फ्लाइट_३११	68337
बलिया,_कैलाली	30723
बर्सुञ्चेत	29580
ल्वाङघलेल	33406
बडाभैरव	26100
छिन्नमस्ता(सप्तरी)	3942
पौडेश्वर	30811
बसौटी	30717
खेवाङ	23564
अम्बिकेश्वरी_मन्दिर,_दाङ	62472
ह्वाङ्दी	27931
रणसिंहकिटेनी	33268
तिवारी_भञ्ज्याङ	26987
नर्कु	32960
मष्ट_बण्डाली	26043
याङपाङ	27007
छतौल	3929
चित्रे_भञ्ज्याङ	3981
जानकीनगर,_कैलाली	30703
चिल्हिया	3963
वार्पाक	31444
हिमगंगा	31512
वाहुनी	23398
रामगढवा	32574
मंगलबारे	46514
गाम्नाङ्गटार	31564
धुलावारी	73285
खिरातडी	26128
बारा_उध्योरण	29801
तातोपानी,_सुर्खेत	29124
जुबु	32003
सिर्दिबास	31449
फुङ्लिङ_नगरपालिका	31137
इचोक	27055
ताकुकोट	31412
बुङकोत	3903
माङ्गी	32999
कोल्की	33167
घैरुङ	72469
माईपोखरी_गाविस	5027
भुल्भुले	3706
शिखा	32306
वजेडिचौर	29144
ऐंसेलुखर्क	27214
बीरबास	3757
ब्रहमपुर	23804
काभ्रे,_दाङ	28798
शिखर	26790
रघुनाथपुर,_बारा	26342
कन्काई_नदी	10433
सुनखानी	27121
धाइरिङ	33027
कोटदरबार	42806
भुमेश्वर	3710
चुवा_गाविस	33018
रौतहट(सप्तरी)	23827
थुम्पाखर	38626
चिलाउनेबास	3962
भरतपुर_न.पा.	3622
भुमिराज_मन्दिर	68775
पौवेगौडे	34044
गम्हरीया	29832
महादेवस्थान,_बैतडी	30615
त्रियुगा_नगरपालिका	6383
सहसौला	31885
रूप्सा	48450
रतु	29135
पिठौली_गाविस	49954
धमिर	4280
कोइरालाकोट	26125
मेल्छाम	32207
अग्लुङ	27906
लाटामाण्डौ	32813
टोखा_सरस्वती	30352
बगनाह	31798
चाल्सा	25986
हसुलिया	30728
बिहुँकोट	3731
जोकहा	26691
आमा_दब्लम_हिमाल	24113
बराङ्दी	27894
अकोलवा	26672
सिद्धेश्वर,_भोजपुर	27018
लदौली_गाउँ	69277
डेढगाउं	4098
शिवसताक्षी_नगरपालिका	74681
धुवाङ	5847
टाप्टिङ	32006
गोंगबु	30340
मन्थली	15747
बहुअरवा_भाठा	32554
होक्सेबजार	27517
मधवापुर	23808
सदर_चिडियाखाना,_नेपाल	57766
भामचौर	26108
लिकू	32958
सात्तला	26104
रालुकादेवी	29569
बलिरामपुर	26324
चौंरीखर्क	3871
ओदानकु	28044
कुस्मीशेरा	33240
सल्लेरी,_सोलुखुम्बु	32026
लिमिठाना	33049
स्याउलीवाङ	26252
मरू	33120
डंग्राहा	23367
चतुरले	3858
बहूवा_मदनपूर	26721
ढुंगेगढी	52508
लेले	9086
निबुवाखर्क	34040
नरकटिया_गुठी	26699
गजेहद	6070
ढोरपाटन_शिकार_आरक्ष	24786
तेवाङ	26186
बोया	3808
तिङ्गला	32007
वासिङथर्पु	27011
स्वयम्भूनाथ	4827
ठांटी	25992
खाटम्मा	26974
खुङ	26218
अमरपट्टी	26260
धनगढी(सप्तरी)	4283
किम्री	32987
साँख	33125
गिम्दी	23254
भिंगृ	26235
कचनापुर	31660
तिन्जे	32969
मिर्मी	32206
समुन्द्रटार	29565
महांकालचौर	27581
कालिकास्थान,_डोटी	32834
खलंगा,_जाजरकोट	29657
पुर्कोट	42779
पोठीयाही	26708
फाक्सिव	26927
रौता	9649
बुइपा	3894
बरुणेश्वर	31578
घोडेमहादेव	29032
रिठाचौपाता	26785
न्वादेउ	30601
हुमिन	27902
सुनकुडा	26145
रामपुरा_मल्हनियाँ	23821
श्रीचउर	31594
वेङ्कटेश_मन्दिर_(काठमाण्डौ)	76703
धुम्थाङ	5824
लकान्द्र	26095
झडेवा	27867
लोदिङ_तामाखानी	32028
छिउडिपुशाकोट	10738
भ्राका	32287
केलादीघाट_पुल	77598
धौलागिरी_हिमाल	2616
थामा_चौघेरा_माईस्थान	57842
लेलेप	23597
दोवा	5995
छतोना	3933
बसन्तपुर-रुपाकोट	42782
मधुपट्टी	23809
चितवन_जिल्ला	2040
रोडिकोट	32201
लिमखिम	23600
पन्तुरा	69631
वी.पी._कोइराला_स्वास्थ्य_विज्ञान_प्रतिष्ठान	71448
छिटाहा	26872
भागेश्वर	32514
डुमरी	31268
बोहरीगाउँ	3799
पेलाकोट	34043
सुनिकोट	26146
सोरहवा	31808
बेहुलीबास	33040
बुढीगंगा	3892
विगुटार	31592
छत्रे_द्यौराली	3935
ढुंगेसाँघु	23569
विसुनपुर्वा	26350
भवानीपुर,_सिराहा	31344
बहुअरी	26326
बड्की	29044
चुरियामाई	4000
विसं_२०७२_वैशाख_२९_को_भूकम्प	77159
पिप्रा_प्र._पि.	31273
इनरूवा_नगरपालिका	6398
पिडारीगुठी	32546
मूलपानी,_भोजपुर	27005
कालिकास्थान,_अछाम	26048
मानपुर_मैनापोखर	31805
विनायक	3749
थानपति	27927
पचाल_झरना	38625
हिमालचुली	33451
बिशाहरिया	3773
चाँफामाण्डौ	25985
रामपुर_जमुवा	23823
बन्जरिया,_नवलपरासी	29736
भाटखोला	34053
असुरकोट	3222
भतौडा	26330
रामपुर,_सिराहा	31346
सितलपाटी	23706
चांग्रे	3841
कानपुर_कालापानी	27521
कासीकांध	9917
मैनाघाट	29740
लेगुवा	26939
पिपराढिगोठ	26308
सुँ	32966
गुफापोखरी	7242
सुकौरा	29020
गढिमाई_नगरपालिका	64646
गोटीखेल	23255
बनौ	33032
कुरेली	26167
मेहलमुडी	28062
पिपलाडी	32931
फलाँटे	26926
मिर्चैया_नगरपालिका	64293
वीरपुर_बाराही	3765
हाकू	33087
गिलुङ	33171
खड्काबाडा	10404
बिसर्भोरा	3772
सिमलचौर_श्यामपाटी	27590
तारा_गाविस	33247
नाग्रेगगर्चे	27535
मजकोट	29668
सेढवा	32579
बाटुलासैन	26014
कोल्हुवा	29700
सिन्दुरे	33205
पल्लीकोट	27944
पैयुँथन्थाप	33258
बुद्धसिङ	3888
इर्खु	27057
टोकरपुर	31498
जैसीथोक_मण्डन	5942
बाँझकाँडा	32379
राखुभगवती	32314
नक्शाल_भगवती	16521
राङ्कोट	26200
भोर्ले,_पर्वत	33066
सिँगाना	33277
मालुमेला	26135
आँपपिपल	31393
वाल्टिङ	27570
मोहमी	76956
चिसापानी_२	3973
मकालु-बरूण_राष्ट्रिय_निकुञ्ज	24843
बैजनाथ	26021
भीमटार	3670
फतुहा_हर्सह	6015
थालाकाडा	30597
चारघरे	3854
सरस्वती_मन्दिर_(कन्काई_नगरपालिका_३)	74547
गण्डकी_अञ्चल	2728
सिद्ध	33410
किउल	27060
चिसापानी	3972
ब्रह्मपुरी_(सर्लाही)	3811
नेटा,_लमजुङ	33220
उग्रतारा_जनागाल	27516
कलैया_नगरपालिका	6397
दोदोधरा	30705
एकतिन	23464
सलेना	30628
चिलिमे	3964
निङ्गलाशैनी_मन्दिर	66206
मुक्ली	32020
सावला	14372
भद्रटार	29588
तुल्सी_भञ्ज्याङ	34036
मठैराज	30616
भिमगिठे	33265
शिवपुरी_नागार्जुन_राष्ट्रिय_निकुञ्ज	47228
डुमरवाना	26294
कार्कीनेटा	33015
भदौरे	31579
दुबारीकोत_हथलेखा	5998
कुमारवर्ती	29701
पिपलचौरी	26780
बरियारपुर,_रौतहट	26670
मष्टामाण्डौ	26042
चिलिङदिन	3965
भादगाउँ_सिनुवारी	26896
दगातुन्डाँडा	33249
कमलपुर	23746
लाङटाङ_राष्ट्रिय_निकुञ्ज	47229
ककडी	26276
सिउडी	26030
सखि	26203
जेदवाङ	26179
करेती	26166
मुसीकोट,_खलंगा	33122
गोदामचौर	23256
राजकुट	33269
धापासी	4298
महारुद्र	30613
नुप्त्से	33442
छापरि	26779
शरणामती	23341
दौड_गाविस	4088
नरपानी	3266
प्रकाशपुर	26904
मावादिन	23701
भवानियापुर	3651
हंसपुर	26254
बतरा	26319
बाफिकोट	33115
घान्द्रुक	6613
दहकोत	4027
सिस्नेरी	29019
पर्सा_जिल्ला	2748
थुमी	31421
नगरदाहा	32540
राप्ती_नदी	17015
दहकालीस्थान	32800
नंदेगडा	26003
गमौडि	10732
मुनुवा	30721
गर्खाकोट	29673
मटेला_गाउँ	69592
धादिङ_जिल्ला	2751
ढापुक_सिमलभञ्ज्याङ	34037
प्यार्जुङ	33191
हरिपुर,_सर्लाही	29896
जगनाथ	10740
अधिकारीचौर	33234
केवलघारी	77044
बरहथवा	29802
सिरुटार	28641
खरुकियाही	31255
खोटाङ_जिल्ला	2738
खारा	33102
अलौ	32524
टिकुलिया(सप्तरी)	23767
देविस्थान	26001
पाटन,_बैतडी	30602
तिलाहार	33021
भावाङ	26195
जनालीकोट	25988
बिन्ध्यवासिनी,_दैलेख	3752
साफेंवगर_नगरपालिका	71399
जनलिबंदली	5968
गनापुर	31667
सभा_नदी	17009
गोकुलेश्वर	30590
घेरावारी	23317
बहाकोट	34047
खरिगैरा	10731
खैरहानी_नगरपालिका	31745
बाच्छा_गाविस	33036
मैनाकडेरी	23817
राँझा_विमानस्थल	7041
हगाम	27124
गोदावरी,_कैलाली	30699
रम्घा,_लमजुङ	33214
पाटादेवल	26129
धमली	4274
अर्घाखाँची_जिल्ला	2687
कोहलपुर_नगरपालिका	54622
ठोकर्पा	27076
खासकारकांदो	31665
गोइठी	23759
अमरगढी_नगरपालिका	6381
आठ-हजारी	4536
पूर्वाञ्चल_विकास_क्षेत्र	9553
अर्मन	32292
आङदिम	14351
मेहलकुना	29132
छापडाँडा	62333
चौदण्डी	3859
लोखिम	32023
मानाकोट	26074
हिमालय	838
अर्मा	33096
मैला	32210
बिजवनिया	32559
सतबरिया,_दाङ	28823
खौलालाँकुरी	33016
फुलबारी,_ताप्लेजुङ	6030
सारस्वर	23832
झनखुनवा	26692
नारायणपुर,_दाङ	28792
बसन्तपुर,_तेह्रथुम	8570
रतनपुर	29752
चाउथे	29546
गोराखानी	32000
खैरी_चन्दनपुर	31788
लुम्बिनी_सांस्कृतिक_नगरपालिका	64490
करापु	33166
राधापुर	31688
पजारु	29672
डाडाकोट	4014
सन्धिखर्क	3221
दधिकोट	28636
वास्तिम	27012
आम्गाछी	23351
चौखवाङ	3983
बाहुनडाँडा	33195
मालिकार्जुन	26782
यासोक	23481
डिभर्ना	3287
फेदीगुथ	6016
लोहजरा	23826
काँडा_गाविस	33098
मामलिङ	23700
बैरिया_बिरता	32557
खनार	26867
घ्यारु	32277
लहरेपौवा	33084
खुदुनाबारी	23312
कुशाह_लक्षिमिनीया	31252
घर्तीछाप	27534
भक्तपुर	6343
कचल	27850
भिमेश्वर_नगरपालिका	6394
बेडेन_पावेल_शिखर	57944
वाणभञ्ज्याङ	30376
गोरखा_जिल्ला	2769
जुकेना	3290
भगवानपुर,_बारा	26329
डोल्फू	5991
बस्तिपुर,_सिराहा	31279
कृष्ण_मन्दिर_पाटन,_बैतडी	71489
रिस्ती	42793
धनकौल_पुर्व	4285
बिचारीचौतारा	34050
ज्याम्दी_मण्डन	27544
घमी	42840
बोहरागाउँ	3798
फू	32285
सिम्थली	27591
अपी_नगरपालिका	75408
दोगडा_धाम	68965
दुहवी-भलुवा_नगरपालिका	64294
अर्जेवा	33236
टल्कु_डुडेचौर	30350
कुन्टा_बण्डाली	25980
रसुवा_जिल्ला	2750
पलाञ्चोक	16356
उरहरी,_दाङ	28829
कालीगण्डकी_खोंच	17025
गुदुखाती	26059
दान्सिङ	29591
डाडीगुराँसे	4019
बुनियाद	3902
स्याडी	26150
गरडा_गाउँ	76418
मुल्कवाङ	32317
सतासिधाम	12150
चिप्रिड	3969
वीरकोत	3762
पथरी_शनिश्चरे_नगरपालिका	64422
कालिका,_दैलेख	9916
रायल	26139
रामपुर_नगरपालिका	27877
शैलेश्वरी_मन्दिर	66492
रामपुरखाप	26745
मटेहिया	31683
लेखफर्सा	29143
मोहनपुर	23818
चोरा_कोइलपुर	3985
सिद्धेश्वर	26029
सुर्खेत_जिल्ला	2766
सन्तडा	26031
धुरकोत_भन्भने	5836
पोखरा_उपत्यका	6659
याफु	23702
मैना_सहश्रबाहु	23815
रुपा_ताल	53459
लिपनीमाल	26347
सल्यानटार	29625
सोनपुर,_बाँके	31702
छाप्रे,_कालीकोट	75750
देवपुरा_रुपेथा	4256
पाखापानी,_रोल्पा	61411
भु-तातोपानी	32312
महादेवस्थान_मण्डन	27579
सहलकोट	27897
लयाटी	26035
भुर	3690
धोबाघाट_(उदयपुर_कोट)	5805
बागमती_नदी	3310
चौतारा	15519
जटहारा	26686
देवदह	4243
अयारकोट	5890
सिनवाङ	32385
भरतपोखरी	33396
ब्रह्मपुरी,_सर्लाही	29811
बाँझ_(गाविस)	26106
भिमाद	3661
बेल्ही	23800
हरेवा	27971
बिन्धी	3751
धुवाकोट,_गोर्खा	31424
लेखर्क	27010
पाल्पा_जिल्ला	1832
सकार	30623
बोखिम	3800
साल्मा	29666
साठीघर_भगवती	27584
मौवा(पाँचथर)	23495
कुमालगाउँ	28046
मेचीनगर_नगरपालिका	6311
चोयु_हिमाल	8299
परसौनी	26321
भुजी	3702
दिप्लुङ	5978
परेवाडाँडा	33188
फुलबारी,_कैलाली	30712
मधावपुर	31582
बेतहनी	31678
पोखरीकांडा	29129
मिर्गे	29247
वैरवा	23830
ब्रह्मपुरा	3813
भेरी_अञ्चल	2731
तेनुवापट्टी	31287
नौमुले	10753
सेलि_गाउँ	69386
लिसंखु	27113
लौनियाँ	23828
कर्णाली_पुल	4920
वारङ्गी	23397
जगत_भञ्ज्याङ	5930
पिंडीखोला	34049
मनपाङ	42787
घेर्मु	33174
काभ्रेस्थली	30338
कोर्बाङ_झिम्चे	32365
धम्पुस	4282
भाडसर	29807
दौलतपुर,_बर्दिया	31813
राखुपिप्ले	32309
मरन्ठाना	26236
फलेनी	6004
उदयपुर,_बाँके	31700
मोतिसर	26341
थुमपोखरा	34034
सादेवा	23590
प्रष्टोका	26311
रामपुर,_रामेछाप	31520
बेलकोट	29575
च्यासिङ_खर्क	4007
छुमचौर	29034
कटकुंईया	31663
फुल्पिङकट्टी	27091
ताघ्रिङ	33179
दोर्पा_चिउरीडाँडा	27235
थुमन	33081
भक्किल्मी	32316
मनकामना,_स्याङ्जा	34056
अजगैबी	26673
आर्वाविजय	33376
पुरन्धारा,_दाङ	28835
कल्यानपुर_जबडी	31254
एखाबु	5881
कीर्तिपुर_नगरपालिका	6385
पिपरा_बसन्तपुर	26306
सेरम	26206
चैनपुर_३	3913
चैनपुर_२	3912
भूमिराज	76259
चैनपुर_४	3914
घोरेटा	29119
बरुवा	27086
खिजी_चन्डेश्वरी	68119
राम्चे	27111
कट्टी	9914
पिपलनेटा	32376
सेरा	26027
सेरि	69416
पौंदी_अमराइ	27948
भोर्लेटार,_लमजुङ	33199
जयवागेश्वरी	26062
विसं_२०४५_को_भूकम्प	77063
बछनपुर्वा	26317
खिजी_चण्डेश्वरी	31561
मठैराज_मन्दिर	64027
सोनिगामा	30869
बिन्ध्यवासिनी,_अछाम	3753
नाउलेकटुवाल	10750
नेचाबेतघारी	32010
मार्मिङ	27108
सोनपुर,_दाङ	28802
शान्तिनगर,_दाङ	28838
लक्ष्मीपुर,_दाङ	28797
मुगु_जिल्ला	6566
त्रिबेणी	32387
लच्याङ	29568
पादुका	14223
नेटा	27942
चन्दनपुर	3827
नामेटार	27179
लिखु,_नुवाकोट	29566
सत्तेरझोरा	26885
मदना	32200
हात्तिमुडा	23409
खाँदबारी_नगरपालिका	6326
लुंग्रा	26034
हिकिला	26795
शुक्लगण्डकी_नगरपालिका	64655
मानराजा	23813
बोधे	26931
राजपुर,_सिराहा	31343
बरौला	26234
गाईखुर	6061
मांखा	27106
बेतिनी,_ओखलढुङ्गा	31605
सिलुवा	27899
रामपुरबिलासपुर	32934
देवीस्थान,_म्याग्दी	32498
दुम्रे	5924
खिजीफलाटे	31565
चुचुरे	3992
जलबिरे	5946
इम्जा_खोला	17007
सितलपुर_बैरगनिया	26758
रानीवन,_दैलेख	26093
दशरथ_रंगशाला	8347
सिद्धेश्वर,_सल्यान	32388
सेतो_गुम्बा	63247
जौबारी,_गोर्खा	31411
थवाङ	26187
छातेढुङ्गा	14359
लेकफाट	33047
याकु	27006
सल्यान,_कास्की	33408
भटाकाटीया	26022
मलिकुल_गाउँ	69382
आर्यघाट	54128
अशोकापुर_बल्कवा	31243
रामपुर_गा.वि.स.	28827
गोठपानी	27532
छार्का	3926
थानसिङ	29554
आरुबोटे	23462
सुर्खेत_विमानस्थल	7042
मेची_नदी	8432
मधेशा	26892
लुलाङ	32304
नानिकोट	28053
सकोट	26032
कोटबारा	32363
हल्दिवारी	23345
सान्थाक्रा	23588
प्याउली_(गाविस)	26998
टेढाकट्टी	26293
समनपूर	26755
सल्लेभुम्लु	27565
धुल्लु_गैडि	5821
जोगिनियाँ-२	23765
बत्रौल	29803
गागलफेदी	6055
धो	5804
म्याङ्लुङ_नगरपालिका	33900
प्राकृतिक_इतिहास_संग्रहालय_नेपाल	68638
कल्यानपुर_कालाबन्जार	31251
हर्दिया,_सप्तरी	23840
मलायागिरी	27959
मेलम्ची	27109
शान्तिडाँडा	5033
बराहक्षेत्र	26901
प्युटार	23267
वाशुलिङ्ग	30605
राजविराज_नगरपालिका	6400
सर्कीदेउ	32194
श्रीनगर,_हुम्ला	32198
हेलौछा	27021
तेह्रथुम_जिल्ला	2719
मणिलेक	32513
तिल्पुंग	31499
गौंडा	33172
बिरुवा_अर्चले	3768
मंगलसेन_नगरपालिका	15491
आँबुखैरेनी	42773
खर्ज्याङ	27916
प्राङबुङ	23474
गांखेत	32508
पावला	26997
न्यातपोल_मन्दिर	60895
छिपछिपे	3945
सिसाखानी,_बागलुङ	33276
ढुंगाचल्ना	5827
जुगाँर	26178
उदयदेव_मन्दिर	66102
पौखर	69538
सेरी	26105
जिमाली	32368
दुलालथोक	61693
बसबलपुर	23798
फुल्काही	6037
भकुण्डे	9308
फक्सिब	5894
शैलुङ्गेश्वर	29238
इनामे	27164
भट्टराई_डाँडा	76712
दोधनपुर	23760
नयाँगाउँ	19767
घाटगाउँ	29117
फगाम	5891
उदयदेव	30580
सौराहा_(चितवन)	68684
भोरा_सलेना	69380
सारी,_प्युठान	76540
पिपलटारी	33033
धर्मस्थली	4312
सुडाल	28642
दोहरी	5988
कुन्तादेवी	31560
सिंहदेवी,_ओखलढुङ्गा	31611
नेटा,_सुर्खेत	29127
हरिहरपुर,_बारा	26356
बुडी_मोरङ	3893
काफलसेरी	26122
महाकाली_अञ्चल	2734
जमुनिमध्येपुरा	23763
कोटपेटारा	30583
तिपालेटा_गा.वि.स.	10407
फेदीगुठ	31575
सिकैंचा	23582
रुगा	33000
थोचे	32282
तान्द्राङ	31417
भूचक्रपुर	3701
ढुंग्रेखोला	5830
सारदानगर	31764
समैजी	32519
मल्लाज_दरवार	43586
झाप्रा	29662
बिदुर_नगरपालिका	6393
पाटनको_कृष्ण_मन्दिर	30259
ठूलाछाप	31567
भीमखोरी	3667
धवाङ	5792
लुम्ले	33405
सरुअठा	26757
बिजुबार	3739
जेठल	27070
बाह्रबिसे,_संखुवासभा	23694
हेटौंडा_उपमहानगरपालिका	6365
इशानेश्वर	33163
थापापुर	30704
काइगाउँ	32961
जिता	33176
कोटेली	32507
रामनगर_भुटाहा	26888
पगनाथ	10754
लक्ष्मीपुर,_कञ्चनपुर	32940
थाम्पालकोट	27103
मलहनीयाँ	23810
पत्थरगाढा	23781
अर्थुङ्गे,_म्याग्दी	32293
कुलगडे_देवता	68901
गढहल	6050
दियाले,_ओखलढुङ्गा	31603
बाटुलासौँ	69502
पंचन	32011
रानीबाँस	29137
छपली	3924
जमदह	31265
सर्स्युखर्क	27564
हर्मिचौर	27973
कुरुम्बा	23467
फुजेल	6027
सुर्खाङ	42846
सिराहा_नगरपालिका	31332
पोखराथोक	58163
चुनिख्यः	3998
चिन्नेबास	3968
पर्सौनी_बिर्ता	32543
छत्रगञ्ज	3934
नायकबाडा	29682
गगुडा	6056
मनकामना_मन्दिर	16274
घ्याङ्गफेदी	29544
साल्दाङ	32973
सर्कुवा	33274
अर्खा	26212
नेत्रकाली	31933
थानापाटी	29553
लिपनी_बिर्ता	32587
धुन्चे	5826
खुम्बु_हिम_प्रपात	17023
सिद्धकाली	23707
श्रीकोट,_मुगु	33004
बुङताङ	3901
सीतापुर	3295
शिवपुर,_बर्दिया	31819
रायडाँडा	33270
खोकना	16520
बाडेगाउँ	27083
भवानीपुर्,_सर्लाही	29810
चिसापानी,_रामेछाप	31497
पाचोक	33189
फेवा_ताल	17018
हरिपुर्वा	29835
रुलाकोट	69759
थुम्का	77050
माझीगाउ	26134
फोप्ली	26233
सिद्राहा	23402
महेन्द्रनगर_नगरपालिका	6378
लखन्तरी	23391
पोखरी	27181
सूर्यमती	29560
रानिवन,_अछाम	26038
भदौरे_तमागी	33395
मूलखर्क	31587
दुर्गामाण्डु	5868
मौनाबुधुक	26937
गोश्वारा	31496
माछापुच्छ्रे_हिमाल	9389
म्यालपोखरी	27957
देउराली,_नवलपरासी	29716
किन्ताङ्ग	29585
सिमीचौर	27968
खिदीम	3216
भीरपानी	3677
साँडेपानी	30730
सगरमाथा_राष्ट्रिय_निकुञ्ज	4781
सापिङ	27586
सिपाली_चिलाउने	27589
डुम्रिसे	23568
बौनिया	3803
कालागाउँ,_सल्यान	32359
बाबियाचौर	32305
सुखिपुर	31325
खालीवन	27857
सिप्टी	26792
दैलेख_जिल्ला	2775
बसतपुर	26724
तिलोत्तमा_नगरपालिका	70518
गम्हरीया_बिर्ता	26683
ओखरकोट	26214
नवराजपुर	31270
बलखू	31577
बलम्ता	56116
टाङटोला_गाउँ	69384
चुनीखेल	30346
सङ्खुवासभा_जिल्ला	2740
विजय_नगर	3735
धपुक_सिमल_भञ्ज्याङ	4299
याम्फुदिन	23573
पकवादी	34041
फोक्सुण्डो_ताल	9053
कुडवा	26281
हजमीनीया	55537
घोर्लिखर्क	26917
रौतहट_जिल्ला	2747
त्रिपुरासुन्दरी_(बुढी_घटाल)	76681
चेपुवा	3875
नेपाल_वायुसेवा_निगम_विमान_दुर्घटना_४_फागुन_२०७०	62509
सूर्यपटुवा	31809
ठाडा	3271
जलजला,_बागलुङ	33244
सुर्मा	26147
बनेपा_नगरपालिका	6391
बालंखा	64464
घोडाघोडी_ताल	13007
दुलेगौंडा	5912
दांगीघाट	4059
बेल्हा	31282
सुँगुरखाल	30729
बासा	32017
पिपलकोट,_बझाङ	26131
हिलेदेवी	31511
कालाफांटा	31662
कोचाबखारी	23752
विगु	29240
मोतिपुर,_बर्दिया	31818
ठुली_भेरी_नदी	17034
दिगम	5853
भुजुङ	3704
दमक_नगरपालिका	4036
टुकुचे	42843
बिजुली	3740
लालमटिया,_दाङ	28800
शारदा_बतासे	27568
परेवादिन	26925
लागर्चे	27112
तलुवा	31570
नार	32283
बेखसिम्ले_घर्तीगाउँ	27562
रौतेलिबिचवा	32936
गेटा	30698
छाङछाङदी	3921
अर्जे	27908
सतुंगल	30378
मल्हनिया_खोरी	31294
कालिकाखेतु	29029
रन्मामैकोट	33123
होक्लावारी	23410
फिनाम	6021
रापाकोट	34061
मेच्छे	27574
माझफाँट_मल्लाज	33045
जमकट्या_गाउँ	69259
सरमुजवा	26756
वोया	27014
चण्डिका(बयलपात)	3831
थिर्पु	28051
सुनसरी_जिल्ला	4435
भुटाही	3716
बिजयपुर,बैतडी	62267
नायरनमतलेस	27889
च्यानाम	4004
कैलपाल_बाबा_मन्दिर	66032
रगनी	31589
ओयाम	23465
डाँडागाउँ,_काभ्रे	27540
अग्नि_एयर_दुर्घटना_२०६९_जेठ_१	49413
बानेथोक_देउराली	34046
दामन	6606
पथरा_बुधराम	26702
गत्लाङ	33089
पश्चिम_कुसाहा	26879
फाक्चामारा	14366
पिलाडि	14224
कटारी_नगरपालिका	35440
राँचुली	28064
विष्णुपादुका_गाविस	3774
सुकाटियाँ	28070
मलुङ्ग	34057
दर्बेशा	23372
ख्याहा	27858
झलारी	32927
लाकुरी	26096
बैदी	42783
भिजेर	3660
छिम्केश्वरी	3939
थाम्पालधाप	27102
ब्याँस	3908
पोखरिया	23376
कुन्छा	33168
जैसीथोक	5941
मालाखेती	30720
हेमपुर	29839
सिखरपुर,बैतडी	62276
दह,जाजरकोट	29670
शिगाशधुरा	68966
बेल्ही,_सिराहा	31342
माझकोट_तनहुँ	42788
रामनगर_मिर्चैया	31303
ओलाङ्चुङ_गोला	31135
पौनेखोला	69454
बालाकोट	33035
राङ्सी	26201
खेजेनिम	23563
धाप_गाउँ	69452
मेलौली	30610
आरुपोखरी	31396
मल्लादेही_मेलौली	69077
बागलुङ_नगरपालिका	64325
सिदिन	23489
धनवाङ	4294
दुबिचौर	5899
विश्व_शान्ति_स्तूप	33885
चित्रे	3980
सर्लाही_जिल्ला	4197
निस्कोट	32313
फाकफोक	5020
बाकोट_गाउँ	69388
धुलिखेल_नगरपालिका	5820
मुँब्रा	28060
महाभारत,_धनकुटा	26934
ज्यामिरे	27071
टाक्सिन्दु	32005
छापाहिले	3923
थुप्रेक	42775
अस्रङ	31392
मृगौलिया	23386
राङ्सी,_रुकुम	33137
शरमौली	26789
गोकुले	27531
मलंगवा_नगरपालिका	25835
खम्लालुङ	14358
बाँसबारी	27084
गम्हरीयाप्रवाहा	23757
मधुमल्ला	23384
सिपखाना	28069
छोरम्बु	3953
धनगढ	4288
तरङ्गा	29123
बयरबन_केरौन	49867
चितापोल	3977
राराताल	8846
कुइका	25979
कांडा	26054
अर्गली	27847
होलिया	31695
पातरासी	29043
पाली_गाविस	43954
कान्टै	26770
माङ्तेवा	23697
नर्जामण्डप	29557
छतारा	3928
समीभञ्ज्याङ	33208
भिमपोखरा	33264
दरख	4068
धर्मपुर_गाविस,_रौतहट_जिल्ला	4304
मोराहाङ	14367
आम्वुङ	14352
फेटा	26313
इन्द्रावती_नदी,_नेपाल	8829
रावतकोट	12406
सुन्द्रावती	29235
लौकाहा	26749
हरिहरपुर,_सप्तरी	23839
ढिकपुर	5795
नाम्चे_बजार	24114
तलिउम	29036
देवापुर	4260
थानगाँउ	27178
मैनामैनी	56117
रंगेली_नगरपालिका	9766
दसेरा	4085
बुलबुल_ताल	76884
पोखरभिन्डा	31276
बुधबारे	3883
रोकायागाउँ	29681
कोट,_भोजपुर	26973
गोक्यो_ताल	17016
बौद्धनाथ	4861
चिलंखा	3961
महमाइ	5026
याङनाम	23480
