राजेश्वर_नेपाली	54750
नेपाली_खेलकुद_संघहरू_र_स्थापना_वर्ष	7651
नेपाली_इ-पुस्तक	54083
नेपाली_राष्ट्रिय_क्रिकेट_टिम	54335
मुस्कान_सेना_नेपाल_पार्टी	47568
द_एशोसिएसन_अफ_नेपालीज_इन_अमेरिकाज	16402
चूरेभावर_राष्ट्रिय_एकता_पार्टी_नेपाल	47607
पहिलो_नेपाल_तिब्बत_युद्ध	7144
नेपाल_वन_टेलिभिजन	12835
नेपाल_सद्भावना_पार्टी_(आनन्दीदेवी)	47556
राष्ट्रिय_स्वाभिमान_पार्टी_नेपाल	60986
नेपाल_गुणस्तर_तथा_नापतौल_विभाग	9198
नेपाल_स्वास्थ्यकर्मी_संघ	46891
नेपालमा_घरजग्गाकर,_कृषिअर्थतन्त्र_तथा_आवास_व्यवस्थापन;_वर्तमान_अवस्था_र_सुधारको_आवश्यकता	69018
राजु_नेपाली	69760
पन्ध्र_तारा_र_नेपाली_साहित्य	45696
घनश्याम_नेपाल	62890
नेपाल_दुरसञ्चार_प्राधिकरण	75238
नेपाल_साम्यवादी_दल	47599
नेपालवाणी_नेटवर्क	50402
राष्ट्रिय_यथार्थवादी_पार्टी_नेपाल	61001
मोडर्न_नेपाल_कलेज	44333
नेपाली_भीरगौंथली	56572
विश्वनेपाली_संघको_वुलेटिन_(पत्रिका)	11361
नेपाल_ल_क्याम्पस	52531
नेपाली_सैनिक_विमान_सेवा	7110
नेपाली_युवक_बौद्ध_परिषद्_बुलेटिन_(पत्रिका)	11742
नेपाली_सैनिक_कमाण्ड_स्टाफ	44799
कम्प्युटर_एशोसिएसन_अफ_नेपाल	9175
नेपाल_न्यायिक_दल	61139
नेपालमा_इन्जिनियरिङ	9216
नेपालको_जनयुद्ध	46863
मोजिला_नेपाल	53742
नेपाल_रेडक्रस_सोसाइटी	77146
Portal:नेपाल	2280
समाजवादी_प्रजातान्त्रिक_जनता_पार्टी,_नेपाल	47544
नेपाल_बाँदरचरी	56333
नेपाली_कागज	14175
नेपाल_जूट_(पत्रिका)	12063
नेपाली_डिकुरेभ्याकुर	56387
नेपाली_विकिपीडिया	64187
नेपाली_व्यञ्जन	25256
सन्_२०१४_एसियाली_खेलमा_नेपाल	68900
नेपाल_प्रेस_युनियन	57237
राष्ट्रसंघीय_शान्ति_मिसनमा_बीरगति_पाएका_नेपाली_सैनिकहरू	7149
नेपाली_नागरिक_(पत्रिका)	11238
नेपाल_राष्ट्रिय_फुटबल_टिम	71162
नेपाल_पर्यटन_वर्ष_२०११	13566
प्रेस_काउन्सिल_नेपाल	8705
नव_नेपाल_निर्माण_पार्टी	60993
नेपाल_प्रिमियर_लिग_२०१४	62823
नेपाल_प्रतिलिपी_अधिकार_रजिष्ट्रारको_कार्यालय	8650
नेपाली_सेना	7109
नेपाल_कम्युनिष्ट_वुलेटिन_(पत्रिका)	11731
नेपालका_होटलहरू	53846
जयनेपाल_(पत्रिका)	11541
नेपाली_हास्यव्यङ्ग्य	14388
मिस_नेपाल_२०१४	68159
मिस_नेपाल_२०१५	76657
मिस_नेपाल_२०१२	49026
मिस_नेपाल_२०१३	54154
खुला_ज्ञान_प्रतिष्ठान_नेपाल	54016
मैले_देखेको_नेपाल	55038
नेपाल_धितोपत्र_बोर्ड	8625
नेपाल_गैर्ह_सअर्कारि_संस्था	8943
एन्डोरा-नेपाल_कूटनीतिक_सम्बन्ध	6484
नेपाल_विज्ञान_तथा_प्रविधि_प्रज्ञा_प्रतिष्ठान	37407
महा_नेपाली	14708
नेपाल_एकिकरण_अभियानका_लडाँइहरू	7125
नेपाल_सन्देश_(पत्रिका)	11703
मानव_निर्मित_नेपालको_झण्डा	68232
नेपाली_साहित्य_विभिन्न_आयाम	45695
ताम्सालीङ_नेपाल_राष्ट्रिय_दल	47608
नेपाल_(पत्रिका)	11337
नेपालका_विश्व_सम्पदा_क्षेत्रहरूको_सूची	77449
नेपाली_सांस्कृतिक_परिषद्_पत्रिका_(पत्रिका)	11243
नेपाल_वन	22606
नेपाली_काव्य_र_कवि	45689
नेपाल_बाघचाल_तथा_बुद्धिचाल_संघ	57666
जनमुक्ति_पार्टी_नेपाल	47586
जनजागरण_पार्टी_नेपाल	60961
नेपाल_कम्युनिष्ट_पार्टी_(मा.ले.मा._केन्द्र)	47567
नेपाल_कृषि_अनुसन्धान_परिषद्	8591
नेपाल_प्रजा_परिषद	54711
नेपाल_भाषा	1836
नेपाल_बैंक_लिमिटेड	5251
नेपालको_झण्डा	811
सन्_२०१२को_ग्रीष्मकालीन_ओलम्पिकमा_नेपाल	50964
विश्वले_चिन्नेछ_नेपाल	54715
नेपाल_समाचार_(पत्रिका)	11302
नेपाली_उपन्यास_परम्परा_र_प्रवृत्ति	70319
युथ_सोसाइटी_नेपाल	9261
नेपाल_मजदुर_किसान_पार्टी	5542
नेपाल_को-अपरेटिभ_पार्टी	47560
द_टिम्बर_कर्पोरेसन_अफ_नेपाल_लि.	8752
जनआवाज_एफ_एम,_नेपालगञ्ज	22647
नेपालको_प्रमाणिक_समय	7641
सङ्घीय_समाजवादी_पार्टी_नेपाल	60957
नेपाल-शिक्षा_(आधार_शिक्षा)_(पत्रिका)	12084
मेगा_बैंक_नेपाल_लिमिटेड	38584
जनता_पार्टी_नेपाल	61068
एकीकृत_नेपाल_कम्युनिष्ट_पार्टी_(माओवादी)	8415
नेपाली_चलचित्रको_सुरुवात	7654
श्रमिक_जनता_पार्टी–नेपाल	61142
नेपाल_दर्शन_कलेज	44027
नेपाल_राष्ट्रिय_विकास_पार्टी	47546
नेपाल_एकीकृत_जनशक्ति_युवा_संगठन	53970
संघीय_गणतान्त्रिक_समाजवादी_पार्टी_नेपाल	60966
नेपाल_गौरवशाली_पार्टी	61070
नेपाली_बुङ्गेचरा	56310
पुष्प_नेपाली	5156
नेपाल_गजेट_(पत्रिका)	11240
नेपाल_कलेज_अफ_डेभलेपमेन्ट_स्टडिज	44893
नेपाली_अभिनेताहरू	69426
आर्थिक_नेपाल_(पत्रिका)	11327
नेपाल_आवास_विकास_वित्त_कम्पनी_लि.	13348
नेपालका_महिला_व्यक्तित्वहरू	53983
नेपाल_हिपहप_फाउन्डेसन	56212
नयाँ_अटो_नेपाल	13774
नेपाल_पत्र_(पत्रिका)	11701
हरियाली_नेपाल_पार्टी	47557
नेपालमा_रहेका_विभिन्न_देशका_दूतावासहरू	56195
नेपाल_जाती	56016
नेपाल_सद्भावना_पार्टी_(युनाइटेड)	61015
नेपाल_प्रजापरिषदको_वुलेटिन_(पत्रिका)	11733
जनता_दल_नेपाल	60988
नेपालगञ्ज_उपमहानगरपालिका	4122
नेपालको_चलचित्रको_इतिहास	55432
नेपाल_औद्योगिक_विकास_निगम_लिमिटेड	43728
नेपाल_प्रजापरिषद	9395
नेपालका_विकास_क्षेत्रहरू	4520
नेपाली_जनता_दल	47581
गरीब_एकता_समाज_पार्टी_नेपाल	61000
राष्ट्रिय_मधेश_एकता_पार्टी_नेपाल	61143
नेपाली_हरेउ	66820
नेपाल_सरकारको_आर्थिक_वर्ष_०६५/६६_को_नीति_तथा_कार्यक्रम	7724
नेपाली_सांकेतिक_भाषा	52385
नेपाल_अकाडेमी_अफ_टुरिजम_एण्ड_होटल_म्यानेजमेन्ट	44340
नेपाली_संस्कृति	48783
नयाँ_नेपाल_लघु_वित्त_विकास_बैंक_लिमिटेड	43906
नेपाली_साहित्यका_केही_पृष्ठ	45692
नेपाल_सुकुम्वासी_पार्टी_(लोकतान्त्रिक)	47605
नेपाल_एफएम	22651
ॐ_सेना_नेपाल	61144
नेपाल_संवत	2348
नेपालका_राजनैतिक_दलहरू	24807
अनिवार्य_नेपाली_कृतिसमीक्षा	45648
नेपाल_वान	43611
लोकतान्त्रिक_जनता_पार्टी,_नेपाल	47587
विगिनिङ्ग_नेपाली	47180
नौलो_नेपाली_(पत्रिका)	11913
फ्रम_द_म्याङ्गो_ट्री_एन्ड_अदर_फल्क_टेल्स_फ्रम_नेपाल	55940
नेपाली_बाबु	23970
समकालीन_नेपाली_नाटक	45628
नेपाली_नाटक_र_नाटककार	45690
नेपाल_लोकतान्त्रिक_समाजवादी_दल	47604
परराष्ट्र_मन्त्रालय_(नेपाल)	5110
भरत_नेपाली_प्याकुरेल	8912
नेपाल_कम्युनिष्ट_पार्टी_(मार्क्सवादी-लेनिनवादी-माओवादी_केन्द्र)	7458
युवा_शक्ति_नेपाल_पार्टी	61146
नेपाली_एकाङ्की_भाग_२	45598
नेपाली_एकाङ्की_भाग_३	45599
नेपाल_कलेज_अफ_ट्राभल_एण्ड_टुरिजम_म्यानेजमेन्ट	44341
नेपाली_एकाङ्की_भाग_१	45597
अखिल_नेपाल_फुटबल_संघ	71171
हेल्प_नेपाल_नेटवर्क	7295
स्वतन्त्र_नेपाली_(पत्रिका)	11209
राम्रो_रचना,_मीठो_नेपाली	6549
पर्बते_(रोमन_नेपाली)_(पत्रिका)	11271
नेपाली_चलचित्रहरूको_सूची	43490
नेपाल_राष्ट्रिय_निम्न_माध्यमिक_विद्यालय	74223
विकासोन्मुख_नेपाल_(पत्रिका)	11448
तीनबुँदे_सहमति_(नेपाल_सरकार_तथा_माओवादी)	24014
नेपालका_खेलकुद_संघ_र_स्थापना_वर्ष	6493
नेपालमा_मूल_अधिकार	43552
उपन्यास-सिद्धान्त_र_नेपाली_उपन्यास	45652
नेपाली_साहित्यको_परिक्रमा	45693
किशोर_नेपाल	44870
च्यानल_नेपाल	22609
प्रयोगात्मक_नेपाली_शब्दकोश	8778
इन्टरमिडियट_नेपाल_स्ट्रक्चर	47181
राष्ट्रिय_मानव_अधिकार_आयोग_(नेपाल)	8618
नेपाल_प्रेस_इन्स्टीच्युट	9177
बिमला_नेपाली	14734
नेपाल_आँखा_अस्पताल_काठामाण्डौ	6665
जय_नेपाल_सिनेमा_हल	8075
नदीको_आधारमा_नेपालको_विभाजन	55359
नेपाली_साहित्य_सम्मेलन_पत्रिका_(पत्रिका)	11225
नेपाल_स्काउट	2638
नेपाल_आयुर्वेद_(पत्रिका)	11181
सान_मारिनो-नेपाल_कूटनीतिक_सम्बन्ध	6492
नेपाली_लेख्ने_तरिका	22776
नेपाल_शान्ति_क्षेत्र_परिषद्	47576
नेपाली_(पत्रिका)	11336
नेपाल_प्रशासनिक_प्रशिक्षण_प्रतिष्ठानको_सभाहल	47779
नेपालीनक्स	4670
भारतीय_सिपाही_विद्रोहमा_शाही_नेपाली_सेना	7138
रुसी_सांस्कृतिक_केन्द्र,_नेपाल	56888
नेपालको_संस्कृति	16180
थरुहट_तराई_पार्टी_नेपाल	60958
नेपाल_दलित_श्रमिक_मोर्चा	47606
गोबिन्द_नेपाली	14801
कंगो-नेपाल_कूटनीतिक_सम्बन्ध	6487
नेपाल_गणतान्त्रिक_एकता_पार्टी	60995
नेपाली_चलचित्र	3200
नेपाल_रेड्क्रस_सोसाइटी	77145
नेपाल_आव्हान_(पत्रिका)	11702
कटक_नेपाली	69655
नेपालमा_महिलाको_अवस्था	53948
नेपाल_चार्टर्ड_एकाउन्टेन्ट्स_संस्था	61988
नेपालको_कानूनी_इतिहास	25615
नेपाल	804
नेपाल_जागृति_दल	47588
नेपाली_लोक_साहित्यको_विवेचना	46271
नयाँ_नेपाल_(पत्रिका)	11727
नेपालको_निशान_छाप	74029
नेपाल_विद्यार्थी_संघ	42535
सहकारी_पार्टी_नेपाल	60998
नेपाली_सेनामा_भर्ती_प्रकृया	15354
नेपाली_पात्रो	47290
नेपाल_संस्कृत_विश्वविद्यालय	47240
नेपाली_लेखक_कोश_(पुस्तक)	69942
नेपाल_प्रहरी	7624
कानुन,_न्याय_तथा_संसदीय_व्यवस्था_मन्त्रालय_(नेपाल)	5062
जल_तथा_शक्ति_आयोग_(नेपाल)	5066
मुद्राराक्षस_संस्कृत_नाटकको_नेपाली_अनुवाद	8353
गोपिसिंह_नेपाली	69692
नेपाल_प्रहरी_क्लब	28143
नेपाल_क्रिकेट_संघ	63406
पहाडी_प्रदेश_(नेपाल)	10026
नेपाली_चलचित्र_का_विदेशी_नायिका	48373
जनमुक्ति_सेना,_नेपाल	52568
नेपाली_साहित्यिक_आन्दोलन	48362
नेपालको_शिक्षा_मन्त्रीहरू	70846
भरतपुर_(नेपाल)	6358
नेपाल_सवास्थ्यकर्मी_संघ,_कैलाली	46194
इक्वल_एक्सेस_नेपाल	57260
नेपाल_पत्रकार_महासंघ	53831
नेपाली_समालोचना_(पुस्तक)	45691
नेपाल_टाइम्स_(पत्रिका)	11756
हिटस्_एफएम_(नेपाल)	60935
इण्डिया_न्यूज_(नेपाली)_(पत्रिका)	11996
गैर_आवासीय_नेपाली_संघ	7294
नेपाली_उपन्यासका_आधारहरू	45684
श्रीमान्_गम्भिर_नेपाली	823
नेपालको_जनआन्दोलन_२०४६	46907
नेपाल_सशस्त्र_वनरक्षक	7112
भोजपुर_जिल्ला_(नेपाल)	6316
नेपाली_निबन्ध_भाग_२	45532
नेपाली_साहित्यकार_संपर्क_समिति_(पत्रिका)	11543
नेपाली_युनिकोड	3180
वसन्त_कुमार_शर्मा_'नेपाल'	10908
नेपाल_बार_एशोसिएसन	53833
नेपाल_मगर_संघ	56228
नेपाल_कम्युनिष्ट_पार्टी_(एकिकृत)	7466
नेपाली_लेखकहरूको_सूची	22947
नेपालको_अर्थतन्त्र	3254
द_क्राउन_एण्ड_द_पञ्चायत_डेमोक्रेशी_इन_नेपाल	47182
नेपाली_निबन्ध_भाग_१	45531
विवेकशील_नेपाली	72460
नेपाल_एसविआई_बैंक_लिमिटेड	38566
नेपाल_कम्युनिष्ट_पार्टी_(मालेमा)_साम्यवादी	61152
नेपाली_कविता_विभिन्न_आयाम	45688
ट्रेकिङ_एजेन्सिज_एसोसिएसन_अफ_नेपाल_(टान)	57999
नेपाल_प्रज्ञा_प्रतिष्ठानको_हल	47778
हिमाली_प्रदेश_(नेपाल)	10027
नेपाल_प्राध्यापक_सङ्घ	57773
समाजवादी_पार्टी_नेपाल	47547
नेपाली_चलचित्रको_पहिलो	7655
नेपाल_तितु	57006
नेपाली_जनतन्त्र_पार्टी	47570
रक्षा_मन्त्रालय,_नेपाल	5222
राष्ट्रिय_मुक्ति_आन्दोलन_नेपाल	61007
नेपाल_परिवार_दल	47600
मधेश_समता_पार्टी_नेपाल	60964
नेपालमा_भएका_बैंकहरुको_सुची	38588
नेपाल_अधिराज्यको_संविधान_२०४७	8403
खम्बुवान_राष्ट्रिय_मोर्चा_नेपाल	60960
स्वास्थ्य_मन्त्रालय_(नेपाल)	8601
विदेशमा_नेपाली_भाषा	14177
नेपालमा_बोलिने_भाषाहरू	16252
लिथुआनिया-नेपाल_कूटनीतिक_सम्बन्ध	6486
नेपाल_पुकार_(पत्रिका)	11299
नेपाल_प्रज्ञा_प्रतिष्ठान	23201
नेपालका_राष्ट्रिय_चिन्हहरू	72772
नेपाल_सद्भावना_पार्टी_(गजेन्द्रवादी)	61012
संघीय_विकासवादी_पार्टी_नेपाल	61085
नेपाल_राजकीय_प्रज्ञा-प्रतिष्ठान	8296
नेपालमा_क्यान्योनिङ	54179
नेपालका_चिकित्साशास्त्र_अध्ययन_केन्द्रहरु	6568
अफगान_युद्धमा_शाही_नेपाली_सेना	7141
नेपाली_काँग्रेस_(राष्ट्रवादी)	47584
नेपाल_समाजवादी_पार्टी_(लोहियावादी)	61084
नेपाली_राष्ट्रिय_जनभावना_पार्टी	47578
चार्म_नेपाल	5169
संस्कृति,_पर्यटन_तथा_नागरिक_उड्डयन_मन्त्रालय_(नेपाल)	5119
अर्थ_मन्त्रालय_(नेपाल)	5052
नेपाल_ललित_कला_संस्थाको_मुखपत्र_(पत्रिका)	11604
वन_तथा_भू-संरक्षण_मन्त्रालय,_नेपाल	5131
भानुअटु-नेपाल_कूटनीतिक_सम्बन्ध	6485
नेपाल_भारत_सीमा_समस्या	54506
नेपाली_सेनाले_बनाएका_सडकमार्गहरू	7156
ग्रान्ड_बैंक_नेपाल_लिमिटेड	38580
नेपाल_उच्च_माध्यमिक_विद्यालय	65873
नेपाल_भौगोलिक_समाज	55524
तराई_प्रदेश_(नेपाल)	10025
विकिथन_नेपालमा_अनलाईन_सहभागी	35941
मिसन_इन_नेपाल	53648
नेपालमा_नारीवाद	74983
नेपाल_युवा_किसान_पार्टी	60982
नेपाल_मेडीकल_कलेज_शिक्षण_अस्पताल	6683
नेपालमा_महिला_अधिकार	74926
नेपाल_उद्योग_परिसंघ	53844
नेपाल_खाद्य_संस्थान	9200
प्रवासी_नेपाली_(पत्रिका)	11281
नेपाल_समता_पार्टी	47554
नेपाल_विद्युत_प्राधिकरण	8595
गणतन्त्र_दिवस_(नेपाल)	47257
नेपाली_गहना	13541
मेरो_नेपाल_भ्रमण	46255
जनयुनिटी_को–अपरेटिभ_पार्टी_नेपाल	61020
नेपाली_साहित्य_कोश	69968
नेपाली_(स्पष्टता)	2372
नेपाल_कम्युनिष्ट_पार्टी_(एकीकृत)	47550
नेपाली_खाना_बनाउनमा_प्रयोग_हुने_भाँडाहरु	37446
राष्ट्रवादी_मिलन_केन्द्र_नेपाल_दल	47565
नेपालका_गुरुकुलहरू	70652
नेपालमा_दूरसंचार_सेवा	16221
भारतमा_नेपालीहरुको_जनसंख्या	43339
नेपाल_कम्युनिष्ट_पार्टी_(एकीकृत_मार्क्सवादी-लेनिनवादी)	42546
नेपाली_राहदानी	7285
नेपाल_बंगलादेश_बैंक_लिमिटेड	38567
नेपालका_तालहरू	71601
चुरेभावर_राष्ट्रिय_एकता_पार्टी_नेपाल	60994
नेपाल_नागरिक_उड्डयन_प्राधिकरण	7601
नेपाल_वैंक_लि._वुलेटिन_(पत्रिका)	11677
नेशनल_कन्स्ट्रक्सन_कम्पनी_नेपाल	13349
नेपालका_विश्वविद्यालयहरूको_सूची	65093
सिक्किम-दार्जीलिङ_र_डुवर्समा_नेपाली_पत्रकारिता	30755
नेपाली_राष्ट्रिय_कीर्तिमान	47027
नेपाल_नर्सिङ_परिषद्	55865
नेपाली_साहित्य_सम्मेलन,_दार्जीलिङ	54591
नेपाली_साहित्य	16164
नेपाल_आयुर्वेद_मेडिकल_कलेज	45907
माधवकुमार_नेपाल	6440
नेपाल_अधिराज्यको_संविधान_२०१५	8423
प्रथम_विश्वयुद्धमा_शाही_नेपाली_सेना	7139
मातृभूमि_नेपाल_दल	61080
नेपाल_टेलिभिजन	5068
नेपाल_लेखामान_बोर्ड	61998
नेपाल_विकास_बैंक_लिमिटेड	9194
नेपालको_जनआन्दोलन_२०६३	46914
टिम_नेपाल	69004
बृहत_नेपाली_शब्दकोष	33779
नेपाली_सुचना_प्रविधि-_वर्ष_२०६५	48370
सेलेक्टेड_नेपाली_एसेज	46649
नेपाल_फाइनान्स_लिमिटेड	43816
नेपाल_–तिब्बत_/चीन_युद्ध	7145
नेपाल_जनभावना_पार्टी	47574
पूर्णप्रकाश_नेपाल_'यात्री'	54660
चुरे_भावर_राष्ट्रिय_एकता_पार्टी_नेपाल	7204
समकालीन_नेपाली_कविताको_बिम्बपरक_विश्लेषण	45732
फुटबल_विश्वकप_छनौटमा_नेपाल	6495
नेपालको_भूगोल	2462
नेपाली_साहित्यको_इतिहास_(पुस्तक)	47166
माइती_नेपाल	53720
नेपाली_नागरिक	53140
नेपालको_फुटबल_इतिहास	6494
नेपाल_हाउजिङ_एण्ड_मर्चेण्ट_फाइनान्स_लिमिटेड	43828
नेपाल_पिट्टा	56833
संघीय_समावेशी_समाजवादी_पार्टी_नेपाल	60999
नेपालको_पहिलो	47353
नेपालमा_मानव_तस्करी	54299
नेपाल_इन्भेष्टमेण्ट_बैंक_लिमिटेड	38563
रिमा_कुमारी_नेपाली	14791
नेपाली_समाचार_पत्र	49481
राष्ट्रिय_खेलकुद_परिषद्,_नेपाल	8622
नेपालको_अन्तरिम_संविधान_२०६३	8404
शान्ति_पार्टी_नेपाल	47592
प्राकृतिक_इतिहास_संग्रहालय_नेपाल	68638
माउन्टेन_एयर_(नेपाल)	16300
नेपाली_व्याकरण	48710
नेपाल_कम्युनिष्ट_पार्टी_(संयुक्त_मार्क्सवादी)	5541
विकिथन_नेपालमा_प्रत्यक्ष_सहभागी	35940
मिस_नेपाल	7885
नेपालका_प्रधानमन्त्रीहरू	1567
माध्यमिक_नेपाली_पद्य	45357
नेपाल_राष्ट्र_बैंक	5498
नेपाल_(पुस्तक)	69019
नेपालको_अन्तरिम_शासन_विधान_२००७	8422
नेपालमा_नाटक_परम्परा	23029
प्राचीन_नेपाली_पद्य	45336
नेपाल_राष्ट्रिय_विकास_परिषद	55924
स-शक्ति_नेपाल	47589
नेपालका_दलित_वर्गमा_पर्ने_थरहरु	22780
नेपालीको_रेडियो	60934
ठेट_नेपाली_शब्दहरु	3378
नयाँ_नेपाल_राष्ट्रिय_पार्टी	61019
नेपालका_मन्त्रिमण्डलहरू	10007
नेपालमा_घरेलु_हिंसा	74925
नेपालमा_भ्रष्टाचार	72811
सूचना_प्रविधि_उच्चस्तरीय_आयोग_(नेपाल)	8626
नेपाल_श्रमजिवी_दल	61145
नेपाल_नेत्र-ज्योति_सङ्घ	57774
कृषि_तथा_सहकारी_मन्त्रालय_(नेपाल)	5063
नेपाली_कांग्रेस_(प्रजातान्त्रिक)	24853
नेपालका_सर्वोच्च_आठ_हिमाल	9204
निर्वाचन_आयोग_(नेपाल)	5081
नेपालको_सर्वोच्च_अदालत	4789
प्रधानमन्त्री_तथा_मन्त्रिपरिषदको_कार्यालय_(नेपाल)	5128
अख्तियार_दुरुपयोग_अनुसन्धान_आयोग,_नेपाल	4959
नेपाली_बृहत्_शब्दकोश	6536
कमर्ज_एण्ड_ट्रस्ट_बैंक_नेपाल_लिमिटेड	38585
नेपाल_नागरिक_पार्टी	61009
नेपालमा_टेलिफोन_कम्पनीहरू	48157
वर्ल्ड_ट्रेड_सेन्टर,_नेपाल	13464
नेपालका_राष्ट्रिय_निकुञ्जहरू	54960
नेपालदेखि_अमेरिकासम्म(उपन्यास)	45177
नेपाल_बन्द	33815
चिरञ्जीवी_नेपाल	75414
नयाँ_नेपाल_रेडियो	69330
नेपालमा_भूकम्पको_इतिहास	53447
स्टाण्डर्ड_चार्टर्ड_बैंक_नेपाल_लिमिटेड	38564
नेपाल_साइन्स_क्याम्पस	44342
नेपालका_जिल्लाहरू	4521
लोकतान्त्रिक_जनता_पार्टी_नेपाल	61147
चित्तरञ्जन_नेपाली	54498
नेपाल_मेडिकल_कलेज	14531
राष्ट्रिय_जनता_दल_नेपाल	47590
फत्तेवाल_आँखा_अस्पताल_नेपालगंज	6791
नेपाल_दूरसञ्चार_प्राधिकरण	8637
नेपाल_बहुदल_पार्टी	47594
नेपाल_अन्तर्राष्ट्रिय_आदिवासी_चलचित्र_महोत्सव	54979
नेपाल_भूतपूर्वक_सैनिक_सं._को_वुलेटिन_(पत्रिका)	11880
नेपाले_डाँडा	26994
नेपाल_इण्डष्ट्रियल_एण्ड_कमर्सियल_बैंक_लिमिटेड	38571
नेपाल_राष्ट्रिय_बाल_पुस्तकालय	27029
बहुजन_समाज_पार्टी_नेपाल	61016
सदर_चिडियाखाना,_नेपाल	57766
नेपाल_सरकारको_बैधानिक_कानून_२००४	8420
नेपालका_नदीहरू	6338
नेपालका_नदीहरु	7775
नेपाली_काव्य_र_उसका_प्रतिनिधि_कवि	45686
बैंक_अफ_एसिया_नेपाल_लिमिटेड	38579
नेपालका_राजाहरूको_सूची	17901
मधेशी_जनअधिकार_फोरम_नेपाल	60930
नेपाल_राष्ट्रिय_पुस्तकालय	8621
नेपाल_:_विश्वको_प्राचीनतम_देश	13763
नेपालका_दर्शनीय_स्थलहरु	48784
नेपाली_शब्दकोश	57918
नेपाल_राष्ट्रिय_लोकतान्त्रिक_दल	47582
नेपालमा_निर्वाचन	59257
जनमत_संग्रह_२०३७_(नेपाल)	10029
नेपाल_लेबर_पार्टी	61011
संयुक्त_राष्ट्रवादी_मोर्चा_नेपाल	61006
नेपाल_पर्यटन_तथा_होटल_व्यवस्थापन_प्रतिष्ठान	8762
नेपाल_राष्ट्रिय_जनकल्याण_पार्टी	47564
नेपाल_राष्ट्रसेवा_दल	61077
नेपालको_आमसञ्चार	51109
नेपालको_संविधान_२०१९	8424
नेपाली_समालोचना_परम्परा_र_प्रवृत्ति_(पुस्तक)	70054
नव_नेपाल_प्रजातान्त्रिक_दल	47609
रेडियो_नेपालवाणी	22656
नेपाल_वायुसेवा_निगम	13311
नेपालगंज,_कोहलपुरका_अस्पताल_हरू	6804
पाराग्वे-नेपाल_कूटनीतिक_सम्बन्ध	6491
नेपालको_पहिलो_संविधान_सभा	49582
जलस्रोत_मन्त्रालय_(नेपाल)	5074
मिस_सुनुवार_नेपाल	73758
भारत-नेपाल_शान्ति_तथा_मैत्री_सन्धि,१९५०	67214
नेपाल_जनसंघ_पार्टी	47572
ग्वाटेमाला-नेपाल_कूटनीतिक_सम्बन्ध	6490
ब्लड_डोनर्स_एसोसिएसन_अफ_नेपाल	57665
नेपालका_बालीनाली_र_तिनको_दिगो_खेती	17086
भरतपुर_नेपाल	5172
Portal:नेपाल/लेख	2283
नेपाल_टेलिकम	7616
नेपाल_कानून_आयोग	4515
नेपालको_संसदिय_चुनाव_२०१५	47242
नेपाल_अंग्रेज_युद्ध	7134
नेपाली_वर्णमाला_गाना	55962
नेपाल_कृषिसुधार_संघको_वुलेटिन_(पत्रिका)	11518
नेपाल_समावेशी_पार्टी	61022
बागेश्वरी_मन्दिर,_नेपालगञ्ज	4485
नेपाली_विकिपीडियाको_गाइडलाइन	22747
नेपाल_राष्ट्रिय_कलेज	70902
नेपाल_आँखा_अस्पताल	14523
नेपाली_साहित्यको_इतिहास	60876
नेपाली_सैनिक_प्रतिष्ठान	44162
भारतीय_नेपाली	53869
नेपाली_उपन्यास_र_उपन्यासकार	45683
वजरीस्थानको_लडाँइमा_शाही_नेपाली_सेना	7140
नेपालको_एकिकरणकाल	7417
नेपाली_कांग्रेस_उपत्यकाञ्चल_वुलेटिन_(पत्रिका)	11515
दोश्रो_विश्वयुद्धमा_शाही_नेपाली_सेना	7142
नेपाल_कम्युनिष्ट_पार्टी_(संयुक्त)	47553
नेपालटार	46509
नेपाली_कविता_भाग_२	45322
नेपाली_कविता_भाग_४	45323
लिम्बुवान_मुक्ति_मोर्चा_नेपाल	61083
नेपाली_जङ्गी_अड्डा	7154
राष्ट्रिय_प्रजातन्त्र_पार्टी_नेपाल	47549
नेपाली_कविता_भाग_१	45321
नेपाल_तरुण_दल	27141
नेपाल_सरकार	10938
अखण्ड_सुदूरपश्चिम_पार्टी_नेपाल	60985
नेपालका_शहरहरू	7245
नेपाली_काँग्रेस	5538
नेपाल_अधिराज्य	16175
नेपाली_पर्वहरूको_सूची	54720
नेपाल_जनता_पार्टी	47593
नेपाल_वायुसेवा_निगम_विमान_दुर्घटना_४_फागुन_२०७०	62509
नेपालका_अस्पतालहरू	6564
फोस_नेपाल	53741
नेपाली_शिक्षा_परिषद्	54595
नेपाल_कम्यूनिटी_डेभलपमेण्ट_बैंक_लिमिटेड	43811
नेपाल_क्रेडिट_एण्ड_कमर्स_बैंक_लिमिटेड	38569
नेपालको_इतिहास	3124
नेपाल_प्रजातान्त्रिक_युवा_पार्टी	47591
जनता_बैंक_नेपाल_लिमिटेड	38583
नेपाल_वातावरण_पत्रकार_समूह	9178
नेपाली_कविताको_प्रवृत्ति	45687
लोकतान्त्रिक_पार्टी–नेपाल	61078
नेपाली_सेना_पृतना_प्रधान_कार्यालय	7155
नेपाली_संगीत	48442
प्राचीन_नेपाली_गद्य	45708
नेपालमा_शैव_धर्म	57854
सेते_नेपाली	69698
मिस_नेपाल_उपाधी_बिजेताहरूको_सूची	68174
रक्षा_नेपाल	74972
नेपालदेखि_अमेरिकासम	47179
नेपाल_कम्युनिष्ट_पार्टी_(माले–समाजवादी)	61029
लिग_नेपाल_शान्ति_एकता_पार्टी	47569
नेपालको_प्रशासनिक_विभाजन	2711
नेपाली_साहित्यको_ऐतिहासिक_परिचय	47167
साहित्य_शास्त्र_र_नेपाली_समालोचना_पुस्तक	70003
स्पाइस_नेपाल_प्रा_लि	9664
नेपाली_फिल्म_अवार्डहरु	70560
जितु_नेपाल	57356
नेपाल_शसस्त्र_वनरक्षक	7107
प्रदीप_नेपाल	50681
नेपालको_भौगर्भिक_बनोट	47090
नेपालमा_रेल	9494
नेपालका_राष्ट्रिय_विभूतिहरू	55200
आधुनिक_नेपाली_साहित्यको_एक_झलक	45651
नेपाल_कानून_पत्रिका_(पत्रिका)	11331
नेपाली_भाषा_बुलेटिन_(पत्रिका)	11524
नेपाल_आवास_विकास_फाइनान्स_लिमिटेड	43815
नेपाली_कांग्रेसका_संविधान_सभासद	14314
नेपालका_राष्ट्रिय_निकुञ्जहरूको_सूची	67959
नेपाली_चाडहरूको_सूची	19187
नेपाल_स्टक_एक्सचेन्ज_लिमिटेड	8633
नेपाल_मेगा_कलेज	44187
नेपाल_कम्युनिष्ट_पार्टी_(मार्क्सवादी)	47561
हाम्रो_नेपाल_(पत्रिका)	11182
अन्तिम_नेपाल_तिब्बत_युद्ध	7137
एक्वादोर-नेपाल_कूटनीतिक_सम्बन्ध	6488
नेपालका_अञ्चलहरू	3297
रेडियो_नेपाल	9048
अखिल_नेपाल_राष्ट्रिय_स्वतन्त्र_विद्यार्थी_युनियन_(क्रान्तिकारी)	42538
नेपाली_फुलबुट्टा	56348
नेपाल_जनसमावेशी_एकता_पार्टी	61028
कम्पनी_रजिष्ट्रारको_कार्यालय,_नेपाल	8580
नेपालका_शहरहरूको_सूची	68301
नेपाल_सशस्त्र_प्रहरी_बल	7111
लोक_कल्याणकारी_जनता_पार्टी_नेपाल	47595
नेपाल_टेलिभिजनमा_प्रसारण_हुने_कार्यक्रमहरू	60928
कार्टुनिष्ट_क्लब_अफ_नेपाल	57816
नेपाल_एक्सप्रेस_फाइनान्स_लिमिटेड	43874
नेपाली_इकोनमिक_रिभ्यू_(पत्रिका)	11658
नेपाल_इन्टरनेट_एक्सचेन्ज	55505
हिन्दू_प्रजातान्त्रिक_पार्टी_नेपाल	61018
होन्डुरस-नेपाल_कूटनीतिक_सम्बन्ध	6489
नेपाली_साहित्यको_संक्षिप्त_इतिहास	45694
नेपालआमा_पार्टी	61002
नेपाल_वित्तीय_प्रतिवेदन_मानहरु	62012
नेपालको_लोकतन्त्र_दिवस	47285
नेपाल_चेम्बर_अफ_कमर्स	53845
नेपालका_राष्ट्रपति	17898
नेपाल_राष्ट्रिय_यातायात_विकास_दल	61082
नेपाल_प्रिमियर_लिग	62647
नेपाल_उद्योग_वाणिज्य_महासंघ	9197
नेपाल_कन्जुमर_डेभलपमेण्ट_बैंक_लिमिटेड	43802
जनमोर्चा_नेपाल	42548
नेपाली_साहित्य_परिषद	4993
नेपाली_भाषा	3296
नेपालको_बजेट_भाषण	57412
इन्टरनेट_सोसाइटी_नेपाल	53738
नेपाली_जनता_पार्टी	61150
शिवसेना_नेपाल	47558
केशवप्रसाद_नेपाल	10602
मेघराज_शर्मा_नेपाल	23230
प्रथम_नेपाली_महिलाहरू	6939
नेपाल_इन्जिनियरिङ्ग_कन्सल्टेन्सी_सेवा_केन्द्र	13350
प्राचीन_नेपाल_(पत्रिका)	11628
नेपाली_कथाको_कथा	45685
नेपालका_प्रसिद्ध_भवनहरू	13453
नेपाल_आमा_(बालगीत)	45462
युवा_समाज_नेपाल_नारायणगढ	8771
अखण्ड_नेपाल_पार्टी	60959
राष्ट्रसंघीय_शान्ति_स्थापना_कार्यमा_नेपालको_भूमिका	15353
नेपाली_विकिपिडिया	76337
युनिकोडमा_नेपाली_भाषाको_प्रयोग_र_समसामयिक_आवश्यकता	69010
केन्द्रिय_कानुन_पुस्तकालय,_नेपाल	8439
उषा_नेपाल	54875
समकालीन_नेपाली_साहित्य	58060
नेपालको_राष्ट्रिय_गान	822
कूल_प्रसाद_नेपाल	14797
हैदरवाद_समनमा_शाही_नेपाली_सेना	7143
नेपाल_सद्भावना_पार्टी	60981
नेपाल_कम्युनिष्ट_पार्टी_(मार्क्सवादी-लेनिनवादी)	47551
सेलेक्टेड_स्टोरिज_फ्रम_नेपाल	46653
नेपाल_वायुसेवा_निगम_विमान_दुर्घटना_२_जेठ_२०७०	55415
नेपालको_छापाखानाको_इतिहास	55425
इन्द्रावती_नदी,_नेपाल	8829
केही_नेपाली_नाटक	45665
नेपालमा_विद्यालयको_तहगत_संरचना	70630
नेपाली_ब्लग	7069
भारतमा_प्रथम_नेपाली	49376
नेपाल_शेयर_मार्केट्स_एण्ड_फाइनान्स_लिमिटेड	43820
मधेसी_जन_अधिकार_फोरम,_नेपाल	47559
इमेज_समाचार_एफएम_(नेपाल)	60945
नेपाली_प्रवेशिका	45463
नेपालको_ईतिहास	2007
विशाल_नेपाल	6824
नेपाल_युवक_संघ_वुलेटिन_(पत्रिका)	11784
प्रभासी_नेपाली_(पत्रिका)	11629
लभ_इन_नेपाल	14829
नेपाली_शब्दसागर	8801
