Malindi_(Kenya)	18981
Kigoma_(mji)	7143
Hifadhi_ya_Ruaha	33043
Mpigi	41638
Kabale	41685
Kayunga	41631
Daraja_jipya_la_Ruvu	68690
Ihanja	22643
Ruaha_Mkuu	20426
Wilaya_ya_Busia,_Uganda	41068
Kilomeni	21072
Kerugoya	28350
Milima_ya_Udzungwa	32837
Soko_la_Hisa_la_Uganda	8115
Moyale	28502
Themi	20654
Wizara_ya_Ushirikiano_wa_Afrika_ya_Mashariki	27738
El_Wak	28536
Uwanja_wa_ndege_wa_Kilwa_Masoko	68676
Wilaya_ya_Kilosa	6847
Wizara_ya_Maendeleo_ya_Jamii,_Jinsia_na_Watoto	27727
Wilaya_ya_Mpigi	41041
Mkoa_wa_Nyanza	9751
Wilaya_ya_Mlima_Elgon	27165
Katakwi	41655
Mbelekese	22593
Lolkisale	20532
Hifadhi_ya_Katavi	33026
Baragoi	26386
Wilaya_ya_Yumbe	41076
Wilaya_ya_Ilala	7109
Daraja_la_Selander	68692
Bahi	20729
Mkoa_wa_Dar_es_Salaam	2055
Boma_la_Yesu	18455
Liwale	7081
Mado_Gashi	28498
Tororo	41662
Wilaya_ya_Kapchorwa	41061
Kiteto	5846
Chepkoya	28513
Kilindi	2563
Wilaya_ya_Marakwet	27133
Victoria_(ziwa)	1984
Mrijo	20836
Wilaya_ya_Kinondoni	7106
Kidaru	22587
Kisaki	20349
Wilaya_ya_Tarime	20177
Inyala	20001
Tanganyika_(ziwa)	2400
Shule_ya_Upili_ya_Nyeri	34056
Milima_ya_Usambara	54195
Ngimu	22661
Wilaya_ya_Kwimba	20673
Mbozi	6987
Iringa_(mji)	19992
Soroti	40988
Usa_River	20579
Nzega	6962
Wilaya_ya_Hai	20990
Wilaya_ya_Mbarara	41103
Kibwezi	28493
Makambako	19854
Dar_es_Salaam_Institute_of_Technology	32021
Wilaya_ya_Lira	41085
Kigwe	20750
Nebbi	41676
Daraja_la_Songwe	68688
Kawe	18911
Kilimanjaro_(Moshi_mjini)	21067
Wilaya_ya_Gucha	27174
Wilaya_ya_Babati	5850
Hifadhi_ya_Ziwa_Manyara	33029
Babayu	20728
Vilima_vya_ngong	32553
Daraja_la_Sibiti	68697
Wilaya_ya_Butaleja	41067
Mbale	10040
Naivasha	28422
Somangira	18963
Shule_ya_Hillcrest_(Nairobi,_Kenya)	34037
Mangonyi	22641
Jangalo	20820
Maswa	6921
Bushenyi	41682
Chuo_cha_Kianda	33994
Tunduma	19585
Kapsabet	28394
Azania_Front_Lutheran_Church	36038
Madibira	20274
Mpuguso	20065
Buguruni	18895
Jimbo_Katoliki_la_Lodwar	74329
Bomas_of_Kenya	14216
Kitale	28403
Kiwira	20056
Sanzawa	20840
Wilaya_ya_Ludewa	7027
Ngozi_(mlima)	70604
Wilaya_ya_Tharaka	27120
Mtinko	22656
Ibanda	41684
Mbagala	18910
Embu	10320
Kimara	18948
Kyimo	20057
Ulemo	22606
Ol_Donyo_Sabuk	28369
Mityana	41637
Imalinyi	19847
Gombe	32807
Suruke	20842
Athi	2016
Ziwa_Natron	32398
Diani_Beach	26390
Kapsowar	28396
Wilaya_ya_Ilemela	7156
Dungunyi	22638
Mkoa_wa_Mbeya	1950
Arua	41668
Wilaya_ya_Laikipia	27132
Wilaya_ya_Mityana	41042
Bukoba_(mji)	7144
Selous	3000
Wilaya_ya_Abim	41098
Amuria	41644
Kyenjojo	41695
Daraja_la_Rusumo	68691
Ilongero	22647
Kipili	22811
Msasani	18896
Kolo	20826
Wilaya_ya_Keiyo	27129
Ziwa_Naivasha	31892
Wilaya_ya_Pokot_Magharibi	27137
Wilaya_ya_Arua	41092
Idifu	20744
Kiruhura	41691
Chuo_Kikuu_cha_Teofilo_Kisanji	14183
Magara	21168
Kimwarer	28401
Kit_Mikayi	34334
Michoro_ya_Kondoa	56567
Chuo_Kikuu_cha_Kabarak	34304
Mkoa_wa_Rukwa	2248
Metkei	28420
Rungwe_(wilaya)	2569
Mbeya_Mjini	6981
Chuo_Kikuu_cha_Moi	33461
Kapchemoiywo	28390
Moshi_(mji)	6844
Changach	28371
Moshi_Vijijini	6842
Wilaya_ya_Nebbi	41080
Kampuni_ya_Sukari_ya_Mumias	34110
Wilaya_ya_Taita-Taveta	27196
Mkoa_wa_Kilimanjaro	2269
Wilaya_ya_Koboko	41087
Hospitali_ya_Nairobi	33165
Ruanda_(Mbeya)	20291
Wilaya_ya_Nyandarua	27154
Chilonwa	20734
Butere	26388
Hifadhi_ya_kisiwa_cha_Rubondo	32950
Kigamboni	18901
Ruiru	28364
Dandora	34878
Kasulu	70345
Jumba_la_makumbusho_la_Karen_Blixen	36040
Kinampanda	22588
Vihiga	28527
Wilaya_ya_Mbeere	27115
Sirari	20217
Ikama	20026
Wilaya_ya_Kalambo	64851
Chuo_Kikuu_cha_Kilimo_na_Teknolojia_cha_Jomo_Kenyatta	32913
Nakasongola	41641
Wangama	19870
Moroto	41674
Nakuru	3666
Kaberamaido	41652
Dar_es_Salaam	1790
SMS_Königsberg	39696
Wilaya_ya_Sironko	41053
Bandari_ya_Kilindini	32589
Haneti	20740
Bura,_Wilaya_ya_Taita-Taveta,_Kenya	28308
Makumbusho_ya_reli_Nairobi	65474
Uwanja_wa_Ndege_wa_Wilson_(Kenya)	32588
Kibaha_(mji)	7145
Fort_Portal	41686
Misughaa	22654
Kapalala	19958
Ziwa_Albert_(Afrika)	34539
Wilaya_ya_Ukerewe	6880
Wilaya_ya_Kasese	41110
Wilaya_ya_Maracha-Terego	41084
Msitu_wa_Kakamega	33513
Mgama	19834
Naro_Moru	28360
Arusha_(mji)	5823
Sumbawanga_Vijijini	6978
Ikolo	20027
Ishozi	21484
Loiyangalani	28496
Mkoa_wa_Dodoma	2059
Saadani	11554
Kanyuambora	28492
Chake_Chake	10140
Wilaya_ya_Arumeru	5828
Wilaya_ya_Makueni	27113
Wilaya_ya_Manafwa	41058
Mumias	28524
Mbarara	40986
Tukuyu	3027
Litembo	22109
Ileje	6986
Wilaya_ya_Mwingi	14983
Ngorongoro_(kata)	20720
Wilaya_ya_Butere/Mumias	27170
Uwanja_wa_ndege_wa_Kimataifa_wa_Jomo_Kenyatta	33626
Daraja_la_Wami	68685
Wilaya_ya_Makete	7025
Webuye	28528
Uwanja_wa_ndege_wa_Kimataifa_wa_Kilimanjaro	13347
Kasese	41689
Iramba	6927
Wilaya_ya_Lushoto	5909
Garba_Tula	28488
Mbarali	6989
Manyoni	22623
Jimbo_la_Uchaguzi_la_Gatundu_Kaskazini	35762
Kintinku	22619
Yala	28294
Mto_Kagera	1991
Wilaya_ya_Sikonge	20447
Jimbo_Kuu_la_Nairobi	64433
Wotta	20881
Wilaya_ya_Kitgum	41088
Kabarnet	28383
Daraja_la_Kirumi	68689
Karatu	20707
Hifadhi_ya_Mlima_Kilimanjaro	33028
Nachingwea	7080
Chemelil	28199
Wilaya_ya_Kibaale	41108
Hifadhi_ya_Serengeti	18627
Kilindoni	7158
Bonde_la_Ufa_la_Afrika_ya_Mashariki	15441
Uwanja_wa_ndege_wa_Songwe	68665
Kakuma	28388
Kimbiji	18964
Wilaya_ya_Kajiado	27128
Wilaya_ya_Katakwi	41060
Sironko	41661
Wakiso	40996
Mandege	20320
Hoima	41683
Ntwike	22603
Ngong,_Kenya	28426
Mkoa_wa_Simiyu	64422
Jinja	3102
Wilaya_ya_Magharibi_Unguja	21492
Wizara_ya_Mambo_ya_Ndani	27730
Wamijikenda	14223
Wilaya_ya_Kaberamaido	41064
Wilaya_ya_Mufindi	7022
Changamwe	28312
Kabula	20047
Wilaya_ya_Ijara	27148
Mkoa_wa_Morogoro	2072
Liemba_(meli)	18238
Songea_(mji)	7146
Hospitali_ya_Taifa_ya_Kenyatta	33684
Mkoa_wa_Shinyanga	2250
Bungoma	11543
Njombe	19864
Sembabule	41643
Wilaya_ya_Lyantonde	41044
Gairo	20301
Daraja_la_Mkapa	68679
Wilaya_ya_Malindi	27193
Daraja_la_Kyaka	68683
Pate	2844
Wizara_ya_Sheria_na_Katiba	27736
Wilaya_ya_Apac	41093
Mbita_Point	28229
Arusha_Chini	21023
Uwanja_wa_ndege_wa_Songea	68668
Turkana_(ziwa)	3146
Lugari	28519
Sultan_Hamud	28507
Mbuguni	20559
Merya	22640
Msangano	20262
Nyayo_House	57625
Wanging'ombe	19868
Bereko	20809
Mayuge	41658
Ubungo	18907
Taveta	28329
Malambo_(Ngorongoro)	20717
Uwanja_wa_Kimataifa_wa_Michezo_wa_Moi	36977
Jimbo_Kuu_la_Mwanza	62696
Kira,_Uganda	40993
Buliisa	41680
Itunundu	19824
Chuo_Kikuu_cha_Tumaini	8191
Kalenga	19826
Aga_Khan_Academy,_Mombasa	34080
Kondoa_Mjini	20827
Gare	18983
Wilaya_ya_Mpwapwa	5821
Ikuti	20042
Mkomazi	19037
Wilaya_ya_Trans_Mara	27140
Kenya	1676
Ikowa	20746
Embobut	28379
Wilaya_ya_Buliisa	41120
Palma_(Msumbiji)	42044
Bomet	28370
Kumi_(Uganda)	41656
Wilaya_ya_Maragua	27152
Manda_(kisiwa)	25354
Uwanja_wa_Ndege_wa_Kimataifa_wa_Entebbe	34025
Kalangala	41630
Eldama_Ravine	28376
Garissa	14353
Takaungu	28327
Hifadhi_ya_Kitulo	33119
Rombo	5613
Bunju	18918
Kaabong	41670
Wilaya_ya_Temeke	7110
Jimbo_Kuu_la_Nyeri	74228
Kamuli,_Uganda	41700
Narok	28425
Wilaya_ya_Masindi	41104
Nyahururu	28427
Wilaya_ya_Kyela	6985
Lalta	20830
Uwanja_wa_Nyayo	32503
Wilaya_ya_Nyando	27181
Wilaya_ya_Narok	27136
Farkwa	20816
Mto_wa_Nzoia	33672
Hola	28314
Nduli	19837
Lerata	28411
Likoni	28317
Butaleja	41650
Kilgoris	28400
Bura,_Wilaya_ya_Mto_Tana,_Kenya	28309
Ludewa	19905
Bustani_ya_Jeevanjee	66359
Mkoa_wa_Pwani_(Kenya)	9747
Ifakara	19860
Uwanja_wa_ndege_wa_Mafia	68675
Lokichokio	28415
Bamburi	28307
Soit_Sambu	20726
Safu_ya_Ruwenzori	11583
Uwanja_wa_ndege_wa_Pemba	68671
Umoja,_Kenya	28432
Wizara_ya_Viwanda,_Biashara_na_Masoko	27739
Maseno	28216
Liuli	22112
Mtipa	22575
Wilaya_ya_Moroto	41083
Westgate	57621
Lodwar	28414
Uwanja_wa_Ndege_wa_Kimataifa_wa_Eldoret	46050
Kilwa_Masoko	2381
Chuo_Kikuu_cha_Kyambogo	36200
Oyam	41677
Igandu	20745
Kurasini	18903
Nansana	40995
Mkoa_wa_Iringa	2050
Wilaya_ya_Mbale	41056
Kharumwa	21381
Ilindi	20747
Nyamira	28256
Bukwa	41649
Kakamega	10329
Gatundu	28368
Matale_(Monduli)	20534
Lumuma_(Mpwapwa)	20871
Lamu	9739
Mkoa_wa_Tabora	2069
Tana_(mto)	3119
Chuo_Kikuu_cha_Kenyatta	34102
Luanda,_Kenya	28518
Wilaya_ya_Turkana	27141
Sengerema	6884
Daraja_la_Mbutu	68695
Mkoa_wa_Unguja_Kusini	2328
Rudi	20879
Kaimosi	28514
Mkoa_wa_Kigoma	2231
Loliondo	30228
Shule_ya_Brookhouse	34028
Olduvai_Gorge	34326
Hifadhi_ya_Mkomazi	33242
Kandete	20049
Ndago	22600
Wilaya_ya_Lugari	27164
Thika	28367
Musoma_(mji)	20097
Mikumi	20323
Kilifi	23212
Nzihi	19838
Wilaya_ya_Suba	27184
Suji	21104
Kilimanjaro_(mlima)	1751
Hifadhi_ya_Mikumi	32833
Wilaya_ya_Bushenyi	41118
Migori	28240
Shule_ya_Upili_ya_Wavulana_ya_Starehe	33558
Msingi	22595
Wilaya_ya_Misungwi	20675
Engaruka	20526
Elgon_(mlima)	11545
Wilaya_ya_Thika	27156
Uwanja_wa_ndege_wa_Kigoma	46035
Nairobi	1792
Wilaya_ya_Ibanda	41116
Matema	20035
Wilaya_ya_Moyo	41082
Mkoa_wa_Mwanza	2259
Mungaa	22659
Foresti_(Mbeya_mjini)	19441
Tala,_Kenya	28508
Paje	21877
Segala	20777
Madukani	20791
Maralal	28418
Uwanja_wa_ndege_wa_Arusha	46034
Wilaya_ya_Ntungamo	41101
Bukhungu_Stadium	36968
Kitumbeine	20531
Pangani_(mto)	2137
Mtekente	22596
Abim	41663
Lindi_Mjini	7075
Sejeli	20893
Mkokotoni	21687
Vwawa	20271
Kamacharia	28347
Nduguti	22601
Pugu	18925
Jimbo_Kuu_la_Dar-es-Salaam	62149
Makuru	22622
Wilaya_ya_Murang'a	27153
Wilaya_ya_Busia,_Kenya	33831
Ziwa_Elementaita	36172
Ikungi	22645
Kibakwe_(Tanzania)	20868
Hifadhi_ya_kisiwa_cha_Saanane	32948
Port_Bell	2011
Katumba_(Rungwe)	20845
Lugalo	18919
Iringa_Mvumi	20748
Morogoro_(mji)	5811
Wilaya_ya_Kiambu	27157
Chihanga	20780
Hifadhi_ya_Taifa_ya_Tsavo_Mashariki	35118
Butiama	13564
Mkoa_wa_Mtwara	2161
Daraja_la_Kikwete	68693
Wilaya_ya_Kahama	21116
Igurusi	20273
Sikonge	6966
Nchi_za_Maziwa_Makuu	1757
Amolatar	41665
Wilaya_ya_Nyamira	27180
Mlunduzi	20877
Dareda	21162
Jimbo_Kuu_la_Kisumu	64451
Kitgum	41671
Wilaya_ya_Nandi	27135
Wilaya_ya_Uyui	20450
Gatuyaini	28345
Saja	19865
Ngara	7101
Daraja_la_Kilombero	68694
Wajir	28532
Uwanja_wa_ndege_wa_Ziwa_Manyara	68716
Ngorongoro	10167
Lukuledi	7582
Wilaya_ya_Mbinga	21274
Itigi	22617
Kidatu	17435
Kiambu	28351
Bugiri	41647
Hifadhi_ya_Taifa_ya_Hell's_Gate	36814
Tabata	13519
Iganga	41651
Wilaya_ya_Namutumba	41055
Wilaya_ya_Ngorongoro	5831
Uwanja_wa_ndege_wa_Mtwara	57835
Zanka	20778
Nyamninia	28262
Uwanja_wa_ndege_wa_Musoma	68672
Entebbe	11566
Tabora_(mji)	17393
Wilaya_ya_Unguja_Mjini	7127
Uhuru_Gardens	34340
Berege	20864
Magadi,_Kenya	28417
Ngara_Mjini	21591
Pemba_(kisiwa)	2307
Wilaya_ya_Kanungu	41111
Lindi_(mji)	7148
Bariadi	6915
Kisongo_(Arusha)	20553
Wilaya_ya_Wakiso	41032
Izazi	19825
Koani	21891
Koboko	41672
Wilaya_ya_Handeni	2565
Shirika_la_Huduma_kwa_Wanyama_Pori_ya_Kenya	36335
Wilaya_ya_Buret	27127
Sanjaranda	22628
Mkoa_wa_Mashariki_(Kenya)	10318
Uwanja_wa_ndege_wa_Mwanza	46036
Terrat	20653
Wilaya_ya_Homa_Bay	27175
Mpeketoni	28321
Shelui	22604
Kikore	20823
Jimbo_Kuu_la_Dodoma	73479
Mkoa_wa_Mara	2175
Simanjiro	5847
Port_Reitz	28325
Wilaya_ya_Rachuonyo	27182
Wilaya_ya_Bomet	27125
Iringa_Vijijini	7030
Kericho	14356
Ikinga	20072
Mvomero	19805
Kansay	20706
Eldoret	3665
Masasi	7083
Ruhuhu_(mto)	55916
Wilaya_ya_Amuria	41075
Kapchorwa	41654
Solai	28431
Kizimkazi_Mkunguni	21869
Mima	20876
Wilaya_ya_Mwanga	6845
Itiso	20749
Wilaya_ya_Tunduru	21275
Simiyu	65035
Ziwa_Kyoga	34617
Rukungiri	41699
Mkinga	19060
Kandara	28348
Mdandu	19859
Gumanga	22582
Nyang’oma_Kogelo	28265
Mtwango_(Njombe)	19871
Wilaya_ya_Mubende	41040
Tanzania	1191
Chuo_Kikuu_cha_Maseno	33488
Masoko_(Rungwe)	16334
Chuo_Kikuu_cha_Dar_es_Salaam	9523
Wilaya_ya_Nangade	42024
Wilaya_ya_Nyeri	27155
Benki_Kuu_ya_Tanzania	8125
Mwada	21171
Wilaya_ya_Biharamulo	8371
Mkonze	20798
Ziwa_Nakuru	32407
Wilaya_ya_Isiolo	27109
Wilaya_ya_Palma	42025
Kitui	28494
Chuo_Kikuu_cha_Nairobi	12942
Kaliro	41653
Ruvuma_(mto)	3086
Siaya	28283
Mazinde	19036
Wilaya_ya_Jinja	41065
Wilaya_ya_Kakamega	27163
Mandera	28533
Kongwa	20886
Wilaya_ya_Migori	27179
Bukedea	41648
Kisii	28214
Mto_Nairobi	34119
Rungwe_(mlima)	3011
Mwansanga	20287
Riroda	21174
Morogoro_Vijijini	6852
Endabash	20703
Shaba,_Kenya	28430
Rakai	41642
Mkoa_wa_Magharibi_(Kenya)	10328
Kamwenge	41687
Bwejuu	21861
Wilaya_ya_Isingiro	41115
Shule_ya_Upili_ya_Kisii	33716
Ndembezi	22754
Wilaya_ya_Kwale	27192
Wilaya_ya_Marsabit	27114
Mradi_wa_Umoja_wa_Mataifa_Kuhusu_Mazingira	13832
Machakos	10322
Wilaya_ya_Dodoma_Mjini	5820
Sumbawanga_Mjini	6975
Embakasi_(Nairobi)	34877
Wilaya_ya_Mukono	41039
Wilaya_ya_Bugiri	41072
Westlands_(Nairobi)	10567
Mshindo	20401
Kisiwa_cha_Migingo	34940
Goima	20817
Wilaya_ya_Koibatek	27131
Kimondo_cha_Mbozi	22044
Chamkoroma	20882
Manafwa	41657
Kilwa_Kivinje	2379
Ipinda	20029
Pader	41678
Mundemu	20770
Jimbo_Kuu_la_Arusha	64432
Meru_(Kenya)	14991
Wilaya_ya_Lamu	9748
Mkoa_wa_Bonde_la_Ufa	10044
Mkoa_wa_Manyara	2255
Wilaya_ya_Kyenjojo	41105
Kisiwa_cha_Mafia	2398
Daraja_la_Kigamboni	68686
Namanga	20539
Mkoa_wa_Lindi	2128
Gedi	14800
Mabibo	18920
Dabil	21161
Molo,_Kenya	28421
Geita	6885
Uwanja_wa_ndege_wa_Bukoba	68752
Mlowo	20261
Kilwa_Kisiwani	2165
Ipala	20784
Mwanza_(mji)	7149
Wilaya_ya_Kiboga	41046
Gilgil	28380
Iguguno	22584
Tsavo_(mto)	13527
Wilaya_ya_Mandera	27149
Sacho	28429
Busia,_Kenya	28512
Mkoa_wa_Unguja_Mjini_Magharibi	2275
Mkoa_wa_Pwani	2253
Yakobi	19869
Rasi_Delgado	7659
Wilaya_ya_Muheza	5905
Kotido	41673
Ndumberi	28361
Wilaya_ya_Namtumbo	21273
Wilaya_ya_Meru_Kati	27116
Ziwa_Edward	34725
Hombolo	20783
Wilaya_ya_Bondo	27185
Mkoa_wa_Pemba_Kusini	2324
Dodoma_vijijini	5819
Wilaya_ya_Magu	20668
Kasubi	3170
Kaliua	22785
Nkonko	22626
Mabatini_(Mbeya_mjini)	19472
Wilaya_ya_Njombe	7026
Kapenguria	28392
Kiamokama	28212
Kigonsera	22098
Ntungamo	41698
Haubi	20819
Ruiwa	20279
Songea_Mjini	7031
Rukwa_(ziwa)	3131
Wilaya_ya_Urambo	20446
Idodi	19821
Ilembula	19848
Wilaya_ya_Budaka	41074
Issuna	22649
Wilaya_ya_Pallisa	41054
Igawilo	19437
Njoro	21064
Wilaya_ya_Bukedea	41071
Kabartonjo	28384
Kituo_cha_Mikutano_cha_Kimataifa_cha_Arusha	68713
Wilaya_ya_Meru_Kaskazini	27117
Miburani	18969
Misikhu	28523
Wilaya_ya_Kilifi	27189
Nkoaranga	20568
Makuro	22642
Mkoa_wa_Arusha	1953
Limuru	28355
Uwanja_wa_ndege_wa_Shinyanga	68669
Maragua	28356
Ziwa_Bogoria	32439
Zanzibar_(Jiji)	2273
Pallisa	41660
Mlangali_(Mbozi)	20260
Wilaya_ya_Kiruhura	41107
Wasa	19840
Siakago	28506
Gör_Mahia	35818
Chuka	28486
Wilaya_ya_Kuria	27178
Mukaa	28504
Ajali_ya_Helikopta_ya_Polisi_2012,_Kenya	66123
Ijara	28535
Huzi	20741
Arash	20713
International_School_of_Kenya	34052
Wilaya_ya_Arusha_Mjini	5829
Sagana	28365
Wilaya_ya_Moyale	27119
Othaya	28363
Ulenje	20010
Mkoa_wa_Pemba_Kaskazini	2325
Litein	28413
Wilaya_ya_Mkoani	7115
Wilaya_ya_Rukungiri	41099
Sarit_Center	57622
Kitogani	21867
Wilaya_ya_Kampala	41048
Wilaya_ya_Igunga	20449
Wizara_ya_Maendeleo_ya_Mifugo_na_Uvuvi	27733
Mukurwe-ini	28357
Wilaya_ya_Kisarawe	19358
Msamalo	20767
Singida_Mjini	6932
Kajiado	28386
Masindi	41697
Masaka	40989
Mji_Mwema	18978
Buganda	3531
Malaba,_Kenya	28520
Oldeani	20710
Zoissa	20895
Nondwa	20776
Kendu_Bay	28211
Kiwayu	28316
Chuo_Kikuu_cha_Kikristo_cha_Pan_Africa	34140
Wilaya_ya_Soroti	41052
Uwanja_wa_ndege_wa_Kimataifa_wa_Abeid_Amani_Karume	46037
Mikindani	17407
Wilaya_ya_Kitui	27111
Wundanyi	28332
Matomondo	20873
Ibihwa	20742
Iten	28382
Toangoma	18968
Wilaya_ya_Amuru	41094
Mkoa_wa_Unguja_Kaskazini	2326
Wilaya_ya_Kamuli	41062
Kisiriri	22591
Makorongo	20831
Wilaya_ya_Kondoa	5817
Budaka	41645
Njoge	20890
Magugu_(Babati)	21169
Chuo_Kikuu_cha_Strathmore	32319
Babati	5825
Shinyanga_(mji)	7142
Wilaya_ya_Amolatar	41096
Uganda	2048
Shimoni	28326
Ujiji	7163
Wilaya_ya_Nakasongola	41037
Majiri	22620
Yumbe	41679
Puma	22663
Sinza	18900
Wilaya_ya_Rakai	41036
Sepuka	22664
Dokolo	41669
Daraja_la_Kimataifa_la_Rusumo	68696
Wilaya_ya_Gairo	64847
Kalinzi	20915
Mgori	22639
Kabete	28346
Masange	20832
Lira,_Uganda	40990
Mkoa_wa_Kati_(Kenya)	10310
Uwanja_wa_Ndege_wa_Kimataifa_wa_Moi	46056
Mkoa_wa_Tanga	2150
Utalii_nchini_Kenya	32559
Wilaya_ya_Kisoro	41106
Daraja_la_Umoja	39546
Bondo,_Kenya	28198
Kiomboi	22590
Kapsokwony	28515
Masukulu	20063
Hogoro	20883
Wilaya_ya_Kericho	27130
Wilaya_ya_Kotido	41086
Lusungo	20033
Mkoa_wa_Kagera	1992
Wilaya_ya_Wanging'ombe	64823
Londiani	28416
Mpanda	6979
Mkoa_wa_Singida	2042
Kampala	2368
Kaptarakwa	28399
Pangani_(mji)	2140
Hospitali_ya_Ocean_Road	36192
Uwanja_wa_ndege_wa_Tanga	68664
Wizara_ya_Nishati_na_Madini	27735
Wilaya_ya_Iganga	41066
Uwanja_wa_ndege_wa_Kimataifa_wa_Julius_Nyerere	13361
Lyantonde	41635
Wilaya_ya_Pader	41078
Wilaya_ya_Wajir	27147
Iringa_Mjini	7029
Kituo_cha_Mikutano_cha_Kimataifa_cha_Julius_Nyerere	68712
Chuo_Kikuu_cha_Dodoma	33916
Longido	7160
Wilaya_ya_Sembabule	41035
Jimbo_la_Uchaguzi_la_Nakuru_Town	35698
Namutumba	41659
Lamu_(kisiwa)	2843
Athi_River	28484
Wilaya_ya_Adjumani	41097
Jendele	21897
Busia,_Uganda	33690
Mlima_Longonot	36891
Eastleigh_(Nairobi)	10621
Wilaya_ya_Kamwenge	41112
Mgandu	22625
Ikulu_ya_Tanzania	36191
Mbulumbulu	20709
Wizara_ya_Fedha_na_Uchumi	27723
Ukonga	18924
Nakaseke	41640
Homa_Bay	28201
Mtito_Andei	28503
Wilaya_ya_Bungoma	27162
Lilambo	26343
Wilaya_ya_Bukwa	41070
Wilaya_ya_Mbulu	5852
Uwanja_wa_ndege_wa_Mpanda	68673
Liboi	28534
Hifadhi_ya_Arusha	33018
Jimbo_kuu_la_Songea	62264
Apac	41667
Mlima_Kenya	2772
Madunga	21167
Wilaya_ya_Samburu	27138
Chuo_Kikuu_cha_Egerton	33084
Wilaya_ya_Gulu	41090
Nungwi	21690
Mkoa_wa_Ruvuma	2225
Wilaya_ya_Tororo	41050
Murang'a	28359
Muhoroni	28247
Chukwani	21627
Wilaya_ya_Nakuru	27134
Dodoma_(mji)	2789
Sudi	19523
Takwa	28328
Wilaya_ya_Garissa	27146
Milima_ya_Mahale	32803
Mbweni	18945
Kiboga_(Uganda)	41632
Wilaya_ya_Kilolo	7028
Chuo_Kikuu_Huria_cha_Tanzania	33901
Jimbo_Kuu_la_Mombasa	74227
Ukumbi_wa_Mikutano_wa_Kimataifa_wa_Kenyatta	34351
Chandama	20812
Ivuna	20256
Mubende	41639
Kikuyu	28354
Nainokanoka	20718
Wilaya_ya_Bunda	6895
Wilaya_ya_Monduli	5827
Sanza	22629
Mji_wa_Kale_(Mombasa)	28320
Wilaya_ya_Nakapiripirit	41081
Ibaba	20071
Wilaya_ya_Luweero	41045
Chuo_Kikuu_cha_Sokoine_cha_Kilimo_(SUA)	7634
Wilaya_ya_Kaabong	41089
Wilaya_ya_Karagwe	8365
Uwanja_wa_ndege_wa_Tabora	68666
Chogoria	28485
Mchikichini	18928
Wilaya_ya_Meru_Kusini	27118
Wilaya_ya_Vihiga	27167
Wilaya_ya_Kabarole	41113
Rubeho	20326
Kamsamba	20258
Digodigo	20714
Watamu	28331
Temeke_(kata)	18970
Jimbo_Katoliki_la_Zanzibar	62263
Tandika	18904
Milima_Aberdare	36107
Wilaya_ya_Hoima	41117
Mwaya	20036
Wote	28509
Wilaya_ya_Kongwa	5822
Kibera_(Nairobi)	11532
Wilaya_ya_Serengeti	6898
Mto_wa_Mbu	20538
Wilaya_ya_Kabale	41114
Kisoro	41692
Wilaya_ya_Trans-Nzoia	27139
Wilaya_ya_Uasin_Gishu	27142
Mariakani	28319
Tudor,_Mombasa	28330
Mlima_Meru	33249
Dadaab	26389
Luweero	41633
Wilaya_ya_Oyam	41079
Wilaya_ya_Manyoni	21280
Nyalenda	28252
Mwanga_(Iramba)	22598
Chuo_Kikuu_cha_Makerere	2375
Mawindi	20277
Ufana	21177
Oyugis	28277
Peramiho	18670
Msitu_wa_Mau	32478
Shule_ya_Strathmore	34641
Wilaya_ya_Kirinyaga	27151
Morogoro_Mjini	6853
Matemanga	22077
Wilaya_ya_Kaliro	41063
Mombasa	1677
Dawsonville,_Kenya	28374
Ovada	20837
Wilaya_ya_Baringo	27124
Bundibugyo	41681
Uroa	21907
Nanyuki	12442
Wizara_ya_Mambo_ya_Nje_na_Ushirikiano_wa_Kimataifa	27731
Wilaya_ya_Embu	27107
Lupata	20059
Uwanja_wa_ndege_wa_Sumbawanga	68667
Sagara	20892
Karatina	28349
Mtwara_(mji)	7147
Ogembo	28273
Wilaya_ya_Karatu	5832
Kimilili	28517
Jimbo_Katoliki_la_Bungoma	74322
Wilaya_ya_Machakos	27112
Olmolog	20540
Uwanja_wa_ndege_wa_Iringa	68677
Mwatate	28323
Wilaya_ya_Same	6846
Wilaya_ya_Wete	7111
Ziwa_Magadi	41449
Wilaya_ya_Mayuge	41057
Wilaya_ya_Dokolo	41091
Mashambulio_ya_kigaidi_ya_7_Agosti_1998_katika_Afrika_ya_Mashariki	57475
Voi	14798
Ahero	28197
Uyole	19475
Hifadhi_ya_Taifa_ya_Tsavo_Magharibi	35120
Wilaya_ya_Mueda	42021
Kijabe	28353
Mtwapa	28322
Wilaya_ya_Mto_Tana	27195
Handali	20739
Poli_(Arumeru)	20658
Gulu	40984
Dagoretti	35901
Songwe_(mto)	3256
Mkoa_wa_Kaskazini-Mashariki_(Kenya)	2338
Mbale,_Kenya	28522
Korogwe_(mji)	7159
Ol_Kalou	28362
Wilaya_ya_Kumi	41059
Sumbawanga_(mji)	7150
Mudida	22657
Isinya	28381
Wilaya_ya_Kayunga	41047
Uvinza	20932
Hifadhi_ya_Tarangire	33118
Massa	20872
Wilaya_ya_Masaka	41043
Wilaya_ya_Bududa	41073
Mbeya_(mji)	3026
Nkoanrua	20567
Muhimbili	5575
Shule_ya_Lenana	33477
Wilaya_ya_Kalangala	41049
Mbamba_Bay	22116
Bagamoyo_(mji)	2737
Santilya	20008
Wilaya_ya_Bundibugyo	41119
Kariobangi	13386
Buigiri	20730
Wizara_ya_Ardhi,_Nyumba_na_Maendeleo_ya_Makazi	27721
Tanga_(mji)	5288
Nansio	21246
Unguja	2270
Wilaya_ya_Siaya	27183
Wilaya_ya_Mombasa	27194
Nyeri	10330
Bububu	21598
Kibara	20145
Adjumani	41664
Mtama_(kata)	19525
Isiolo	28491
Bududa	41646
Wilaya_ya_Kilwa	2380
Ugunja	28287
Wilaya_ya_Hanang	5849
Hifadhi_ya_Taifa_ya_Ziwa_Nakuru	39790
Chunya_(wilaya)	6988
Kerio_(mto)	10462
Uwanja_wa_ndege_wa_Moshi	68674
Itende	19433
Kunduchi	18916
Wilaya_ya_Nakaseke	41038
Wilaya_ya_Mafia	2399
Ulanga	6854
Ntuntu	22662
Kisumu	9753
Mwingi	28505
Mukono	40987
Wilaya_ya_Muleba	21294
Mantare	21428
Kanungu	41688
Wilaya_ya_Kisii_Kati	27176
Masai_Mara	33483
Jangwa_la_Chalbi	33516
Kilima_cha_Hyrax	36056
Mueda	42040
Jamhuri_ya_Watu_wa_Zanzibar	2006
Rujewa	20280
Kigogo_(Kinondoni)	40465
Marsabit	28500
Kibaale	41690
Ol_Doinyo_Lengai	2727
Pahi	20838
Wilaya_ya_Shinyanga_Mjini	20930
Rufiji_(mto)	3088
